INFO:numexpr.utils:Note: NumExpr detected 64 cores but "NUMEXPR_MAX_THREADS" not set, so enforcing safe limit of 8.
INFO:numexpr.utils:NumExpr defaulting to 8 threads.
Building DAG of jobs...
WARNING:snakemake.logging:Building DAG of jobs...
Using shell: /cvmfs/soft.ccr.buffalo.edu/versions/2023.01/compat/bin/bash
WARNING:snakemake.logging:Using shell: /cvmfs/soft.ccr.buffalo.edu/versions/2023.01/compat/bin/bash
Provided cluster nodes: 950
WARNING:snakemake.logging:Provided cluster nodes: 950
Job stats:
job                              count    min threads    max threads
-----------------------------  -------  -------------  -------------
all                                  1              1              1
alt_TSS_polyA_kallisto            3456             16             16
alt_TSS_polyA_kallisto_index         4              1              1
alt_TSS_polyA_pheno_groups           2              1              1
alt_TSS_polyA_transcript_seqs        4              1              1
assemble_alt_TSS_polyA_bed           2              1              1
assemble_expression_bed              1              1              1
assemble_splicing_bed                1              1              1
assemble_stability_bed               1              1              1
cluster_junctions                    1              1              1
index_bam                           12              8              8
index_bed                            6              1              1
isoforms_pheno_groups                1              1              1
kallisto                             2             16             16
normalize_alt_TSS_polyA              2              1              1
normalize_expression                 1              1              1
normalize_isoforms                   1              1              1
normalize_splicing                   1              1              1
normalize_stability                  1              1              1
regtools_junctions                  13              1              1
run_featureCounts                   24              8              8
splicing_pheno_groups                1              1              1
txrevise_construct_events          100              1              1
txrevise_merge_gff_files             4              1              1
total                             3642              1             16

WARNING:snakemake.logging:Job stats:
job                              count    min threads    max threads
-----------------------------  -------  -------------  -------------
all                                  1              1              1
alt_TSS_polyA_kallisto            3456             16             16
alt_TSS_polyA_kallisto_index         4              1              1
alt_TSS_polyA_pheno_groups           2              1              1
alt_TSS_polyA_transcript_seqs        4              1              1
assemble_alt_TSS_polyA_bed           2              1              1
assemble_expression_bed              1              1              1
assemble_splicing_bed                1              1              1
assemble_stability_bed               1              1              1
cluster_junctions                    1              1              1
index_bam                           12              8              8
index_bed                            6              1              1
isoforms_pheno_groups                1              1              1
kallisto                             2             16             16
normalize_alt_TSS_polyA              2              1              1
normalize_expression                 1              1              1
normalize_isoforms                   1              1              1
normalize_splicing                   1              1              1
normalize_stability                  1              1              1
regtools_junctions                  13              1              1
run_featureCounts                   24              8              8
splicing_pheno_groups                1              1              1
txrevise_construct_events          100              1              1
txrevise_merge_gff_files             4              1              1
total                             3642              1             16

Select jobs to execute...
WARNING:snakemake.logging:Select jobs to execute...

INFO:snakemake.logging:
[Mon May 25 15:46:09 2026]
INFO:snakemake.logging:[Mon May 25 15:46:09 2026]
rule txrevise_construct_events:
    input: /vscratch/grp-songyao/pnfioric/pantry/intermediate/reference/txrevise/txrevise_annotations.rds
    output: /vscratch/grp-songyao/pnfioric/pantry/intermediate/reference/txrevise/batch/txrevise.grp_1.upstream.51_100.gff3, /vscratch/grp-songyao/pnfioric/pantry/intermediate/reference/txrevise/batch/txrevise.grp_2.upstream.51_100.gff3, /vscratch/grp-songyao/pnfioric/pantry/intermediate/reference/txrevise/batch/txrevise.grp_1.contained.51_100.gff3, /vscratch/grp-songyao/pnfioric/pantry/intermediate/reference/txrevise/batch/txrevise.grp_2.contained.51_100.gff3, /vscratch/grp-songyao/pnfioric/pantry/intermediate/reference/txrevise/batch/txrevise.grp_1.downstream.51_100.gff3, /vscratch/grp-songyao/pnfioric/pantry/intermediate/reference/txrevise/batch/txrevise.grp_2.downstream.51_100.gff3
    jobid: 59
    reason: Missing output files: /vscratch/grp-songyao/pnfioric/pantry/intermediate/reference/txrevise/batch/txrevise.grp_2.downstream.51_100.gff3, /vscratch/grp-songyao/pnfioric/pantry/intermediate/reference/txrevise/batch/txrevise.grp_1.downstream.51_100.gff3, /vscratch/grp-songyao/pnfioric/pantry/intermediate/reference/txrevise/batch/txrevise.grp_1.upstream.51_100.gff3, /vscratch/grp-songyao/pnfioric/pantry/intermediate/reference/txrevise/batch/txrevise.grp_2.upstream.51_100.gff3; Updated input files: /vscratch/grp-songyao/pnfioric/pantry/intermediate/reference/txrevise/txrevise_annotations.rds
    wildcards: batch=51, n_batches=100
    resources: mem_mb=32000, disk_mb=1000, tmpdir=<TBD>, runtime=960, slurm_extra=--qos=general-compute
INFO:snakemake.logging:rule txrevise_construct_events:
    input: /vscratch/grp-songyao/pnfioric/pantry/intermediate/reference/txrevise/txrevise_annotations.rds
    output: /vscratch/grp-songyao/pnfioric/pantry/intermediate/reference/txrevise/batch/txrevise.grp_1.upstream.51_100.gff3, /vscratch/grp-songyao/pnfioric/pantry/intermediate/reference/txrevise/batch/txrevise.grp_2.upstream.51_100.gff3, /vscratch/grp-songyao/pnfioric/pantry/intermediate/reference/txrevise/batch/txrevise.grp_1.contained.51_100.gff3, /vscratch/grp-songyao/pnfioric/pantry/intermediate/reference/txrevise/batch/txrevise.grp_2.contained.51_100.gff3, /vscratch/grp-songyao/pnfioric/pantry/intermediate/reference/txrevise/batch/txrevise.grp_1.downstream.51_100.gff3, /vscratch/grp-songyao/pnfioric/pantry/intermediate/reference/txrevise/batch/txrevise.grp_2.downstream.51_100.gff3
    jobid: 59
    reason: Missing output files: /vscratch/grp-songyao/pnfioric/pantry/intermediate/reference/txrevise/batch/txrevise.grp_2.downstream.51_100.gff3, /vscratch/grp-songyao/pnfioric/pantry/intermediate/reference/txrevise/batch/txrevise.grp_1.downstream.51_100.gff3, /vscratch/grp-songyao/pnfioric/pantry/intermediate/reference/txrevise/batch/txrevise.grp_1.upstream.51_100.gff3, /vscratch/grp-songyao/pnfioric/pantry/intermediate/reference/txrevise/batch/txrevise.grp_2.upstream.51_100.gff3; Updated input files: /vscratch/grp-songyao/pnfioric/pantry/intermediate/reference/txrevise/txrevise_annotations.rds
    wildcards: batch=51, n_batches=100
    resources: mem_mb=32000, disk_mb=1000, tmpdir=<TBD>, runtime=960, slurm_extra=--qos=general-compute

INFO:snakemake.logging:
Submitted job 59 with external jobid 'Submitted batch job 24690854'.
WARNING:snakemake.logging:Submitted job 59 with external jobid 'Submitted batch job 24690854'.

INFO:snakemake.logging:
[Mon May 25 15:46:09 2026]
INFO:snakemake.logging:[Mon May 25 15:46:09 2026]
rule txrevise_construct_events:
    input: /vscratch/grp-songyao/pnfioric/pantry/intermediate/reference/txrevise/txrevise_annotations.rds
    output: /vscratch/grp-songyao/pnfioric/pantry/intermediate/reference/txrevise/batch/txrevise.grp_1.upstream.9_100.gff3, /vscratch/grp-songyao/pnfioric/pantry/intermediate/reference/txrevise/batch/txrevise.grp_2.upstream.9_100.gff3, /vscratch/grp-songyao/pnfioric/pantry/intermediate/reference/txrevise/batch/txrevise.grp_1.contained.9_100.gff3, /vscratch/grp-songyao/pnfioric/pantry/intermediate/reference/txrevise/batch/txrevise.grp_2.contained.9_100.gff3, /vscratch/grp-songyao/pnfioric/pantry/intermediate/reference/txrevise/batch/txrevise.grp_1.downstream.9_100.gff3, /vscratch/grp-songyao/pnfioric/pantry/intermediate/reference/txrevise/batch/txrevise.grp_2.downstream.9_100.gff3
    jobid: 17
    reason: Missing output files: /vscratch/grp-songyao/pnfioric/pantry/intermediate/reference/txrevise/batch/txrevise.grp_2.downstream.9_100.gff3, /vscratch/grp-songyao/pnfioric/pantry/intermediate/reference/txrevise/batch/txrevise.grp_1.upstream.9_100.gff3, /vscratch/grp-songyao/pnfioric/pantry/intermediate/reference/txrevise/batch/txrevise.grp_2.upstream.9_100.gff3, /vscratch/grp-songyao/pnfioric/pantry/intermediate/reference/txrevise/batch/txrevise.grp_1.downstream.9_100.gff3; Updated input files: /vscratch/grp-songyao/pnfioric/pantry/intermediate/reference/txrevise/txrevise_annotations.rds
    wildcards: batch=9, n_batches=100
    resources: mem_mb=32000, disk_mb=1000, tmpdir=<TBD>, runtime=960, slurm_extra=--qos=general-compute
INFO:snakemake.logging:rule txrevise_construct_events:
    input: /vscratch/grp-songyao/pnfioric/pantry/intermediate/reference/txrevise/txrevise_annotations.rds
    output: /vscratch/grp-songyao/pnfioric/pantry/intermediate/reference/txrevise/batch/txrevise.grp_1.upstream.9_100.gff3, /vscratch/grp-songyao/pnfioric/pantry/intermediate/reference/txrevise/batch/txrevise.grp_2.upstream.9_100.gff3, /vscratch/grp-songyao/pnfioric/pantry/intermediate/reference/txrevise/batch/txrevise.grp_1.contained.9_100.gff3, /vscratch/grp-songyao/pnfioric/pantry/intermediate/reference/txrevise/batch/txrevise.grp_2.contained.9_100.gff3, /vscratch/grp-songyao/pnfioric/pantry/intermediate/reference/txrevise/batch/txrevise.grp_1.downstream.9_100.gff3, /vscratch/grp-songyao/pnfioric/pantry/intermediate/reference/txrevise/batch/txrevise.grp_2.downstream.9_100.gff3
    jobid: 17
    reason: Missing output files: /vscratch/grp-songyao/pnfioric/pantry/intermediate/reference/txrevise/batch/txrevise.grp_2.downstream.9_100.gff3, /vscratch/grp-songyao/pnfioric/pantry/intermediate/reference/txrevise/batch/txrevise.grp_1.upstream.9_100.gff3, /vscratch/grp-songyao/pnfioric/pantry/intermediate/reference/txrevise/batch/txrevise.grp_2.upstream.9_100.gff3, /vscratch/grp-songyao/pnfioric/pantry/intermediate/reference/txrevise/batch/txrevise.grp_1.downstream.9_100.gff3; Updated input files: /vscratch/grp-songyao/pnfioric/pantry/intermediate/reference/txrevise/txrevise_annotations.rds
    wildcards: batch=9, n_batches=100
    resources: mem_mb=32000, disk_mb=1000, tmpdir=<TBD>, runtime=960, slurm_extra=--qos=general-compute

INFO:snakemake.logging:
Submitted job 17 with external jobid 'Submitted batch job 24690855'.
WARNING:snakemake.logging:Submitted job 17 with external jobid 'Submitted batch job 24690855'.

INFO:snakemake.logging:
[Mon May 25 15:46:09 2026]
INFO:snakemake.logging:[Mon May 25 15:46:09 2026]
rule txrevise_construct_events:
    input: /vscratch/grp-songyao/pnfioric/pantry/intermediate/reference/txrevise/txrevise_annotations.rds
    output: /vscratch/grp-songyao/pnfioric/pantry/intermediate/reference/txrevise/batch/txrevise.grp_1.upstream.93_100.gff3, /vscratch/grp-songyao/pnfioric/pantry/intermediate/reference/txrevise/batch/txrevise.grp_2.upstream.93_100.gff3, /vscratch/grp-songyao/pnfioric/pantry/intermediate/reference/txrevise/batch/txrevise.grp_1.contained.93_100.gff3, /vscratch/grp-songyao/pnfioric/pantry/intermediate/reference/txrevise/batch/txrevise.grp_2.contained.93_100.gff3, /vscratch/grp-songyao/pnfioric/pantry/intermediate/reference/txrevise/batch/txrevise.grp_1.downstream.93_100.gff3, /vscratch/grp-songyao/pnfioric/pantry/intermediate/reference/txrevise/batch/txrevise.grp_2.downstream.93_100.gff3
    jobid: 101
    reason: Missing output files: /vscratch/grp-songyao/pnfioric/pantry/intermediate/reference/txrevise/batch/txrevise.grp_1.downstream.93_100.gff3, /vscratch/grp-songyao/pnfioric/pantry/intermediate/reference/txrevise/batch/txrevise.grp_2.upstream.93_100.gff3, /vscratch/grp-songyao/pnfioric/pantry/intermediate/reference/txrevise/batch/txrevise.grp_2.downstream.93_100.gff3, /vscratch/grp-songyao/pnfioric/pantry/intermediate/reference/txrevise/batch/txrevise.grp_1.upstream.93_100.gff3; Updated input files: /vscratch/grp-songyao/pnfioric/pantry/intermediate/reference/txrevise/txrevise_annotations.rds
    wildcards: batch=93, n_batches=100
    resources: mem_mb=32000, disk_mb=1000, tmpdir=<TBD>, runtime=960, slurm_extra=--qos=general-compute
INFO:snakemake.logging:rule txrevise_construct_events:
    input: /vscratch/grp-songyao/pnfioric/pantry/intermediate/reference/txrevise/txrevise_annotations.rds
    output: /vscratch/grp-songyao/pnfioric/pantry/intermediate/reference/txrevise/batch/txrevise.grp_1.upstream.93_100.gff3, /vscratch/grp-songyao/pnfioric/pantry/intermediate/reference/txrevise/batch/txrevise.grp_2.upstream.93_100.gff3, /vscratch/grp-songyao/pnfioric/pantry/intermediate/reference/txrevise/batch/txrevise.grp_1.contained.93_100.gff3, /vscratch/grp-songyao/pnfioric/pantry/intermediate/reference/txrevise/batch/txrevise.grp_2.contained.93_100.gff3, /vscratch/grp-songyao/pnfioric/pantry/intermediate/reference/txrevise/batch/txrevise.grp_1.downstream.93_100.gff3, /vscratch/grp-songyao/pnfioric/pantry/intermediate/reference/txrevise/batch/txrevise.grp_2.downstream.93_100.gff3
    jobid: 101
    reason: Missing output files: /vscratch/grp-songyao/pnfioric/pantry/intermediate/reference/txrevise/batch/txrevise.grp_1.downstream.93_100.gff3, /vscratch/grp-songyao/pnfioric/pantry/intermediate/reference/txrevise/batch/txrevise.grp_2.upstream.93_100.gff3, /vscratch/grp-songyao/pnfioric/pantry/intermediate/reference/txrevise/batch/txrevise.grp_2.downstream.93_100.gff3, /vscratch/grp-songyao/pnfioric/pantry/intermediate/reference/txrevise/batch/txrevise.grp_1.upstream.93_100.gff3; Updated input files: /vscratch/grp-songyao/pnfioric/pantry/intermediate/reference/txrevise/txrevise_annotations.rds
    wildcards: batch=93, n_batches=100
    resources: mem_mb=32000, disk_mb=1000, tmpdir=<TBD>, runtime=960, slurm_extra=--qos=general-compute

INFO:snakemake.logging:
Submitted job 101 with external jobid 'Submitted batch job 24690856'.
WARNING:snakemake.logging:Submitted job 101 with external jobid 'Submitted batch job 24690856'.

INFO:snakemake.logging:
[Mon May 25 15:46:09 2026]
INFO:snakemake.logging:[Mon May 25 15:46:09 2026]
rule txrevise_construct_events:
    input: /vscratch/grp-songyao/pnfioric/pantry/intermediate/reference/txrevise/txrevise_annotations.rds
    output: /vscratch/grp-songyao/pnfioric/pantry/intermediate/reference/txrevise/batch/txrevise.grp_1.upstream.37_100.gff3, /vscratch/grp-songyao/pnfioric/pantry/intermediate/reference/txrevise/batch/txrevise.grp_2.upstream.37_100.gff3, /vscratch/grp-songyao/pnfioric/pantry/intermediate/reference/txrevise/batch/txrevise.grp_1.contained.37_100.gff3, /vscratch/grp-songyao/pnfioric/pantry/intermediate/reference/txrevise/batch/txrevise.grp_2.contained.37_100.gff3, /vscratch/grp-songyao/pnfioric/pantry/intermediate/reference/txrevise/batch/txrevise.grp_1.downstream.37_100.gff3, /vscratch/grp-songyao/pnfioric/pantry/intermediate/reference/txrevise/batch/txrevise.grp_2.downstream.37_100.gff3
    jobid: 45
    reason: Missing output files: /vscratch/grp-songyao/pnfioric/pantry/intermediate/reference/txrevise/batch/txrevise.grp_1.downstream.37_100.gff3, /vscratch/grp-songyao/pnfioric/pantry/intermediate/reference/txrevise/batch/txrevise.grp_2.downstream.37_100.gff3, /vscratch/grp-songyao/pnfioric/pantry/intermediate/reference/txrevise/batch/txrevise.grp_1.upstream.37_100.gff3, /vscratch/grp-songyao/pnfioric/pantry/intermediate/reference/txrevise/batch/txrevise.grp_2.upstream.37_100.gff3; Updated input files: /vscratch/grp-songyao/pnfioric/pantry/intermediate/reference/txrevise/txrevise_annotations.rds
    wildcards: batch=37, n_batches=100
    resources: mem_mb=32000, disk_mb=1000, tmpdir=<TBD>, runtime=960, slurm_extra=--qos=general-compute
INFO:snakemake.logging:rule txrevise_construct_events:
    input: /vscratch/grp-songyao/pnfioric/pantry/intermediate/reference/txrevise/txrevise_annotations.rds
    output: /vscratch/grp-songyao/pnfioric/pantry/intermediate/reference/txrevise/batch/txrevise.grp_1.upstream.37_100.gff3, /vscratch/grp-songyao/pnfioric/pantry/intermediate/reference/txrevise/batch/txrevise.grp_2.upstream.37_100.gff3, /vscratch/grp-songyao/pnfioric/pantry/intermediate/reference/txrevise/batch/txrevise.grp_1.contained.37_100.gff3, /vscratch/grp-songyao/pnfioric/pantry/intermediate/reference/txrevise/batch/txrevise.grp_2.contained.37_100.gff3, /vscratch/grp-songyao/pnfioric/pantry/intermediate/reference/txrevise/batch/txrevise.grp_1.downstream.37_100.gff3, /vscratch/grp-songyao/pnfioric/pantry/intermediate/reference/txrevise/batch/txrevise.grp_2.downstream.37_100.gff3
    jobid: 45
    reason: Missing output files: /vscratch/grp-songyao/pnfioric/pantry/intermediate/reference/txrevise/batch/txrevise.grp_1.downstream.37_100.gff3, /vscratch/grp-songyao/pnfioric/pantry/intermediate/reference/txrevise/batch/txrevise.grp_2.downstream.37_100.gff3, /vscratch/grp-songyao/pnfioric/pantry/intermediate/reference/txrevise/batch/txrevise.grp_1.upstream.37_100.gff3, /vscratch/grp-songyao/pnfioric/pantry/intermediate/reference/txrevise/batch/txrevise.grp_2.upstream.37_100.gff3; Updated input files: /vscratch/grp-songyao/pnfioric/pantry/intermediate/reference/txrevise/txrevise_annotations.rds
    wildcards: batch=37, n_batches=100
    resources: mem_mb=32000, disk_mb=1000, tmpdir=<TBD>, runtime=960, slurm_extra=--qos=general-compute

INFO:snakemake.logging:
Submitted job 45 with external jobid 'Submitted batch job 24690857'.
WARNING:snakemake.logging:Submitted job 45 with external jobid 'Submitted batch job 24690857'.

INFO:snakemake.logging:
[Mon May 25 15:46:09 2026]
INFO:snakemake.logging:[Mon May 25 15:46:09 2026]
rule txrevise_construct_events:
    input: /vscratch/grp-songyao/pnfioric/pantry/intermediate/reference/txrevise/txrevise_annotations.rds
    output: /vscratch/grp-songyao/pnfioric/pantry/intermediate/reference/txrevise/batch/txrevise.grp_1.upstream.65_100.gff3, /vscratch/grp-songyao/pnfioric/pantry/intermediate/reference/txrevise/batch/txrevise.grp_2.upstream.65_100.gff3, /vscratch/grp-songyao/pnfioric/pantry/intermediate/reference/txrevise/batch/txrevise.grp_1.contained.65_100.gff3, /vscratch/grp-songyao/pnfioric/pantry/intermediate/reference/txrevise/batch/txrevise.grp_2.contained.65_100.gff3, /vscratch/grp-songyao/pnfioric/pantry/intermediate/reference/txrevise/batch/txrevise.grp_1.downstream.65_100.gff3, /vscratch/grp-songyao/pnfioric/pantry/intermediate/reference/txrevise/batch/txrevise.grp_2.downstream.65_100.gff3
    jobid: 73
    reason: Missing output files: /vscratch/grp-songyao/pnfioric/pantry/intermediate/reference/txrevise/batch/txrevise.grp_1.downstream.65_100.gff3, /vscratch/grp-songyao/pnfioric/pantry/intermediate/reference/txrevise/batch/txrevise.grp_1.upstream.65_100.gff3, /vscratch/grp-songyao/pnfioric/pantry/intermediate/reference/txrevise/batch/txrevise.grp_2.upstream.65_100.gff3, /vscratch/grp-songyao/pnfioric/pantry/intermediate/reference/txrevise/batch/txrevise.grp_2.downstream.65_100.gff3; Updated input files: /vscratch/grp-songyao/pnfioric/pantry/intermediate/reference/txrevise/txrevise_annotations.rds
    wildcards: batch=65, n_batches=100
    resources: mem_mb=32000, disk_mb=1000, tmpdir=<TBD>, runtime=960, slurm_extra=--qos=general-compute
INFO:snakemake.logging:rule txrevise_construct_events:
    input: /vscratch/grp-songyao/pnfioric/pantry/intermediate/reference/txrevise/txrevise_annotations.rds
    output: /vscratch/grp-songyao/pnfioric/pantry/intermediate/reference/txrevise/batch/txrevise.grp_1.upstream.65_100.gff3, /vscratch/grp-songyao/pnfioric/pantry/intermediate/reference/txrevise/batch/txrevise.grp_2.upstream.65_100.gff3, /vscratch/grp-songyao/pnfioric/pantry/intermediate/reference/txrevise/batch/txrevise.grp_1.contained.65_100.gff3, /vscratch/grp-songyao/pnfioric/pantry/intermediate/reference/txrevise/batch/txrevise.grp_2.contained.65_100.gff3, /vscratch/grp-songyao/pnfioric/pantry/intermediate/reference/txrevise/batch/txrevise.grp_1.downstream.65_100.gff3, /vscratch/grp-songyao/pnfioric/pantry/intermediate/reference/txrevise/batch/txrevise.grp_2.downstream.65_100.gff3
    jobid: 73
    reason: Missing output files: /vscratch/grp-songyao/pnfioric/pantry/intermediate/reference/txrevise/batch/txrevise.grp_1.downstream.65_100.gff3, /vscratch/grp-songyao/pnfioric/pantry/intermediate/reference/txrevise/batch/txrevise.grp_1.upstream.65_100.gff3, /vscratch/grp-songyao/pnfioric/pantry/intermediate/reference/txrevise/batch/txrevise.grp_2.upstream.65_100.gff3, /vscratch/grp-songyao/pnfioric/pantry/intermediate/reference/txrevise/batch/txrevise.grp_2.downstream.65_100.gff3; Updated input files: /vscratch/grp-songyao/pnfioric/pantry/intermediate/reference/txrevise/txrevise_annotations.rds
    wildcards: batch=65, n_batches=100
    resources: mem_mb=32000, disk_mb=1000, tmpdir=<TBD>, runtime=960, slurm_extra=--qos=general-compute

INFO:snakemake.logging:
Submitted job 73 with external jobid 'Submitted batch job 24690858'.
WARNING:snakemake.logging:Submitted job 73 with external jobid 'Submitted batch job 24690858'.

INFO:snakemake.logging:
[Mon May 25 15:46:09 2026]
INFO:snakemake.logging:[Mon May 25 15:46:09 2026]
rule txrevise_construct_events:
    input: /vscratch/grp-songyao/pnfioric/pantry/intermediate/reference/txrevise/txrevise_annotations.rds
    output: /vscratch/grp-songyao/pnfioric/pantry/intermediate/reference/txrevise/batch/txrevise.grp_1.upstream.52_100.gff3, /vscratch/grp-songyao/pnfioric/pantry/intermediate/reference/txrevise/batch/txrevise.grp_2.upstream.52_100.gff3, /vscratch/grp-songyao/pnfioric/pantry/intermediate/reference/txrevise/batch/txrevise.grp_1.contained.52_100.gff3, /vscratch/grp-songyao/pnfioric/pantry/intermediate/reference/txrevise/batch/txrevise.grp_2.contained.52_100.gff3, /vscratch/grp-songyao/pnfioric/pantry/intermediate/reference/txrevise/batch/txrevise.grp_1.downstream.52_100.gff3, /vscratch/grp-songyao/pnfioric/pantry/intermediate/reference/txrevise/batch/txrevise.grp_2.downstream.52_100.gff3
    jobid: 60
    reason: Missing output files: /vscratch/grp-songyao/pnfioric/pantry/intermediate/reference/txrevise/batch/txrevise.grp_2.downstream.52_100.gff3, /vscratch/grp-songyao/pnfioric/pantry/intermediate/reference/txrevise/batch/txrevise.grp_1.upstream.52_100.gff3, /vscratch/grp-songyao/pnfioric/pantry/intermediate/reference/txrevise/batch/txrevise.grp_2.upstream.52_100.gff3, /vscratch/grp-songyao/pnfioric/pantry/intermediate/reference/txrevise/batch/txrevise.grp_1.downstream.52_100.gff3; Updated input files: /vscratch/grp-songyao/pnfioric/pantry/intermediate/reference/txrevise/txrevise_annotations.rds
    wildcards: batch=52, n_batches=100
    resources: mem_mb=32000, disk_mb=1000, tmpdir=<TBD>, runtime=960, slurm_extra=--qos=general-compute
INFO:snakemake.logging:rule txrevise_construct_events:
    input: /vscratch/grp-songyao/pnfioric/pantry/intermediate/reference/txrevise/txrevise_annotations.rds
    output: /vscratch/grp-songyao/pnfioric/pantry/intermediate/reference/txrevise/batch/txrevise.grp_1.upstream.52_100.gff3, /vscratch/grp-songyao/pnfioric/pantry/intermediate/reference/txrevise/batch/txrevise.grp_2.upstream.52_100.gff3, /vscratch/grp-songyao/pnfioric/pantry/intermediate/reference/txrevise/batch/txrevise.grp_1.contained.52_100.gff3, /vscratch/grp-songyao/pnfioric/pantry/intermediate/reference/txrevise/batch/txrevise.grp_2.contained.52_100.gff3, /vscratch/grp-songyao/pnfioric/pantry/intermediate/reference/txrevise/batch/txrevise.grp_1.downstream.52_100.gff3, /vscratch/grp-songyao/pnfioric/pantry/intermediate/reference/txrevise/batch/txrevise.grp_2.downstream.52_100.gff3
    jobid: 60
    reason: Missing output files: /vscratch/grp-songyao/pnfioric/pantry/intermediate/reference/txrevise/batch/txrevise.grp_2.downstream.52_100.gff3, /vscratch/grp-songyao/pnfioric/pantry/intermediate/reference/txrevise/batch/txrevise.grp_1.upstream.52_100.gff3, /vscratch/grp-songyao/pnfioric/pantry/intermediate/reference/txrevise/batch/txrevise.grp_2.upstream.52_100.gff3, /vscratch/grp-songyao/pnfioric/pantry/intermediate/reference/txrevise/batch/txrevise.grp_1.downstream.52_100.gff3; Updated input files: /vscratch/grp-songyao/pnfioric/pantry/intermediate/reference/txrevise/txrevise_annotations.rds
    wildcards: batch=52, n_batches=100
    resources: mem_mb=32000, disk_mb=1000, tmpdir=<TBD>, runtime=960, slurm_extra=--qos=general-compute

INFO:snakemake.logging:
Submitted job 60 with external jobid 'Submitted batch job 24690859'.
WARNING:snakemake.logging:Submitted job 60 with external jobid 'Submitted batch job 24690859'.

INFO:snakemake.logging:
[Mon May 25 15:46:09 2026]
INFO:snakemake.logging:[Mon May 25 15:46:09 2026]
rule txrevise_construct_events:
    input: /vscratch/grp-songyao/pnfioric/pantry/intermediate/reference/txrevise/txrevise_annotations.rds
    output: /vscratch/grp-songyao/pnfioric/pantry/intermediate/reference/txrevise/batch/txrevise.grp_1.upstream.38_100.gff3, /vscratch/grp-songyao/pnfioric/pantry/intermediate/reference/txrevise/batch/txrevise.grp_2.upstream.38_100.gff3, /vscratch/grp-songyao/pnfioric/pantry/intermediate/reference/txrevise/batch/txrevise.grp_1.contained.38_100.gff3, /vscratch/grp-songyao/pnfioric/pantry/intermediate/reference/txrevise/batch/txrevise.grp_2.contained.38_100.gff3, /vscratch/grp-songyao/pnfioric/pantry/intermediate/reference/txrevise/batch/txrevise.grp_1.downstream.38_100.gff3, /vscratch/grp-songyao/pnfioric/pantry/intermediate/reference/txrevise/batch/txrevise.grp_2.downstream.38_100.gff3
    jobid: 46
    reason: Missing output files: /vscratch/grp-songyao/pnfioric/pantry/intermediate/reference/txrevise/batch/txrevise.grp_2.downstream.38_100.gff3, /vscratch/grp-songyao/pnfioric/pantry/intermediate/reference/txrevise/batch/txrevise.grp_1.upstream.38_100.gff3, /vscratch/grp-songyao/pnfioric/pantry/intermediate/reference/txrevise/batch/txrevise.grp_1.downstream.38_100.gff3, /vscratch/grp-songyao/pnfioric/pantry/intermediate/reference/txrevise/batch/txrevise.grp_2.upstream.38_100.gff3; Updated input files: /vscratch/grp-songyao/pnfioric/pantry/intermediate/reference/txrevise/txrevise_annotations.rds
    wildcards: batch=38, n_batches=100
    resources: mem_mb=32000, disk_mb=1000, tmpdir=<TBD>, runtime=960, slurm_extra=--qos=general-compute
INFO:snakemake.logging:rule txrevise_construct_events:
    input: /vscratch/grp-songyao/pnfioric/pantry/intermediate/reference/txrevise/txrevise_annotations.rds
    output: /vscratch/grp-songyao/pnfioric/pantry/intermediate/reference/txrevise/batch/txrevise.grp_1.upstream.38_100.gff3, /vscratch/grp-songyao/pnfioric/pantry/intermediate/reference/txrevise/batch/txrevise.grp_2.upstream.38_100.gff3, /vscratch/grp-songyao/pnfioric/pantry/intermediate/reference/txrevise/batch/txrevise.grp_1.contained.38_100.gff3, /vscratch/grp-songyao/pnfioric/pantry/intermediate/reference/txrevise/batch/txrevise.grp_2.contained.38_100.gff3, /vscratch/grp-songyao/pnfioric/pantry/intermediate/reference/txrevise/batch/txrevise.grp_1.downstream.38_100.gff3, /vscratch/grp-songyao/pnfioric/pantry/intermediate/reference/txrevise/batch/txrevise.grp_2.downstream.38_100.gff3
    jobid: 46
    reason: Missing output files: /vscratch/grp-songyao/pnfioric/pantry/intermediate/reference/txrevise/batch/txrevise.grp_2.downstream.38_100.gff3, /vscratch/grp-songyao/pnfioric/pantry/intermediate/reference/txrevise/batch/txrevise.grp_1.upstream.38_100.gff3, /vscratch/grp-songyao/pnfioric/pantry/intermediate/reference/txrevise/batch/txrevise.grp_1.downstream.38_100.gff3, /vscratch/grp-songyao/pnfioric/pantry/intermediate/reference/txrevise/batch/txrevise.grp_2.upstream.38_100.gff3; Updated input files: /vscratch/grp-songyao/pnfioric/pantry/intermediate/reference/txrevise/txrevise_annotations.rds
    wildcards: batch=38, n_batches=100
    resources: mem_mb=32000, disk_mb=1000, tmpdir=<TBD>, runtime=960, slurm_extra=--qos=general-compute

INFO:snakemake.logging:
Submitted job 46 with external jobid 'Submitted batch job 24690860'.
WARNING:snakemake.logging:Submitted job 46 with external jobid 'Submitted batch job 24690860'.

INFO:snakemake.logging:
[Mon May 25 15:46:10 2026]
INFO:snakemake.logging:[Mon May 25 15:46:10 2026]
rule txrevise_construct_events:
    input: /vscratch/grp-songyao/pnfioric/pantry/intermediate/reference/txrevise/txrevise_annotations.rds
    output: /vscratch/grp-songyao/pnfioric/pantry/intermediate/reference/txrevise/batch/txrevise.grp_1.upstream.66_100.gff3, /vscratch/grp-songyao/pnfioric/pantry/intermediate/reference/txrevise/batch/txrevise.grp_2.upstream.66_100.gff3, /vscratch/grp-songyao/pnfioric/pantry/intermediate/reference/txrevise/batch/txrevise.grp_1.contained.66_100.gff3, /vscratch/grp-songyao/pnfioric/pantry/intermediate/reference/txrevise/batch/txrevise.grp_2.contained.66_100.gff3, /vscratch/grp-songyao/pnfioric/pantry/intermediate/reference/txrevise/batch/txrevise.grp_1.downstream.66_100.gff3, /vscratch/grp-songyao/pnfioric/pantry/intermediate/reference/txrevise/batch/txrevise.grp_2.downstream.66_100.gff3
    jobid: 74
    reason: Missing output files: /vscratch/grp-songyao/pnfioric/pantry/intermediate/reference/txrevise/batch/txrevise.grp_1.downstream.66_100.gff3, /vscratch/grp-songyao/pnfioric/pantry/intermediate/reference/txrevise/batch/txrevise.grp_2.upstream.66_100.gff3, /vscratch/grp-songyao/pnfioric/pantry/intermediate/reference/txrevise/batch/txrevise.grp_1.upstream.66_100.gff3, /vscratch/grp-songyao/pnfioric/pantry/intermediate/reference/txrevise/batch/txrevise.grp_2.downstream.66_100.gff3; Updated input files: /vscratch/grp-songyao/pnfioric/pantry/intermediate/reference/txrevise/txrevise_annotations.rds
    wildcards: batch=66, n_batches=100
    resources: mem_mb=32000, disk_mb=1000, tmpdir=<TBD>, runtime=960, slurm_extra=--qos=general-compute
INFO:snakemake.logging:rule txrevise_construct_events:
    input: /vscratch/grp-songyao/pnfioric/pantry/intermediate/reference/txrevise/txrevise_annotations.rds
    output: /vscratch/grp-songyao/pnfioric/pantry/intermediate/reference/txrevise/batch/txrevise.grp_1.upstream.66_100.gff3, /vscratch/grp-songyao/pnfioric/pantry/intermediate/reference/txrevise/batch/txrevise.grp_2.upstream.66_100.gff3, /vscratch/grp-songyao/pnfioric/pantry/intermediate/reference/txrevise/batch/txrevise.grp_1.contained.66_100.gff3, /vscratch/grp-songyao/pnfioric/pantry/intermediate/reference/txrevise/batch/txrevise.grp_2.contained.66_100.gff3, /vscratch/grp-songyao/pnfioric/pantry/intermediate/reference/txrevise/batch/txrevise.grp_1.downstream.66_100.gff3, /vscratch/grp-songyao/pnfioric/pantry/intermediate/reference/txrevise/batch/txrevise.grp_2.downstream.66_100.gff3
    jobid: 74
    reason: Missing output files: /vscratch/grp-songyao/pnfioric/pantry/intermediate/reference/txrevise/batch/txrevise.grp_1.downstream.66_100.gff3, /vscratch/grp-songyao/pnfioric/pantry/intermediate/reference/txrevise/batch/txrevise.grp_2.upstream.66_100.gff3, /vscratch/grp-songyao/pnfioric/pantry/intermediate/reference/txrevise/batch/txrevise.grp_1.upstream.66_100.gff3, /vscratch/grp-songyao/pnfioric/pantry/intermediate/reference/txrevise/batch/txrevise.grp_2.downstream.66_100.gff3; Updated input files: /vscratch/grp-songyao/pnfioric/pantry/intermediate/reference/txrevise/txrevise_annotations.rds
    wildcards: batch=66, n_batches=100
    resources: mem_mb=32000, disk_mb=1000, tmpdir=<TBD>, runtime=960, slurm_extra=--qos=general-compute

INFO:snakemake.logging:
Submitted job 74 with external jobid 'Submitted batch job 24690861'.
WARNING:snakemake.logging:Submitted job 74 with external jobid 'Submitted batch job 24690861'.

INFO:snakemake.logging:
[Mon May 25 15:46:10 2026]
INFO:snakemake.logging:[Mon May 25 15:46:10 2026]
rule txrevise_construct_events:
    input: /vscratch/grp-songyao/pnfioric/pantry/intermediate/reference/txrevise/txrevise_annotations.rds
    output: /vscratch/grp-songyao/pnfioric/pantry/intermediate/reference/txrevise/batch/txrevise.grp_1.upstream.10_100.gff3, /vscratch/grp-songyao/pnfioric/pantry/intermediate/reference/txrevise/batch/txrevise.grp_2.upstream.10_100.gff3, /vscratch/grp-songyao/pnfioric/pantry/intermediate/reference/txrevise/batch/txrevise.grp_1.contained.10_100.gff3, /vscratch/grp-songyao/pnfioric/pantry/intermediate/reference/txrevise/batch/txrevise.grp_2.contained.10_100.gff3, /vscratch/grp-songyao/pnfioric/pantry/intermediate/reference/txrevise/batch/txrevise.grp_1.downstream.10_100.gff3, /vscratch/grp-songyao/pnfioric/pantry/intermediate/reference/txrevise/batch/txrevise.grp_2.downstream.10_100.gff3
    jobid: 18
    reason: Missing output files: /vscratch/grp-songyao/pnfioric/pantry/intermediate/reference/txrevise/batch/txrevise.grp_1.upstream.10_100.gff3, /vscratch/grp-songyao/pnfioric/pantry/intermediate/reference/txrevise/batch/txrevise.grp_2.downstream.10_100.gff3, /vscratch/grp-songyao/pnfioric/pantry/intermediate/reference/txrevise/batch/txrevise.grp_2.upstream.10_100.gff3, /vscratch/grp-songyao/pnfioric/pantry/intermediate/reference/txrevise/batch/txrevise.grp_1.downstream.10_100.gff3; Updated input files: /vscratch/grp-songyao/pnfioric/pantry/intermediate/reference/txrevise/txrevise_annotations.rds
    wildcards: batch=10, n_batches=100
    resources: mem_mb=32000, disk_mb=1000, tmpdir=<TBD>, runtime=960, slurm_extra=--qos=general-compute
INFO:snakemake.logging:rule txrevise_construct_events:
    input: /vscratch/grp-songyao/pnfioric/pantry/intermediate/reference/txrevise/txrevise_annotations.rds
    output: /vscratch/grp-songyao/pnfioric/pantry/intermediate/reference/txrevise/batch/txrevise.grp_1.upstream.10_100.gff3, /vscratch/grp-songyao/pnfioric/pantry/intermediate/reference/txrevise/batch/txrevise.grp_2.upstream.10_100.gff3, /vscratch/grp-songyao/pnfioric/pantry/intermediate/reference/txrevise/batch/txrevise.grp_1.contained.10_100.gff3, /vscratch/grp-songyao/pnfioric/pantry/intermediate/reference/txrevise/batch/txrevise.grp_2.contained.10_100.gff3, /vscratch/grp-songyao/pnfioric/pantry/intermediate/reference/txrevise/batch/txrevise.grp_1.downstream.10_100.gff3, /vscratch/grp-songyao/pnfioric/pantry/intermediate/reference/txrevise/batch/txrevise.grp_2.downstream.10_100.gff3
    jobid: 18
    reason: Missing output files: /vscratch/grp-songyao/pnfioric/pantry/intermediate/reference/txrevise/batch/txrevise.grp_1.upstream.10_100.gff3, /vscratch/grp-songyao/pnfioric/pantry/intermediate/reference/txrevise/batch/txrevise.grp_2.downstream.10_100.gff3, /vscratch/grp-songyao/pnfioric/pantry/intermediate/reference/txrevise/batch/txrevise.grp_2.upstream.10_100.gff3, /vscratch/grp-songyao/pnfioric/pantry/intermediate/reference/txrevise/batch/txrevise.grp_1.downstream.10_100.gff3; Updated input files: /vscratch/grp-songyao/pnfioric/pantry/intermediate/reference/txrevise/txrevise_annotations.rds
    wildcards: batch=10, n_batches=100
    resources: mem_mb=32000, disk_mb=1000, tmpdir=<TBD>, runtime=960, slurm_extra=--qos=general-compute

INFO:snakemake.logging:
Submitted job 18 with external jobid 'Submitted batch job 24690862'.
WARNING:snakemake.logging:Submitted job 18 with external jobid 'Submitted batch job 24690862'.

INFO:snakemake.logging:
[Mon May 25 15:46:10 2026]
INFO:snakemake.logging:[Mon May 25 15:46:10 2026]
rule txrevise_construct_events:
    input: /vscratch/grp-songyao/pnfioric/pantry/intermediate/reference/txrevise/txrevise_annotations.rds
    output: /vscratch/grp-songyao/pnfioric/pantry/intermediate/reference/txrevise/batch/txrevise.grp_1.upstream.94_100.gff3, /vscratch/grp-songyao/pnfioric/pantry/intermediate/reference/txrevise/batch/txrevise.grp_2.upstream.94_100.gff3, /vscratch/grp-songyao/pnfioric/pantry/intermediate/reference/txrevise/batch/txrevise.grp_1.contained.94_100.gff3, /vscratch/grp-songyao/pnfioric/pantry/intermediate/reference/txrevise/batch/txrevise.grp_2.contained.94_100.gff3, /vscratch/grp-songyao/pnfioric/pantry/intermediate/reference/txrevise/batch/txrevise.grp_1.downstream.94_100.gff3, /vscratch/grp-songyao/pnfioric/pantry/intermediate/reference/txrevise/batch/txrevise.grp_2.downstream.94_100.gff3
    jobid: 102
    reason: Missing output files: /vscratch/grp-songyao/pnfioric/pantry/intermediate/reference/txrevise/batch/txrevise.grp_2.downstream.94_100.gff3, /vscratch/grp-songyao/pnfioric/pantry/intermediate/reference/txrevise/batch/txrevise.grp_1.downstream.94_100.gff3, /vscratch/grp-songyao/pnfioric/pantry/intermediate/reference/txrevise/batch/txrevise.grp_2.upstream.94_100.gff3, /vscratch/grp-songyao/pnfioric/pantry/intermediate/reference/txrevise/batch/txrevise.grp_1.upstream.94_100.gff3; Updated input files: /vscratch/grp-songyao/pnfioric/pantry/intermediate/reference/txrevise/txrevise_annotations.rds
    wildcards: batch=94, n_batches=100
    resources: mem_mb=32000, disk_mb=1000, tmpdir=<TBD>, runtime=960, slurm_extra=--qos=general-compute
INFO:snakemake.logging:rule txrevise_construct_events:
    input: /vscratch/grp-songyao/pnfioric/pantry/intermediate/reference/txrevise/txrevise_annotations.rds
    output: /vscratch/grp-songyao/pnfioric/pantry/intermediate/reference/txrevise/batch/txrevise.grp_1.upstream.94_100.gff3, /vscratch/grp-songyao/pnfioric/pantry/intermediate/reference/txrevise/batch/txrevise.grp_2.upstream.94_100.gff3, /vscratch/grp-songyao/pnfioric/pantry/intermediate/reference/txrevise/batch/txrevise.grp_1.contained.94_100.gff3, /vscratch/grp-songyao/pnfioric/pantry/intermediate/reference/txrevise/batch/txrevise.grp_2.contained.94_100.gff3, /vscratch/grp-songyao/pnfioric/pantry/intermediate/reference/txrevise/batch/txrevise.grp_1.downstream.94_100.gff3, /vscratch/grp-songyao/pnfioric/pantry/intermediate/reference/txrevise/batch/txrevise.grp_2.downstream.94_100.gff3
    jobid: 102
    reason: Missing output files: /vscratch/grp-songyao/pnfioric/pantry/intermediate/reference/txrevise/batch/txrevise.grp_2.downstream.94_100.gff3, /vscratch/grp-songyao/pnfioric/pantry/intermediate/reference/txrevise/batch/txrevise.grp_1.downstream.94_100.gff3, /vscratch/grp-songyao/pnfioric/pantry/intermediate/reference/txrevise/batch/txrevise.grp_2.upstream.94_100.gff3, /vscratch/grp-songyao/pnfioric/pantry/intermediate/reference/txrevise/batch/txrevise.grp_1.upstream.94_100.gff3; Updated input files: /vscratch/grp-songyao/pnfioric/pantry/intermediate/reference/txrevise/txrevise_annotations.rds
    wildcards: batch=94, n_batches=100
    resources: mem_mb=32000, disk_mb=1000, tmpdir=<TBD>, runtime=960, slurm_extra=--qos=general-compute

INFO:snakemake.logging:
Submitted job 102 with external jobid 'Submitted batch job 24690863'.
WARNING:snakemake.logging:Submitted job 102 with external jobid 'Submitted batch job 24690863'.

INFO:snakemake.logging:
[Mon May 25 15:46:10 2026]
INFO:snakemake.logging:[Mon May 25 15:46:10 2026]
rule txrevise_construct_events:
    input: /vscratch/grp-songyao/pnfioric/pantry/intermediate/reference/txrevise/txrevise_annotations.rds
    output: /vscratch/grp-songyao/pnfioric/pantry/intermediate/reference/txrevise/batch/txrevise.grp_1.upstream.53_100.gff3, /vscratch/grp-songyao/pnfioric/pantry/intermediate/reference/txrevise/batch/txrevise.grp_2.upstream.53_100.gff3, /vscratch/grp-songyao/pnfioric/pantry/intermediate/reference/txrevise/batch/txrevise.grp_1.contained.53_100.gff3, /vscratch/grp-songyao/pnfioric/pantry/intermediate/reference/txrevise/batch/txrevise.grp_2.contained.53_100.gff3, /vscratch/grp-songyao/pnfioric/pantry/intermediate/reference/txrevise/batch/txrevise.grp_1.downstream.53_100.gff3, /vscratch/grp-songyao/pnfioric/pantry/intermediate/reference/txrevise/batch/txrevise.grp_2.downstream.53_100.gff3
    jobid: 61
    reason: Missing output files: /vscratch/grp-songyao/pnfioric/pantry/intermediate/reference/txrevise/batch/txrevise.grp_2.downstream.53_100.gff3, /vscratch/grp-songyao/pnfioric/pantry/intermediate/reference/txrevise/batch/txrevise.grp_2.upstream.53_100.gff3, /vscratch/grp-songyao/pnfioric/pantry/intermediate/reference/txrevise/batch/txrevise.grp_1.upstream.53_100.gff3, /vscratch/grp-songyao/pnfioric/pantry/intermediate/reference/txrevise/batch/txrevise.grp_1.downstream.53_100.gff3; Updated input files: /vscratch/grp-songyao/pnfioric/pantry/intermediate/reference/txrevise/txrevise_annotations.rds
    wildcards: batch=53, n_batches=100
    resources: mem_mb=32000, disk_mb=1000, tmpdir=<TBD>, runtime=960, slurm_extra=--qos=general-compute
INFO:snakemake.logging:rule txrevise_construct_events:
    input: /vscratch/grp-songyao/pnfioric/pantry/intermediate/reference/txrevise/txrevise_annotations.rds
    output: /vscratch/grp-songyao/pnfioric/pantry/intermediate/reference/txrevise/batch/txrevise.grp_1.upstream.53_100.gff3, /vscratch/grp-songyao/pnfioric/pantry/intermediate/reference/txrevise/batch/txrevise.grp_2.upstream.53_100.gff3, /vscratch/grp-songyao/pnfioric/pantry/intermediate/reference/txrevise/batch/txrevise.grp_1.contained.53_100.gff3, /vscratch/grp-songyao/pnfioric/pantry/intermediate/reference/txrevise/batch/txrevise.grp_2.contained.53_100.gff3, /vscratch/grp-songyao/pnfioric/pantry/intermediate/reference/txrevise/batch/txrevise.grp_1.downstream.53_100.gff3, /vscratch/grp-songyao/pnfioric/pantry/intermediate/reference/txrevise/batch/txrevise.grp_2.downstream.53_100.gff3
    jobid: 61
    reason: Missing output files: /vscratch/grp-songyao/pnfioric/pantry/intermediate/reference/txrevise/batch/txrevise.grp_2.downstream.53_100.gff3, /vscratch/grp-songyao/pnfioric/pantry/intermediate/reference/txrevise/batch/txrevise.grp_2.upstream.53_100.gff3, /vscratch/grp-songyao/pnfioric/pantry/intermediate/reference/txrevise/batch/txrevise.grp_1.upstream.53_100.gff3, /vscratch/grp-songyao/pnfioric/pantry/intermediate/reference/txrevise/batch/txrevise.grp_1.downstream.53_100.gff3; Updated input files: /vscratch/grp-songyao/pnfioric/pantry/intermediate/reference/txrevise/txrevise_annotations.rds
    wildcards: batch=53, n_batches=100
    resources: mem_mb=32000, disk_mb=1000, tmpdir=<TBD>, runtime=960, slurm_extra=--qos=general-compute

INFO:snakemake.logging:
Submitted job 61 with external jobid 'Submitted batch job 24690864'.
WARNING:snakemake.logging:Submitted job 61 with external jobid 'Submitted batch job 24690864'.

INFO:snakemake.logging:
[Mon May 25 15:46:10 2026]
INFO:snakemake.logging:[Mon May 25 15:46:10 2026]
rule run_featureCounts:
    input: /vscratch/grp-songyao/pnfioric/pantry/intermediate/bam/RS-04367396.bam, /vscratch/grp-songyao/pnfioric/pantry/intermediate/reference/introns.gtf
    output: /vscratch/grp-songyao/pnfioric/pantry/intermediate/stability/RS-04367396.introns.counts.txt
    jobid: 9033
    reason: Missing output files: /vscratch/grp-songyao/pnfioric/pantry/intermediate/stability/RS-04367396.introns.counts.txt; Updated input files: /vscratch/grp-songyao/pnfioric/pantry/intermediate/bam/RS-04367396.bam, /vscratch/grp-songyao/pnfioric/pantry/intermediate/reference/introns.gtf
    wildcards: sample_id=RS-04367396, feature_type=introns
    threads: 8
    resources: mem_mb=60000, disk_mb=1000, tmpdir=<TBD>, runtime=04:00:00, slurm_extra=--qos=general-compute
INFO:snakemake.logging:rule run_featureCounts:
    input: /vscratch/grp-songyao/pnfioric/pantry/intermediate/bam/RS-04367396.bam, /vscratch/grp-songyao/pnfioric/pantry/intermediate/reference/introns.gtf
    output: /vscratch/grp-songyao/pnfioric/pantry/intermediate/stability/RS-04367396.introns.counts.txt
    jobid: 9033
    reason: Missing output files: /vscratch/grp-songyao/pnfioric/pantry/intermediate/stability/RS-04367396.introns.counts.txt; Updated input files: /vscratch/grp-songyao/pnfioric/pantry/intermediate/bam/RS-04367396.bam, /vscratch/grp-songyao/pnfioric/pantry/intermediate/reference/introns.gtf
    wildcards: sample_id=RS-04367396, feature_type=introns
    threads: 8
    resources: mem_mb=60000, disk_mb=1000, tmpdir=<TBD>, runtime=04:00:00, slurm_extra=--qos=general-compute

INFO:snakemake.logging:
Submitted job 9033 with external jobid 'Submitted batch job 24690865'.
WARNING:snakemake.logging:Submitted job 9033 with external jobid 'Submitted batch job 24690865'.

INFO:snakemake.logging:
[Mon May 25 15:46:10 2026]
INFO:snakemake.logging:[Mon May 25 15:46:10 2026]
rule txrevise_construct_events:
    input: /vscratch/grp-songyao/pnfioric/pantry/intermediate/reference/txrevise/txrevise_annotations.rds
    output: /vscratch/grp-songyao/pnfioric/pantry/intermediate/reference/txrevise/batch/txrevise.grp_1.upstream.39_100.gff3, /vscratch/grp-songyao/pnfioric/pantry/intermediate/reference/txrevise/batch/txrevise.grp_2.upstream.39_100.gff3, /vscratch/grp-songyao/pnfioric/pantry/intermediate/reference/txrevise/batch/txrevise.grp_1.contained.39_100.gff3, /vscratch/grp-songyao/pnfioric/pantry/intermediate/reference/txrevise/batch/txrevise.grp_2.contained.39_100.gff3, /vscratch/grp-songyao/pnfioric/pantry/intermediate/reference/txrevise/batch/txrevise.grp_1.downstream.39_100.gff3, /vscratch/grp-songyao/pnfioric/pantry/intermediate/reference/txrevise/batch/txrevise.grp_2.downstream.39_100.gff3
    jobid: 47
    reason: Missing output files: /vscratch/grp-songyao/pnfioric/pantry/intermediate/reference/txrevise/batch/txrevise.grp_1.upstream.39_100.gff3, /vscratch/grp-songyao/pnfioric/pantry/intermediate/reference/txrevise/batch/txrevise.grp_1.downstream.39_100.gff3, /vscratch/grp-songyao/pnfioric/pantry/intermediate/reference/txrevise/batch/txrevise.grp_2.downstream.39_100.gff3, /vscratch/grp-songyao/pnfioric/pantry/intermediate/reference/txrevise/batch/txrevise.grp_2.upstream.39_100.gff3; Updated input files: /vscratch/grp-songyao/pnfioric/pantry/intermediate/reference/txrevise/txrevise_annotations.rds
    wildcards: batch=39, n_batches=100
    resources: mem_mb=32000, disk_mb=1000, tmpdir=<TBD>, runtime=960, slurm_extra=--qos=general-compute
INFO:snakemake.logging:rule txrevise_construct_events:
    input: /vscratch/grp-songyao/pnfioric/pantry/intermediate/reference/txrevise/txrevise_annotations.rds
    output: /vscratch/grp-songyao/pnfioric/pantry/intermediate/reference/txrevise/batch/txrevise.grp_1.upstream.39_100.gff3, /vscratch/grp-songyao/pnfioric/pantry/intermediate/reference/txrevise/batch/txrevise.grp_2.upstream.39_100.gff3, /vscratch/grp-songyao/pnfioric/pantry/intermediate/reference/txrevise/batch/txrevise.grp_1.contained.39_100.gff3, /vscratch/grp-songyao/pnfioric/pantry/intermediate/reference/txrevise/batch/txrevise.grp_2.contained.39_100.gff3, /vscratch/grp-songyao/pnfioric/pantry/intermediate/reference/txrevise/batch/txrevise.grp_1.downstream.39_100.gff3, /vscratch/grp-songyao/pnfioric/pantry/intermediate/reference/txrevise/batch/txrevise.grp_2.downstream.39_100.gff3
    jobid: 47
    reason: Missing output files: /vscratch/grp-songyao/pnfioric/pantry/intermediate/reference/txrevise/batch/txrevise.grp_1.upstream.39_100.gff3, /vscratch/grp-songyao/pnfioric/pantry/intermediate/reference/txrevise/batch/txrevise.grp_1.downstream.39_100.gff3, /vscratch/grp-songyao/pnfioric/pantry/intermediate/reference/txrevise/batch/txrevise.grp_2.downstream.39_100.gff3, /vscratch/grp-songyao/pnfioric/pantry/intermediate/reference/txrevise/batch/txrevise.grp_2.upstream.39_100.gff3; Updated input files: /vscratch/grp-songyao/pnfioric/pantry/intermediate/reference/txrevise/txrevise_annotations.rds
    wildcards: batch=39, n_batches=100
    resources: mem_mb=32000, disk_mb=1000, tmpdir=<TBD>, runtime=960, slurm_extra=--qos=general-compute

INFO:snakemake.logging:
Submitted job 47 with external jobid 'Submitted batch job 24690866'.
WARNING:snakemake.logging:Submitted job 47 with external jobid 'Submitted batch job 24690866'.

INFO:snakemake.logging:
[Mon May 25 15:46:10 2026]
INFO:snakemake.logging:[Mon May 25 15:46:10 2026]
rule txrevise_construct_events:
    input: /vscratch/grp-songyao/pnfioric/pantry/intermediate/reference/txrevise/txrevise_annotations.rds
    output: /vscratch/grp-songyao/pnfioric/pantry/intermediate/reference/txrevise/batch/txrevise.grp_1.upstream.67_100.gff3, /vscratch/grp-songyao/pnfioric/pantry/intermediate/reference/txrevise/batch/txrevise.grp_2.upstream.67_100.gff3, /vscratch/grp-songyao/pnfioric/pantry/intermediate/reference/txrevise/batch/txrevise.grp_1.contained.67_100.gff3, /vscratch/grp-songyao/pnfioric/pantry/intermediate/reference/txrevise/batch/txrevise.grp_2.contained.67_100.gff3, /vscratch/grp-songyao/pnfioric/pantry/intermediate/reference/txrevise/batch/txrevise.grp_1.downstream.67_100.gff3, /vscratch/grp-songyao/pnfioric/pantry/intermediate/reference/txrevise/batch/txrevise.grp_2.downstream.67_100.gff3
    jobid: 75
    reason: Missing output files: /vscratch/grp-songyao/pnfioric/pantry/intermediate/reference/txrevise/batch/txrevise.grp_2.downstream.67_100.gff3, /vscratch/grp-songyao/pnfioric/pantry/intermediate/reference/txrevise/batch/txrevise.grp_2.upstream.67_100.gff3, /vscratch/grp-songyao/pnfioric/pantry/intermediate/reference/txrevise/batch/txrevise.grp_1.downstream.67_100.gff3, /vscratch/grp-songyao/pnfioric/pantry/intermediate/reference/txrevise/batch/txrevise.grp_1.upstream.67_100.gff3; Updated input files: /vscratch/grp-songyao/pnfioric/pantry/intermediate/reference/txrevise/txrevise_annotations.rds
    wildcards: batch=67, n_batches=100
    resources: mem_mb=32000, disk_mb=1000, tmpdir=<TBD>, runtime=960, slurm_extra=--qos=general-compute
INFO:snakemake.logging:rule txrevise_construct_events:
    input: /vscratch/grp-songyao/pnfioric/pantry/intermediate/reference/txrevise/txrevise_annotations.rds
    output: /vscratch/grp-songyao/pnfioric/pantry/intermediate/reference/txrevise/batch/txrevise.grp_1.upstream.67_100.gff3, /vscratch/grp-songyao/pnfioric/pantry/intermediate/reference/txrevise/batch/txrevise.grp_2.upstream.67_100.gff3, /vscratch/grp-songyao/pnfioric/pantry/intermediate/reference/txrevise/batch/txrevise.grp_1.contained.67_100.gff3, /vscratch/grp-songyao/pnfioric/pantry/intermediate/reference/txrevise/batch/txrevise.grp_2.contained.67_100.gff3, /vscratch/grp-songyao/pnfioric/pantry/intermediate/reference/txrevise/batch/txrevise.grp_1.downstream.67_100.gff3, /vscratch/grp-songyao/pnfioric/pantry/intermediate/reference/txrevise/batch/txrevise.grp_2.downstream.67_100.gff3
    jobid: 75
    reason: Missing output files: /vscratch/grp-songyao/pnfioric/pantry/intermediate/reference/txrevise/batch/txrevise.grp_2.downstream.67_100.gff3, /vscratch/grp-songyao/pnfioric/pantry/intermediate/reference/txrevise/batch/txrevise.grp_2.upstream.67_100.gff3, /vscratch/grp-songyao/pnfioric/pantry/intermediate/reference/txrevise/batch/txrevise.grp_1.downstream.67_100.gff3, /vscratch/grp-songyao/pnfioric/pantry/intermediate/reference/txrevise/batch/txrevise.grp_1.upstream.67_100.gff3; Updated input files: /vscratch/grp-songyao/pnfioric/pantry/intermediate/reference/txrevise/txrevise_annotations.rds
    wildcards: batch=67, n_batches=100
    resources: mem_mb=32000, disk_mb=1000, tmpdir=<TBD>, runtime=960, slurm_extra=--qos=general-compute

INFO:snakemake.logging:
Submitted job 75 with external jobid 'Submitted batch job 24690867'.
WARNING:snakemake.logging:Submitted job 75 with external jobid 'Submitted batch job 24690867'.

INFO:snakemake.logging:
[Mon May 25 15:46:10 2026]
INFO:snakemake.logging:[Mon May 25 15:46:10 2026]
rule txrevise_construct_events:
    input: /vscratch/grp-songyao/pnfioric/pantry/intermediate/reference/txrevise/txrevise_annotations.rds
    output: /vscratch/grp-songyao/pnfioric/pantry/intermediate/reference/txrevise/batch/txrevise.grp_1.upstream.11_100.gff3, /vscratch/grp-songyao/pnfioric/pantry/intermediate/reference/txrevise/batch/txrevise.grp_2.upstream.11_100.gff3, /vscratch/grp-songyao/pnfioric/pantry/intermediate/reference/txrevise/batch/txrevise.grp_1.contained.11_100.gff3, /vscratch/grp-songyao/pnfioric/pantry/intermediate/reference/txrevise/batch/txrevise.grp_2.contained.11_100.gff3, /vscratch/grp-songyao/pnfioric/pantry/intermediate/reference/txrevise/batch/txrevise.grp_1.downstream.11_100.gff3, /vscratch/grp-songyao/pnfioric/pantry/intermediate/reference/txrevise/batch/txrevise.grp_2.downstream.11_100.gff3
    jobid: 19
    reason: Missing output files: /vscratch/grp-songyao/pnfioric/pantry/intermediate/reference/txrevise/batch/txrevise.grp_1.upstream.11_100.gff3, /vscratch/grp-songyao/pnfioric/pantry/intermediate/reference/txrevise/batch/txrevise.grp_1.downstream.11_100.gff3, /vscratch/grp-songyao/pnfioric/pantry/intermediate/reference/txrevise/batch/txrevise.grp_2.upstream.11_100.gff3, /vscratch/grp-songyao/pnfioric/pantry/intermediate/reference/txrevise/batch/txrevise.grp_2.downstream.11_100.gff3; Updated input files: /vscratch/grp-songyao/pnfioric/pantry/intermediate/reference/txrevise/txrevise_annotations.rds
    wildcards: batch=11, n_batches=100
    resources: mem_mb=32000, disk_mb=1000, tmpdir=<TBD>, runtime=960, slurm_extra=--qos=general-compute
INFO:snakemake.logging:rule txrevise_construct_events:
    input: /vscratch/grp-songyao/pnfioric/pantry/intermediate/reference/txrevise/txrevise_annotations.rds
    output: /vscratch/grp-songyao/pnfioric/pantry/intermediate/reference/txrevise/batch/txrevise.grp_1.upstream.11_100.gff3, /vscratch/grp-songyao/pnfioric/pantry/intermediate/reference/txrevise/batch/txrevise.grp_2.upstream.11_100.gff3, /vscratch/grp-songyao/pnfioric/pantry/intermediate/reference/txrevise/batch/txrevise.grp_1.contained.11_100.gff3, /vscratch/grp-songyao/pnfioric/pantry/intermediate/reference/txrevise/batch/txrevise.grp_2.contained.11_100.gff3, /vscratch/grp-songyao/pnfioric/pantry/intermediate/reference/txrevise/batch/txrevise.grp_1.downstream.11_100.gff3, /vscratch/grp-songyao/pnfioric/pantry/intermediate/reference/txrevise/batch/txrevise.grp_2.downstream.11_100.gff3
    jobid: 19
    reason: Missing output files: /vscratch/grp-songyao/pnfioric/pantry/intermediate/reference/txrevise/batch/txrevise.grp_1.upstream.11_100.gff3, /vscratch/grp-songyao/pnfioric/pantry/intermediate/reference/txrevise/batch/txrevise.grp_1.downstream.11_100.gff3, /vscratch/grp-songyao/pnfioric/pantry/intermediate/reference/txrevise/batch/txrevise.grp_2.upstream.11_100.gff3, /vscratch/grp-songyao/pnfioric/pantry/intermediate/reference/txrevise/batch/txrevise.grp_2.downstream.11_100.gff3; Updated input files: /vscratch/grp-songyao/pnfioric/pantry/intermediate/reference/txrevise/txrevise_annotations.rds
    wildcards: batch=11, n_batches=100
    resources: mem_mb=32000, disk_mb=1000, tmpdir=<TBD>, runtime=960, slurm_extra=--qos=general-compute

INFO:snakemake.logging:
Submitted job 19 with external jobid 'Submitted batch job 24690868'.
WARNING:snakemake.logging:Submitted job 19 with external jobid 'Submitted batch job 24690868'.

INFO:snakemake.logging:
[Mon May 25 15:46:10 2026]
INFO:snakemake.logging:[Mon May 25 15:46:10 2026]
rule txrevise_construct_events:
    input: /vscratch/grp-songyao/pnfioric/pantry/intermediate/reference/txrevise/txrevise_annotations.rds
    output: /vscratch/grp-songyao/pnfioric/pantry/intermediate/reference/txrevise/batch/txrevise.grp_1.upstream.95_100.gff3, /vscratch/grp-songyao/pnfioric/pantry/intermediate/reference/txrevise/batch/txrevise.grp_2.upstream.95_100.gff3, /vscratch/grp-songyao/pnfioric/pantry/intermediate/reference/txrevise/batch/txrevise.grp_1.contained.95_100.gff3, /vscratch/grp-songyao/pnfioric/pantry/intermediate/reference/txrevise/batch/txrevise.grp_2.contained.95_100.gff3, /vscratch/grp-songyao/pnfioric/pantry/intermediate/reference/txrevise/batch/txrevise.grp_1.downstream.95_100.gff3, /vscratch/grp-songyao/pnfioric/pantry/intermediate/reference/txrevise/batch/txrevise.grp_2.downstream.95_100.gff3
    jobid: 103
    reason: Missing output files: /vscratch/grp-songyao/pnfioric/pantry/intermediate/reference/txrevise/batch/txrevise.grp_1.upstream.95_100.gff3, /vscratch/grp-songyao/pnfioric/pantry/intermediate/reference/txrevise/batch/txrevise.grp_2.upstream.95_100.gff3, /vscratch/grp-songyao/pnfioric/pantry/intermediate/reference/txrevise/batch/txrevise.grp_2.downstream.95_100.gff3, /vscratch/grp-songyao/pnfioric/pantry/intermediate/reference/txrevise/batch/txrevise.grp_1.downstream.95_100.gff3; Updated input files: /vscratch/grp-songyao/pnfioric/pantry/intermediate/reference/txrevise/txrevise_annotations.rds
    wildcards: batch=95, n_batches=100
    resources: mem_mb=32000, disk_mb=1000, tmpdir=<TBD>, runtime=960, slurm_extra=--qos=general-compute
INFO:snakemake.logging:rule txrevise_construct_events:
    input: /vscratch/grp-songyao/pnfioric/pantry/intermediate/reference/txrevise/txrevise_annotations.rds
    output: /vscratch/grp-songyao/pnfioric/pantry/intermediate/reference/txrevise/batch/txrevise.grp_1.upstream.95_100.gff3, /vscratch/grp-songyao/pnfioric/pantry/intermediate/reference/txrevise/batch/txrevise.grp_2.upstream.95_100.gff3, /vscratch/grp-songyao/pnfioric/pantry/intermediate/reference/txrevise/batch/txrevise.grp_1.contained.95_100.gff3, /vscratch/grp-songyao/pnfioric/pantry/intermediate/reference/txrevise/batch/txrevise.grp_2.contained.95_100.gff3, /vscratch/grp-songyao/pnfioric/pantry/intermediate/reference/txrevise/batch/txrevise.grp_1.downstream.95_100.gff3, /vscratch/grp-songyao/pnfioric/pantry/intermediate/reference/txrevise/batch/txrevise.grp_2.downstream.95_100.gff3
    jobid: 103
    reason: Missing output files: /vscratch/grp-songyao/pnfioric/pantry/intermediate/reference/txrevise/batch/txrevise.grp_1.upstream.95_100.gff3, /vscratch/grp-songyao/pnfioric/pantry/intermediate/reference/txrevise/batch/txrevise.grp_2.upstream.95_100.gff3, /vscratch/grp-songyao/pnfioric/pantry/intermediate/reference/txrevise/batch/txrevise.grp_2.downstream.95_100.gff3, /vscratch/grp-songyao/pnfioric/pantry/intermediate/reference/txrevise/batch/txrevise.grp_1.downstream.95_100.gff3; Updated input files: /vscratch/grp-songyao/pnfioric/pantry/intermediate/reference/txrevise/txrevise_annotations.rds
    wildcards: batch=95, n_batches=100
    resources: mem_mb=32000, disk_mb=1000, tmpdir=<TBD>, runtime=960, slurm_extra=--qos=general-compute

INFO:snakemake.logging:
Submitted job 103 with external jobid 'Submitted batch job 24690869'.
WARNING:snakemake.logging:Submitted job 103 with external jobid 'Submitted batch job 24690869'.

INFO:snakemake.logging:
[Mon May 25 15:46:10 2026]
INFO:snakemake.logging:[Mon May 25 15:46:10 2026]
rule index_bam:
    input: /vscratch/grp-songyao/pnfioric/pantry/intermediate/bam/RS-04240729.bam
    output: /vscratch/grp-songyao/pnfioric/pantry/intermediate/bam/RS-04240729.bam.bai
    jobid: 5166
    reason: Missing output files: /vscratch/grp-songyao/pnfioric/pantry/intermediate/bam/RS-04240729.bam.bai; Updated input files: /vscratch/grp-songyao/pnfioric/pantry/intermediate/bam/RS-04240729.bam
    wildcards: basename=/vscratch/grp-songyao/pnfioric/pantry/intermediate/bam/RS-04240729
    threads: 8
    resources: mem_mb=60000, disk_mb=2497, tmpdir=<TBD>, runtime=04:00:00, slurm_extra=--qos=general-compute
INFO:snakemake.logging:rule index_bam:
    input: /vscratch/grp-songyao/pnfioric/pantry/intermediate/bam/RS-04240729.bam
    output: /vscratch/grp-songyao/pnfioric/pantry/intermediate/bam/RS-04240729.bam.bai
    jobid: 5166
    reason: Missing output files: /vscratch/grp-songyao/pnfioric/pantry/intermediate/bam/RS-04240729.bam.bai; Updated input files: /vscratch/grp-songyao/pnfioric/pantry/intermediate/bam/RS-04240729.bam
    wildcards: basename=/vscratch/grp-songyao/pnfioric/pantry/intermediate/bam/RS-04240729
    threads: 8
    resources: mem_mb=60000, disk_mb=2497, tmpdir=<TBD>, runtime=04:00:00, slurm_extra=--qos=general-compute

INFO:snakemake.logging:
Submitted job 5166 with external jobid 'Submitted batch job 24690870'.
WARNING:snakemake.logging:Submitted job 5166 with external jobid 'Submitted batch job 24690870'.

INFO:snakemake.logging:
[Mon May 25 15:46:10 2026]
INFO:snakemake.logging:[Mon May 25 15:46:10 2026]
rule run_featureCounts:
    input: /vscratch/grp-songyao/pnfioric/pantry/intermediate/bam/RS-04367397.bam, /vscratch/grp-songyao/pnfioric/pantry/intermediate/reference/introns.gtf
    output: /vscratch/grp-songyao/pnfioric/pantry/intermediate/stability/RS-04367397.introns.counts.txt
    jobid: 9034
    reason: Missing output files: /vscratch/grp-songyao/pnfioric/pantry/intermediate/stability/RS-04367397.introns.counts.txt; Updated input files: /vscratch/grp-songyao/pnfioric/pantry/intermediate/bam/RS-04367397.bam, /vscratch/grp-songyao/pnfioric/pantry/intermediate/reference/introns.gtf
    wildcards: sample_id=RS-04367397, feature_type=introns
    threads: 8
    resources: mem_mb=60000, disk_mb=6262, tmpdir=<TBD>, runtime=04:00:00, slurm_extra=--qos=general-compute
INFO:snakemake.logging:rule run_featureCounts:
    input: /vscratch/grp-songyao/pnfioric/pantry/intermediate/bam/RS-04367397.bam, /vscratch/grp-songyao/pnfioric/pantry/intermediate/reference/introns.gtf
    output: /vscratch/grp-songyao/pnfioric/pantry/intermediate/stability/RS-04367397.introns.counts.txt
    jobid: 9034
    reason: Missing output files: /vscratch/grp-songyao/pnfioric/pantry/intermediate/stability/RS-04367397.introns.counts.txt; Updated input files: /vscratch/grp-songyao/pnfioric/pantry/intermediate/bam/RS-04367397.bam, /vscratch/grp-songyao/pnfioric/pantry/intermediate/reference/introns.gtf
    wildcards: sample_id=RS-04367397, feature_type=introns
    threads: 8
    resources: mem_mb=60000, disk_mb=6262, tmpdir=<TBD>, runtime=04:00:00, slurm_extra=--qos=general-compute

INFO:snakemake.logging:
Submitted job 9034 with external jobid 'Submitted batch job 24690871'.
WARNING:snakemake.logging:Submitted job 9034 with external jobid 'Submitted batch job 24690871'.

INFO:snakemake.logging:
[Mon May 25 15:46:10 2026]
INFO:snakemake.logging:[Mon May 25 15:46:10 2026]
rule txrevise_construct_events:
    input: /vscratch/grp-songyao/pnfioric/pantry/intermediate/reference/txrevise/txrevise_annotations.rds
    output: /vscratch/grp-songyao/pnfioric/pantry/intermediate/reference/txrevise/batch/txrevise.grp_1.upstream.54_100.gff3, /vscratch/grp-songyao/pnfioric/pantry/intermediate/reference/txrevise/batch/txrevise.grp_2.upstream.54_100.gff3, /vscratch/grp-songyao/pnfioric/pantry/intermediate/reference/txrevise/batch/txrevise.grp_1.contained.54_100.gff3, /vscratch/grp-songyao/pnfioric/pantry/intermediate/reference/txrevise/batch/txrevise.grp_2.contained.54_100.gff3, /vscratch/grp-songyao/pnfioric/pantry/intermediate/reference/txrevise/batch/txrevise.grp_1.downstream.54_100.gff3, /vscratch/grp-songyao/pnfioric/pantry/intermediate/reference/txrevise/batch/txrevise.grp_2.downstream.54_100.gff3
    jobid: 62
    reason: Missing output files: /vscratch/grp-songyao/pnfioric/pantry/intermediate/reference/txrevise/batch/txrevise.grp_1.upstream.54_100.gff3, /vscratch/grp-songyao/pnfioric/pantry/intermediate/reference/txrevise/batch/txrevise.grp_2.downstream.54_100.gff3, /vscratch/grp-songyao/pnfioric/pantry/intermediate/reference/txrevise/batch/txrevise.grp_2.upstream.54_100.gff3, /vscratch/grp-songyao/pnfioric/pantry/intermediate/reference/txrevise/batch/txrevise.grp_1.downstream.54_100.gff3; Updated input files: /vscratch/grp-songyao/pnfioric/pantry/intermediate/reference/txrevise/txrevise_annotations.rds
    wildcards: batch=54, n_batches=100
    resources: mem_mb=32000, disk_mb=1000, tmpdir=<TBD>, runtime=960, slurm_extra=--qos=general-compute
INFO:snakemake.logging:rule txrevise_construct_events:
    input: /vscratch/grp-songyao/pnfioric/pantry/intermediate/reference/txrevise/txrevise_annotations.rds
    output: /vscratch/grp-songyao/pnfioric/pantry/intermediate/reference/txrevise/batch/txrevise.grp_1.upstream.54_100.gff3, /vscratch/grp-songyao/pnfioric/pantry/intermediate/reference/txrevise/batch/txrevise.grp_2.upstream.54_100.gff3, /vscratch/grp-songyao/pnfioric/pantry/intermediate/reference/txrevise/batch/txrevise.grp_1.contained.54_100.gff3, /vscratch/grp-songyao/pnfioric/pantry/intermediate/reference/txrevise/batch/txrevise.grp_2.contained.54_100.gff3, /vscratch/grp-songyao/pnfioric/pantry/intermediate/reference/txrevise/batch/txrevise.grp_1.downstream.54_100.gff3, /vscratch/grp-songyao/pnfioric/pantry/intermediate/reference/txrevise/batch/txrevise.grp_2.downstream.54_100.gff3
    jobid: 62
    reason: Missing output files: /vscratch/grp-songyao/pnfioric/pantry/intermediate/reference/txrevise/batch/txrevise.grp_1.upstream.54_100.gff3, /vscratch/grp-songyao/pnfioric/pantry/intermediate/reference/txrevise/batch/txrevise.grp_2.downstream.54_100.gff3, /vscratch/grp-songyao/pnfioric/pantry/intermediate/reference/txrevise/batch/txrevise.grp_2.upstream.54_100.gff3, /vscratch/grp-songyao/pnfioric/pantry/intermediate/reference/txrevise/batch/txrevise.grp_1.downstream.54_100.gff3; Updated input files: /vscratch/grp-songyao/pnfioric/pantry/intermediate/reference/txrevise/txrevise_annotations.rds
    wildcards: batch=54, n_batches=100
    resources: mem_mb=32000, disk_mb=1000, tmpdir=<TBD>, runtime=960, slurm_extra=--qos=general-compute

INFO:snakemake.logging:
Submitted job 62 with external jobid 'Submitted batch job 24690872'.
WARNING:snakemake.logging:Submitted job 62 with external jobid 'Submitted batch job 24690872'.

INFO:snakemake.logging:
[Mon May 25 15:46:10 2026]
INFO:snakemake.logging:[Mon May 25 15:46:10 2026]
rule txrevise_construct_events:
    input: /vscratch/grp-songyao/pnfioric/pantry/intermediate/reference/txrevise/txrevise_annotations.rds
    output: /vscratch/grp-songyao/pnfioric/pantry/intermediate/reference/txrevise/batch/txrevise.grp_1.upstream.40_100.gff3, /vscratch/grp-songyao/pnfioric/pantry/intermediate/reference/txrevise/batch/txrevise.grp_2.upstream.40_100.gff3, /vscratch/grp-songyao/pnfioric/pantry/intermediate/reference/txrevise/batch/txrevise.grp_1.contained.40_100.gff3, /vscratch/grp-songyao/pnfioric/pantry/intermediate/reference/txrevise/batch/txrevise.grp_2.contained.40_100.gff3, /vscratch/grp-songyao/pnfioric/pantry/intermediate/reference/txrevise/batch/txrevise.grp_1.downstream.40_100.gff3, /vscratch/grp-songyao/pnfioric/pantry/intermediate/reference/txrevise/batch/txrevise.grp_2.downstream.40_100.gff3
    jobid: 48
    reason: Missing output files: /vscratch/grp-songyao/pnfioric/pantry/intermediate/reference/txrevise/batch/txrevise.grp_1.upstream.40_100.gff3, /vscratch/grp-songyao/pnfioric/pantry/intermediate/reference/txrevise/batch/txrevise.grp_1.downstream.40_100.gff3, /vscratch/grp-songyao/pnfioric/pantry/intermediate/reference/txrevise/batch/txrevise.grp_2.downstream.40_100.gff3, /vscratch/grp-songyao/pnfioric/pantry/intermediate/reference/txrevise/batch/txrevise.grp_2.upstream.40_100.gff3; Updated input files: /vscratch/grp-songyao/pnfioric/pantry/intermediate/reference/txrevise/txrevise_annotations.rds
    wildcards: batch=40, n_batches=100
    resources: mem_mb=32000, disk_mb=1000, tmpdir=<TBD>, runtime=960, slurm_extra=--qos=general-compute
INFO:snakemake.logging:rule txrevise_construct_events:
    input: /vscratch/grp-songyao/pnfioric/pantry/intermediate/reference/txrevise/txrevise_annotations.rds
    output: /vscratch/grp-songyao/pnfioric/pantry/intermediate/reference/txrevise/batch/txrevise.grp_1.upstream.40_100.gff3, /vscratch/grp-songyao/pnfioric/pantry/intermediate/reference/txrevise/batch/txrevise.grp_2.upstream.40_100.gff3, /vscratch/grp-songyao/pnfioric/pantry/intermediate/reference/txrevise/batch/txrevise.grp_1.contained.40_100.gff3, /vscratch/grp-songyao/pnfioric/pantry/intermediate/reference/txrevise/batch/txrevise.grp_2.contained.40_100.gff3, /vscratch/grp-songyao/pnfioric/pantry/intermediate/reference/txrevise/batch/txrevise.grp_1.downstream.40_100.gff3, /vscratch/grp-songyao/pnfioric/pantry/intermediate/reference/txrevise/batch/txrevise.grp_2.downstream.40_100.gff3
    jobid: 48
    reason: Missing output files: /vscratch/grp-songyao/pnfioric/pantry/intermediate/reference/txrevise/batch/txrevise.grp_1.upstream.40_100.gff3, /vscratch/grp-songyao/pnfioric/pantry/intermediate/reference/txrevise/batch/txrevise.grp_1.downstream.40_100.gff3, /vscratch/grp-songyao/pnfioric/pantry/intermediate/reference/txrevise/batch/txrevise.grp_2.downstream.40_100.gff3, /vscratch/grp-songyao/pnfioric/pantry/intermediate/reference/txrevise/batch/txrevise.grp_2.upstream.40_100.gff3; Updated input files: /vscratch/grp-songyao/pnfioric/pantry/intermediate/reference/txrevise/txrevise_annotations.rds
    wildcards: batch=40, n_batches=100
    resources: mem_mb=32000, disk_mb=1000, tmpdir=<TBD>, runtime=960, slurm_extra=--qos=general-compute

INFO:snakemake.logging:
Submitted job 48 with external jobid 'Submitted batch job 24690873'.
WARNING:snakemake.logging:Submitted job 48 with external jobid 'Submitted batch job 24690873'.

INFO:snakemake.logging:
[Mon May 25 15:46:11 2026]
INFO:snakemake.logging:[Mon May 25 15:46:11 2026]
rule txrevise_construct_events:
    input: /vscratch/grp-songyao/pnfioric/pantry/intermediate/reference/txrevise/txrevise_annotations.rds
    output: /vscratch/grp-songyao/pnfioric/pantry/intermediate/reference/txrevise/batch/txrevise.grp_1.upstream.68_100.gff3, /vscratch/grp-songyao/pnfioric/pantry/intermediate/reference/txrevise/batch/txrevise.grp_2.upstream.68_100.gff3, /vscratch/grp-songyao/pnfioric/pantry/intermediate/reference/txrevise/batch/txrevise.grp_1.contained.68_100.gff3, /vscratch/grp-songyao/pnfioric/pantry/intermediate/reference/txrevise/batch/txrevise.grp_2.contained.68_100.gff3, /vscratch/grp-songyao/pnfioric/pantry/intermediate/reference/txrevise/batch/txrevise.grp_1.downstream.68_100.gff3, /vscratch/grp-songyao/pnfioric/pantry/intermediate/reference/txrevise/batch/txrevise.grp_2.downstream.68_100.gff3
    jobid: 76
    reason: Missing output files: /vscratch/grp-songyao/pnfioric/pantry/intermediate/reference/txrevise/batch/txrevise.grp_1.upstream.68_100.gff3, /vscratch/grp-songyao/pnfioric/pantry/intermediate/reference/txrevise/batch/txrevise.grp_2.downstream.68_100.gff3, /vscratch/grp-songyao/pnfioric/pantry/intermediate/reference/txrevise/batch/txrevise.grp_2.upstream.68_100.gff3, /vscratch/grp-songyao/pnfioric/pantry/intermediate/reference/txrevise/batch/txrevise.grp_1.downstream.68_100.gff3; Updated input files: /vscratch/grp-songyao/pnfioric/pantry/intermediate/reference/txrevise/txrevise_annotations.rds
    wildcards: batch=68, n_batches=100
    resources: mem_mb=32000, disk_mb=1000, tmpdir=<TBD>, runtime=960, slurm_extra=--qos=general-compute
INFO:snakemake.logging:rule txrevise_construct_events:
    input: /vscratch/grp-songyao/pnfioric/pantry/intermediate/reference/txrevise/txrevise_annotations.rds
    output: /vscratch/grp-songyao/pnfioric/pantry/intermediate/reference/txrevise/batch/txrevise.grp_1.upstream.68_100.gff3, /vscratch/grp-songyao/pnfioric/pantry/intermediate/reference/txrevise/batch/txrevise.grp_2.upstream.68_100.gff3, /vscratch/grp-songyao/pnfioric/pantry/intermediate/reference/txrevise/batch/txrevise.grp_1.contained.68_100.gff3, /vscratch/grp-songyao/pnfioric/pantry/intermediate/reference/txrevise/batch/txrevise.grp_2.contained.68_100.gff3, /vscratch/grp-songyao/pnfioric/pantry/intermediate/reference/txrevise/batch/txrevise.grp_1.downstream.68_100.gff3, /vscratch/grp-songyao/pnfioric/pantry/intermediate/reference/txrevise/batch/txrevise.grp_2.downstream.68_100.gff3
    jobid: 76
    reason: Missing output files: /vscratch/grp-songyao/pnfioric/pantry/intermediate/reference/txrevise/batch/txrevise.grp_1.upstream.68_100.gff3, /vscratch/grp-songyao/pnfioric/pantry/intermediate/reference/txrevise/batch/txrevise.grp_2.downstream.68_100.gff3, /vscratch/grp-songyao/pnfioric/pantry/intermediate/reference/txrevise/batch/txrevise.grp_2.upstream.68_100.gff3, /vscratch/grp-songyao/pnfioric/pantry/intermediate/reference/txrevise/batch/txrevise.grp_1.downstream.68_100.gff3; Updated input files: /vscratch/grp-songyao/pnfioric/pantry/intermediate/reference/txrevise/txrevise_annotations.rds
    wildcards: batch=68, n_batches=100
    resources: mem_mb=32000, disk_mb=1000, tmpdir=<TBD>, runtime=960, slurm_extra=--qos=general-compute

INFO:snakemake.logging:
Submitted job 76 with external jobid 'Submitted batch job 24690874'.
WARNING:snakemake.logging:Submitted job 76 with external jobid 'Submitted batch job 24690874'.

INFO:snakemake.logging:
[Mon May 25 15:46:11 2026]
INFO:snakemake.logging:[Mon May 25 15:46:11 2026]
rule txrevise_construct_events:
    input: /vscratch/grp-songyao/pnfioric/pantry/intermediate/reference/txrevise/txrevise_annotations.rds
    output: /vscratch/grp-songyao/pnfioric/pantry/intermediate/reference/txrevise/batch/txrevise.grp_1.upstream.12_100.gff3, /vscratch/grp-songyao/pnfioric/pantry/intermediate/reference/txrevise/batch/txrevise.grp_2.upstream.12_100.gff3, /vscratch/grp-songyao/pnfioric/pantry/intermediate/reference/txrevise/batch/txrevise.grp_1.contained.12_100.gff3, /vscratch/grp-songyao/pnfioric/pantry/intermediate/reference/txrevise/batch/txrevise.grp_2.contained.12_100.gff3, /vscratch/grp-songyao/pnfioric/pantry/intermediate/reference/txrevise/batch/txrevise.grp_1.downstream.12_100.gff3, /vscratch/grp-songyao/pnfioric/pantry/intermediate/reference/txrevise/batch/txrevise.grp_2.downstream.12_100.gff3
    jobid: 20
    reason: Missing output files: /vscratch/grp-songyao/pnfioric/pantry/intermediate/reference/txrevise/batch/txrevise.grp_2.downstream.12_100.gff3, /vscratch/grp-songyao/pnfioric/pantry/intermediate/reference/txrevise/batch/txrevise.grp_1.upstream.12_100.gff3, /vscratch/grp-songyao/pnfioric/pantry/intermediate/reference/txrevise/batch/txrevise.grp_1.downstream.12_100.gff3, /vscratch/grp-songyao/pnfioric/pantry/intermediate/reference/txrevise/batch/txrevise.grp_2.upstream.12_100.gff3; Updated input files: /vscratch/grp-songyao/pnfioric/pantry/intermediate/reference/txrevise/txrevise_annotations.rds
    wildcards: batch=12, n_batches=100
    resources: mem_mb=32000, disk_mb=1000, tmpdir=<TBD>, runtime=960, slurm_extra=--qos=general-compute
INFO:snakemake.logging:rule txrevise_construct_events:
    input: /vscratch/grp-songyao/pnfioric/pantry/intermediate/reference/txrevise/txrevise_annotations.rds
    output: /vscratch/grp-songyao/pnfioric/pantry/intermediate/reference/txrevise/batch/txrevise.grp_1.upstream.12_100.gff3, /vscratch/grp-songyao/pnfioric/pantry/intermediate/reference/txrevise/batch/txrevise.grp_2.upstream.12_100.gff3, /vscratch/grp-songyao/pnfioric/pantry/intermediate/reference/txrevise/batch/txrevise.grp_1.contained.12_100.gff3, /vscratch/grp-songyao/pnfioric/pantry/intermediate/reference/txrevise/batch/txrevise.grp_2.contained.12_100.gff3, /vscratch/grp-songyao/pnfioric/pantry/intermediate/reference/txrevise/batch/txrevise.grp_1.downstream.12_100.gff3, /vscratch/grp-songyao/pnfioric/pantry/intermediate/reference/txrevise/batch/txrevise.grp_2.downstream.12_100.gff3
    jobid: 20
    reason: Missing output files: /vscratch/grp-songyao/pnfioric/pantry/intermediate/reference/txrevise/batch/txrevise.grp_2.downstream.12_100.gff3, /vscratch/grp-songyao/pnfioric/pantry/intermediate/reference/txrevise/batch/txrevise.grp_1.upstream.12_100.gff3, /vscratch/grp-songyao/pnfioric/pantry/intermediate/reference/txrevise/batch/txrevise.grp_1.downstream.12_100.gff3, /vscratch/grp-songyao/pnfioric/pantry/intermediate/reference/txrevise/batch/txrevise.grp_2.upstream.12_100.gff3; Updated input files: /vscratch/grp-songyao/pnfioric/pantry/intermediate/reference/txrevise/txrevise_annotations.rds
    wildcards: batch=12, n_batches=100
    resources: mem_mb=32000, disk_mb=1000, tmpdir=<TBD>, runtime=960, slurm_extra=--qos=general-compute

INFO:snakemake.logging:
Submitted job 20 with external jobid 'Submitted batch job 24690875'.
WARNING:snakemake.logging:Submitted job 20 with external jobid 'Submitted batch job 24690875'.

INFO:snakemake.logging:
[Mon May 25 15:46:11 2026]
INFO:snakemake.logging:[Mon May 25 15:46:11 2026]
rule txrevise_construct_events:
    input: /vscratch/grp-songyao/pnfioric/pantry/intermediate/reference/txrevise/txrevise_annotations.rds
    output: /vscratch/grp-songyao/pnfioric/pantry/intermediate/reference/txrevise/batch/txrevise.grp_1.upstream.96_100.gff3, /vscratch/grp-songyao/pnfioric/pantry/intermediate/reference/txrevise/batch/txrevise.grp_2.upstream.96_100.gff3, /vscratch/grp-songyao/pnfioric/pantry/intermediate/reference/txrevise/batch/txrevise.grp_1.contained.96_100.gff3, /vscratch/grp-songyao/pnfioric/pantry/intermediate/reference/txrevise/batch/txrevise.grp_2.contained.96_100.gff3, /vscratch/grp-songyao/pnfioric/pantry/intermediate/reference/txrevise/batch/txrevise.grp_1.downstream.96_100.gff3, /vscratch/grp-songyao/pnfioric/pantry/intermediate/reference/txrevise/batch/txrevise.grp_2.downstream.96_100.gff3
    jobid: 104
    reason: Missing output files: /vscratch/grp-songyao/pnfioric/pantry/intermediate/reference/txrevise/batch/txrevise.grp_2.upstream.96_100.gff3, /vscratch/grp-songyao/pnfioric/pantry/intermediate/reference/txrevise/batch/txrevise.grp_1.downstream.96_100.gff3, /vscratch/grp-songyao/pnfioric/pantry/intermediate/reference/txrevise/batch/txrevise.grp_2.downstream.96_100.gff3, /vscratch/grp-songyao/pnfioric/pantry/intermediate/reference/txrevise/batch/txrevise.grp_1.upstream.96_100.gff3; Updated input files: /vscratch/grp-songyao/pnfioric/pantry/intermediate/reference/txrevise/txrevise_annotations.rds
    wildcards: batch=96, n_batches=100
    resources: mem_mb=32000, disk_mb=1000, tmpdir=<TBD>, runtime=960, slurm_extra=--qos=general-compute
INFO:snakemake.logging:rule txrevise_construct_events:
    input: /vscratch/grp-songyao/pnfioric/pantry/intermediate/reference/txrevise/txrevise_annotations.rds
    output: /vscratch/grp-songyao/pnfioric/pantry/intermediate/reference/txrevise/batch/txrevise.grp_1.upstream.96_100.gff3, /vscratch/grp-songyao/pnfioric/pantry/intermediate/reference/txrevise/batch/txrevise.grp_2.upstream.96_100.gff3, /vscratch/grp-songyao/pnfioric/pantry/intermediate/reference/txrevise/batch/txrevise.grp_1.contained.96_100.gff3, /vscratch/grp-songyao/pnfioric/pantry/intermediate/reference/txrevise/batch/txrevise.grp_2.contained.96_100.gff3, /vscratch/grp-songyao/pnfioric/pantry/intermediate/reference/txrevise/batch/txrevise.grp_1.downstream.96_100.gff3, /vscratch/grp-songyao/pnfioric/pantry/intermediate/reference/txrevise/batch/txrevise.grp_2.downstream.96_100.gff3
    jobid: 104
    reason: Missing output files: /vscratch/grp-songyao/pnfioric/pantry/intermediate/reference/txrevise/batch/txrevise.grp_2.upstream.96_100.gff3, /vscratch/grp-songyao/pnfioric/pantry/intermediate/reference/txrevise/batch/txrevise.grp_1.downstream.96_100.gff3, /vscratch/grp-songyao/pnfioric/pantry/intermediate/reference/txrevise/batch/txrevise.grp_2.downstream.96_100.gff3, /vscratch/grp-songyao/pnfioric/pantry/intermediate/reference/txrevise/batch/txrevise.grp_1.upstream.96_100.gff3; Updated input files: /vscratch/grp-songyao/pnfioric/pantry/intermediate/reference/txrevise/txrevise_annotations.rds
    wildcards: batch=96, n_batches=100
    resources: mem_mb=32000, disk_mb=1000, tmpdir=<TBD>, runtime=960, slurm_extra=--qos=general-compute

INFO:snakemake.logging:
Submitted job 104 with external jobid 'Submitted batch job 24690876'.
WARNING:snakemake.logging:Submitted job 104 with external jobid 'Submitted batch job 24690876'.

INFO:snakemake.logging:
[Mon May 25 15:46:11 2026]
INFO:snakemake.logging:[Mon May 25 15:46:11 2026]
rule txrevise_construct_events:
    input: /vscratch/grp-songyao/pnfioric/pantry/intermediate/reference/txrevise/txrevise_annotations.rds
    output: /vscratch/grp-songyao/pnfioric/pantry/intermediate/reference/txrevise/batch/txrevise.grp_1.upstream.55_100.gff3, /vscratch/grp-songyao/pnfioric/pantry/intermediate/reference/txrevise/batch/txrevise.grp_2.upstream.55_100.gff3, /vscratch/grp-songyao/pnfioric/pantry/intermediate/reference/txrevise/batch/txrevise.grp_1.contained.55_100.gff3, /vscratch/grp-songyao/pnfioric/pantry/intermediate/reference/txrevise/batch/txrevise.grp_2.contained.55_100.gff3, /vscratch/grp-songyao/pnfioric/pantry/intermediate/reference/txrevise/batch/txrevise.grp_1.downstream.55_100.gff3, /vscratch/grp-songyao/pnfioric/pantry/intermediate/reference/txrevise/batch/txrevise.grp_2.downstream.55_100.gff3
    jobid: 63
    reason: Missing output files: /vscratch/grp-songyao/pnfioric/pantry/intermediate/reference/txrevise/batch/txrevise.grp_2.downstream.55_100.gff3, /vscratch/grp-songyao/pnfioric/pantry/intermediate/reference/txrevise/batch/txrevise.grp_1.upstream.55_100.gff3, /vscratch/grp-songyao/pnfioric/pantry/intermediate/reference/txrevise/batch/txrevise.grp_2.upstream.55_100.gff3, /vscratch/grp-songyao/pnfioric/pantry/intermediate/reference/txrevise/batch/txrevise.grp_1.downstream.55_100.gff3; Updated input files: /vscratch/grp-songyao/pnfioric/pantry/intermediate/reference/txrevise/txrevise_annotations.rds
    wildcards: batch=55, n_batches=100
    resources: mem_mb=32000, disk_mb=1000, tmpdir=<TBD>, runtime=960, slurm_extra=--qos=general-compute
INFO:snakemake.logging:rule txrevise_construct_events:
    input: /vscratch/grp-songyao/pnfioric/pantry/intermediate/reference/txrevise/txrevise_annotations.rds
    output: /vscratch/grp-songyao/pnfioric/pantry/intermediate/reference/txrevise/batch/txrevise.grp_1.upstream.55_100.gff3, /vscratch/grp-songyao/pnfioric/pantry/intermediate/reference/txrevise/batch/txrevise.grp_2.upstream.55_100.gff3, /vscratch/grp-songyao/pnfioric/pantry/intermediate/reference/txrevise/batch/txrevise.grp_1.contained.55_100.gff3, /vscratch/grp-songyao/pnfioric/pantry/intermediate/reference/txrevise/batch/txrevise.grp_2.contained.55_100.gff3, /vscratch/grp-songyao/pnfioric/pantry/intermediate/reference/txrevise/batch/txrevise.grp_1.downstream.55_100.gff3, /vscratch/grp-songyao/pnfioric/pantry/intermediate/reference/txrevise/batch/txrevise.grp_2.downstream.55_100.gff3
    jobid: 63
    reason: Missing output files: /vscratch/grp-songyao/pnfioric/pantry/intermediate/reference/txrevise/batch/txrevise.grp_2.downstream.55_100.gff3, /vscratch/grp-songyao/pnfioric/pantry/intermediate/reference/txrevise/batch/txrevise.grp_1.upstream.55_100.gff3, /vscratch/grp-songyao/pnfioric/pantry/intermediate/reference/txrevise/batch/txrevise.grp_2.upstream.55_100.gff3, /vscratch/grp-songyao/pnfioric/pantry/intermediate/reference/txrevise/batch/txrevise.grp_1.downstream.55_100.gff3; Updated input files: /vscratch/grp-songyao/pnfioric/pantry/intermediate/reference/txrevise/txrevise_annotations.rds
    wildcards: batch=55, n_batches=100
    resources: mem_mb=32000, disk_mb=1000, tmpdir=<TBD>, runtime=960, slurm_extra=--qos=general-compute

INFO:snakemake.logging:
Submitted job 63 with external jobid 'Submitted batch job 24690877'.
WARNING:snakemake.logging:Submitted job 63 with external jobid 'Submitted batch job 24690877'.

INFO:snakemake.logging:
[Mon May 25 15:46:11 2026]
INFO:snakemake.logging:[Mon May 25 15:46:11 2026]
rule txrevise_construct_events:
    input: /vscratch/grp-songyao/pnfioric/pantry/intermediate/reference/txrevise/txrevise_annotations.rds
    output: /vscratch/grp-songyao/pnfioric/pantry/intermediate/reference/txrevise/batch/txrevise.grp_1.upstream.1_100.gff3, /vscratch/grp-songyao/pnfioric/pantry/intermediate/reference/txrevise/batch/txrevise.grp_2.upstream.1_100.gff3, /vscratch/grp-songyao/pnfioric/pantry/intermediate/reference/txrevise/batch/txrevise.grp_1.contained.1_100.gff3, /vscratch/grp-songyao/pnfioric/pantry/intermediate/reference/txrevise/batch/txrevise.grp_2.contained.1_100.gff3, /vscratch/grp-songyao/pnfioric/pantry/intermediate/reference/txrevise/batch/txrevise.grp_1.downstream.1_100.gff3, /vscratch/grp-songyao/pnfioric/pantry/intermediate/reference/txrevise/batch/txrevise.grp_2.downstream.1_100.gff3
    jobid: 7
    reason: Missing output files: /vscratch/grp-songyao/pnfioric/pantry/intermediate/reference/txrevise/batch/txrevise.grp_1.downstream.1_100.gff3, /vscratch/grp-songyao/pnfioric/pantry/intermediate/reference/txrevise/batch/txrevise.grp_2.upstream.1_100.gff3, /vscratch/grp-songyao/pnfioric/pantry/intermediate/reference/txrevise/batch/txrevise.grp_1.upstream.1_100.gff3, /vscratch/grp-songyao/pnfioric/pantry/intermediate/reference/txrevise/batch/txrevise.grp_2.downstream.1_100.gff3; Updated input files: /vscratch/grp-songyao/pnfioric/pantry/intermediate/reference/txrevise/txrevise_annotations.rds
    wildcards: batch=1, n_batches=100
    resources: mem_mb=32000, disk_mb=1000, tmpdir=<TBD>, runtime=960, slurm_extra=--qos=general-compute
INFO:snakemake.logging:rule txrevise_construct_events:
    input: /vscratch/grp-songyao/pnfioric/pantry/intermediate/reference/txrevise/txrevise_annotations.rds
    output: /vscratch/grp-songyao/pnfioric/pantry/intermediate/reference/txrevise/batch/txrevise.grp_1.upstream.1_100.gff3, /vscratch/grp-songyao/pnfioric/pantry/intermediate/reference/txrevise/batch/txrevise.grp_2.upstream.1_100.gff3, /vscratch/grp-songyao/pnfioric/pantry/intermediate/reference/txrevise/batch/txrevise.grp_1.contained.1_100.gff3, /vscratch/grp-songyao/pnfioric/pantry/intermediate/reference/txrevise/batch/txrevise.grp_2.contained.1_100.gff3, /vscratch/grp-songyao/pnfioric/pantry/intermediate/reference/txrevise/batch/txrevise.grp_1.downstream.1_100.gff3, /vscratch/grp-songyao/pnfioric/pantry/intermediate/reference/txrevise/batch/txrevise.grp_2.downstream.1_100.gff3
    jobid: 7
    reason: Missing output files: /vscratch/grp-songyao/pnfioric/pantry/intermediate/reference/txrevise/batch/txrevise.grp_1.downstream.1_100.gff3, /vscratch/grp-songyao/pnfioric/pantry/intermediate/reference/txrevise/batch/txrevise.grp_2.upstream.1_100.gff3, /vscratch/grp-songyao/pnfioric/pantry/intermediate/reference/txrevise/batch/txrevise.grp_1.upstream.1_100.gff3, /vscratch/grp-songyao/pnfioric/pantry/intermediate/reference/txrevise/batch/txrevise.grp_2.downstream.1_100.gff3; Updated input files: /vscratch/grp-songyao/pnfioric/pantry/intermediate/reference/txrevise/txrevise_annotations.rds
    wildcards: batch=1, n_batches=100
    resources: mem_mb=32000, disk_mb=1000, tmpdir=<TBD>, runtime=960, slurm_extra=--qos=general-compute

INFO:snakemake.logging:
Submitted job 7 with external jobid 'Submitted batch job 24690878'.
WARNING:snakemake.logging:Submitted job 7 with external jobid 'Submitted batch job 24690878'.

INFO:snakemake.logging:
[Mon May 25 15:46:11 2026]
INFO:snakemake.logging:[Mon May 25 15:46:11 2026]
rule txrevise_construct_events:
    input: /vscratch/grp-songyao/pnfioric/pantry/intermediate/reference/txrevise/txrevise_annotations.rds
    output: /vscratch/grp-songyao/pnfioric/pantry/intermediate/reference/txrevise/batch/txrevise.grp_1.upstream.41_100.gff3, /vscratch/grp-songyao/pnfioric/pantry/intermediate/reference/txrevise/batch/txrevise.grp_2.upstream.41_100.gff3, /vscratch/grp-songyao/pnfioric/pantry/intermediate/reference/txrevise/batch/txrevise.grp_1.contained.41_100.gff3, /vscratch/grp-songyao/pnfioric/pantry/intermediate/reference/txrevise/batch/txrevise.grp_2.contained.41_100.gff3, /vscratch/grp-songyao/pnfioric/pantry/intermediate/reference/txrevise/batch/txrevise.grp_1.downstream.41_100.gff3, /vscratch/grp-songyao/pnfioric/pantry/intermediate/reference/txrevise/batch/txrevise.grp_2.downstream.41_100.gff3
    jobid: 49
    reason: Missing output files: /vscratch/grp-songyao/pnfioric/pantry/intermediate/reference/txrevise/batch/txrevise.grp_2.upstream.41_100.gff3, /vscratch/grp-songyao/pnfioric/pantry/intermediate/reference/txrevise/batch/txrevise.grp_1.upstream.41_100.gff3, /vscratch/grp-songyao/pnfioric/pantry/intermediate/reference/txrevise/batch/txrevise.grp_1.downstream.41_100.gff3, /vscratch/grp-songyao/pnfioric/pantry/intermediate/reference/txrevise/batch/txrevise.grp_2.downstream.41_100.gff3; Updated input files: /vscratch/grp-songyao/pnfioric/pantry/intermediate/reference/txrevise/txrevise_annotations.rds
    wildcards: batch=41, n_batches=100
    resources: mem_mb=32000, disk_mb=1000, tmpdir=<TBD>, runtime=960, slurm_extra=--qos=general-compute
INFO:snakemake.logging:rule txrevise_construct_events:
    input: /vscratch/grp-songyao/pnfioric/pantry/intermediate/reference/txrevise/txrevise_annotations.rds
    output: /vscratch/grp-songyao/pnfioric/pantry/intermediate/reference/txrevise/batch/txrevise.grp_1.upstream.41_100.gff3, /vscratch/grp-songyao/pnfioric/pantry/intermediate/reference/txrevise/batch/txrevise.grp_2.upstream.41_100.gff3, /vscratch/grp-songyao/pnfioric/pantry/intermediate/reference/txrevise/batch/txrevise.grp_1.contained.41_100.gff3, /vscratch/grp-songyao/pnfioric/pantry/intermediate/reference/txrevise/batch/txrevise.grp_2.contained.41_100.gff3, /vscratch/grp-songyao/pnfioric/pantry/intermediate/reference/txrevise/batch/txrevise.grp_1.downstream.41_100.gff3, /vscratch/grp-songyao/pnfioric/pantry/intermediate/reference/txrevise/batch/txrevise.grp_2.downstream.41_100.gff3
    jobid: 49
    reason: Missing output files: /vscratch/grp-songyao/pnfioric/pantry/intermediate/reference/txrevise/batch/txrevise.grp_2.upstream.41_100.gff3, /vscratch/grp-songyao/pnfioric/pantry/intermediate/reference/txrevise/batch/txrevise.grp_1.upstream.41_100.gff3, /vscratch/grp-songyao/pnfioric/pantry/intermediate/reference/txrevise/batch/txrevise.grp_1.downstream.41_100.gff3, /vscratch/grp-songyao/pnfioric/pantry/intermediate/reference/txrevise/batch/txrevise.grp_2.downstream.41_100.gff3; Updated input files: /vscratch/grp-songyao/pnfioric/pantry/intermediate/reference/txrevise/txrevise_annotations.rds
    wildcards: batch=41, n_batches=100
    resources: mem_mb=32000, disk_mb=1000, tmpdir=<TBD>, runtime=960, slurm_extra=--qos=general-compute

INFO:snakemake.logging:
Submitted job 49 with external jobid 'Submitted batch job 24690879'.
WARNING:snakemake.logging:Submitted job 49 with external jobid 'Submitted batch job 24690879'.

INFO:snakemake.logging:
[Mon May 25 15:46:11 2026]
INFO:snakemake.logging:[Mon May 25 15:46:11 2026]
rule txrevise_construct_events:
    input: /vscratch/grp-songyao/pnfioric/pantry/intermediate/reference/txrevise/txrevise_annotations.rds
    output: /vscratch/grp-songyao/pnfioric/pantry/intermediate/reference/txrevise/batch/txrevise.grp_1.upstream.69_100.gff3, /vscratch/grp-songyao/pnfioric/pantry/intermediate/reference/txrevise/batch/txrevise.grp_2.upstream.69_100.gff3, /vscratch/grp-songyao/pnfioric/pantry/intermediate/reference/txrevise/batch/txrevise.grp_1.contained.69_100.gff3, /vscratch/grp-songyao/pnfioric/pantry/intermediate/reference/txrevise/batch/txrevise.grp_2.contained.69_100.gff3, /vscratch/grp-songyao/pnfioric/pantry/intermediate/reference/txrevise/batch/txrevise.grp_1.downstream.69_100.gff3, /vscratch/grp-songyao/pnfioric/pantry/intermediate/reference/txrevise/batch/txrevise.grp_2.downstream.69_100.gff3
    jobid: 77
    reason: Missing output files: /vscratch/grp-songyao/pnfioric/pantry/intermediate/reference/txrevise/batch/txrevise.grp_2.downstream.69_100.gff3, /vscratch/grp-songyao/pnfioric/pantry/intermediate/reference/txrevise/batch/txrevise.grp_1.upstream.69_100.gff3, /vscratch/grp-songyao/pnfioric/pantry/intermediate/reference/txrevise/batch/txrevise.grp_1.downstream.69_100.gff3, /vscratch/grp-songyao/pnfioric/pantry/intermediate/reference/txrevise/batch/txrevise.grp_2.upstream.69_100.gff3; Updated input files: /vscratch/grp-songyao/pnfioric/pantry/intermediate/reference/txrevise/txrevise_annotations.rds
    wildcards: batch=69, n_batches=100
    resources: mem_mb=32000, disk_mb=1000, tmpdir=<TBD>, runtime=960, slurm_extra=--qos=general-compute
INFO:snakemake.logging:rule txrevise_construct_events:
    input: /vscratch/grp-songyao/pnfioric/pantry/intermediate/reference/txrevise/txrevise_annotations.rds
    output: /vscratch/grp-songyao/pnfioric/pantry/intermediate/reference/txrevise/batch/txrevise.grp_1.upstream.69_100.gff3, /vscratch/grp-songyao/pnfioric/pantry/intermediate/reference/txrevise/batch/txrevise.grp_2.upstream.69_100.gff3, /vscratch/grp-songyao/pnfioric/pantry/intermediate/reference/txrevise/batch/txrevise.grp_1.contained.69_100.gff3, /vscratch/grp-songyao/pnfioric/pantry/intermediate/reference/txrevise/batch/txrevise.grp_2.contained.69_100.gff3, /vscratch/grp-songyao/pnfioric/pantry/intermediate/reference/txrevise/batch/txrevise.grp_1.downstream.69_100.gff3, /vscratch/grp-songyao/pnfioric/pantry/intermediate/reference/txrevise/batch/txrevise.grp_2.downstream.69_100.gff3
    jobid: 77
    reason: Missing output files: /vscratch/grp-songyao/pnfioric/pantry/intermediate/reference/txrevise/batch/txrevise.grp_2.downstream.69_100.gff3, /vscratch/grp-songyao/pnfioric/pantry/intermediate/reference/txrevise/batch/txrevise.grp_1.upstream.69_100.gff3, /vscratch/grp-songyao/pnfioric/pantry/intermediate/reference/txrevise/batch/txrevise.grp_1.downstream.69_100.gff3, /vscratch/grp-songyao/pnfioric/pantry/intermediate/reference/txrevise/batch/txrevise.grp_2.upstream.69_100.gff3; Updated input files: /vscratch/grp-songyao/pnfioric/pantry/intermediate/reference/txrevise/txrevise_annotations.rds
    wildcards: batch=69, n_batches=100
    resources: mem_mb=32000, disk_mb=1000, tmpdir=<TBD>, runtime=960, slurm_extra=--qos=general-compute

INFO:snakemake.logging:
Submitted job 77 with external jobid 'Submitted batch job 24690880'.
WARNING:snakemake.logging:Submitted job 77 with external jobid 'Submitted batch job 24690880'.

INFO:snakemake.logging:
[Mon May 25 15:46:11 2026]
INFO:snakemake.logging:[Mon May 25 15:46:11 2026]
rule txrevise_construct_events:
    input: /vscratch/grp-songyao/pnfioric/pantry/intermediate/reference/txrevise/txrevise_annotations.rds
    output: /vscratch/grp-songyao/pnfioric/pantry/intermediate/reference/txrevise/batch/txrevise.grp_1.upstream.13_100.gff3, /vscratch/grp-songyao/pnfioric/pantry/intermediate/reference/txrevise/batch/txrevise.grp_2.upstream.13_100.gff3, /vscratch/grp-songyao/pnfioric/pantry/intermediate/reference/txrevise/batch/txrevise.grp_1.contained.13_100.gff3, /vscratch/grp-songyao/pnfioric/pantry/intermediate/reference/txrevise/batch/txrevise.grp_2.contained.13_100.gff3, /vscratch/grp-songyao/pnfioric/pantry/intermediate/reference/txrevise/batch/txrevise.grp_1.downstream.13_100.gff3, /vscratch/grp-songyao/pnfioric/pantry/intermediate/reference/txrevise/batch/txrevise.grp_2.downstream.13_100.gff3
    jobid: 21
    reason: Missing output files: /vscratch/grp-songyao/pnfioric/pantry/intermediate/reference/txrevise/batch/txrevise.grp_2.downstream.13_100.gff3, /vscratch/grp-songyao/pnfioric/pantry/intermediate/reference/txrevise/batch/txrevise.grp_2.upstream.13_100.gff3, /vscratch/grp-songyao/pnfioric/pantry/intermediate/reference/txrevise/batch/txrevise.grp_1.downstream.13_100.gff3, /vscratch/grp-songyao/pnfioric/pantry/intermediate/reference/txrevise/batch/txrevise.grp_1.upstream.13_100.gff3; Updated input files: /vscratch/grp-songyao/pnfioric/pantry/intermediate/reference/txrevise/txrevise_annotations.rds
    wildcards: batch=13, n_batches=100
    resources: mem_mb=32000, disk_mb=1000, tmpdir=<TBD>, runtime=960, slurm_extra=--qos=general-compute
INFO:snakemake.logging:rule txrevise_construct_events:
    input: /vscratch/grp-songyao/pnfioric/pantry/intermediate/reference/txrevise/txrevise_annotations.rds
    output: /vscratch/grp-songyao/pnfioric/pantry/intermediate/reference/txrevise/batch/txrevise.grp_1.upstream.13_100.gff3, /vscratch/grp-songyao/pnfioric/pantry/intermediate/reference/txrevise/batch/txrevise.grp_2.upstream.13_100.gff3, /vscratch/grp-songyao/pnfioric/pantry/intermediate/reference/txrevise/batch/txrevise.grp_1.contained.13_100.gff3, /vscratch/grp-songyao/pnfioric/pantry/intermediate/reference/txrevise/batch/txrevise.grp_2.contained.13_100.gff3, /vscratch/grp-songyao/pnfioric/pantry/intermediate/reference/txrevise/batch/txrevise.grp_1.downstream.13_100.gff3, /vscratch/grp-songyao/pnfioric/pantry/intermediate/reference/txrevise/batch/txrevise.grp_2.downstream.13_100.gff3
    jobid: 21
    reason: Missing output files: /vscratch/grp-songyao/pnfioric/pantry/intermediate/reference/txrevise/batch/txrevise.grp_2.downstream.13_100.gff3, /vscratch/grp-songyao/pnfioric/pantry/intermediate/reference/txrevise/batch/txrevise.grp_2.upstream.13_100.gff3, /vscratch/grp-songyao/pnfioric/pantry/intermediate/reference/txrevise/batch/txrevise.grp_1.downstream.13_100.gff3, /vscratch/grp-songyao/pnfioric/pantry/intermediate/reference/txrevise/batch/txrevise.grp_1.upstream.13_100.gff3; Updated input files: /vscratch/grp-songyao/pnfioric/pantry/intermediate/reference/txrevise/txrevise_annotations.rds
    wildcards: batch=13, n_batches=100
    resources: mem_mb=32000, disk_mb=1000, tmpdir=<TBD>, runtime=960, slurm_extra=--qos=general-compute

INFO:snakemake.logging:
Submitted job 21 with external jobid 'Submitted batch job 24690881'.
WARNING:snakemake.logging:Submitted job 21 with external jobid 'Submitted batch job 24690881'.

INFO:snakemake.logging:
[Mon May 25 15:46:12 2026]
INFO:snakemake.logging:[Mon May 25 15:46:12 2026]
rule txrevise_construct_events:
    input: /vscratch/grp-songyao/pnfioric/pantry/intermediate/reference/txrevise/txrevise_annotations.rds
    output: /vscratch/grp-songyao/pnfioric/pantry/intermediate/reference/txrevise/batch/txrevise.grp_1.upstream.97_100.gff3, /vscratch/grp-songyao/pnfioric/pantry/intermediate/reference/txrevise/batch/txrevise.grp_2.upstream.97_100.gff3, /vscratch/grp-songyao/pnfioric/pantry/intermediate/reference/txrevise/batch/txrevise.grp_1.contained.97_100.gff3, /vscratch/grp-songyao/pnfioric/pantry/intermediate/reference/txrevise/batch/txrevise.grp_2.contained.97_100.gff3, /vscratch/grp-songyao/pnfioric/pantry/intermediate/reference/txrevise/batch/txrevise.grp_1.downstream.97_100.gff3, /vscratch/grp-songyao/pnfioric/pantry/intermediate/reference/txrevise/batch/txrevise.grp_2.downstream.97_100.gff3
    jobid: 105
    reason: Missing output files: /vscratch/grp-songyao/pnfioric/pantry/intermediate/reference/txrevise/batch/txrevise.grp_1.upstream.97_100.gff3, /vscratch/grp-songyao/pnfioric/pantry/intermediate/reference/txrevise/batch/txrevise.grp_2.upstream.97_100.gff3, /vscratch/grp-songyao/pnfioric/pantry/intermediate/reference/txrevise/batch/txrevise.grp_2.downstream.97_100.gff3, /vscratch/grp-songyao/pnfioric/pantry/intermediate/reference/txrevise/batch/txrevise.grp_1.downstream.97_100.gff3; Updated input files: /vscratch/grp-songyao/pnfioric/pantry/intermediate/reference/txrevise/txrevise_annotations.rds
    wildcards: batch=97, n_batches=100
    resources: mem_mb=32000, disk_mb=1000, tmpdir=<TBD>, runtime=960, slurm_extra=--qos=general-compute
INFO:snakemake.logging:rule txrevise_construct_events:
    input: /vscratch/grp-songyao/pnfioric/pantry/intermediate/reference/txrevise/txrevise_annotations.rds
    output: /vscratch/grp-songyao/pnfioric/pantry/intermediate/reference/txrevise/batch/txrevise.grp_1.upstream.97_100.gff3, /vscratch/grp-songyao/pnfioric/pantry/intermediate/reference/txrevise/batch/txrevise.grp_2.upstream.97_100.gff3, /vscratch/grp-songyao/pnfioric/pantry/intermediate/reference/txrevise/batch/txrevise.grp_1.contained.97_100.gff3, /vscratch/grp-songyao/pnfioric/pantry/intermediate/reference/txrevise/batch/txrevise.grp_2.contained.97_100.gff3, /vscratch/grp-songyao/pnfioric/pantry/intermediate/reference/txrevise/batch/txrevise.grp_1.downstream.97_100.gff3, /vscratch/grp-songyao/pnfioric/pantry/intermediate/reference/txrevise/batch/txrevise.grp_2.downstream.97_100.gff3
    jobid: 105
    reason: Missing output files: /vscratch/grp-songyao/pnfioric/pantry/intermediate/reference/txrevise/batch/txrevise.grp_1.upstream.97_100.gff3, /vscratch/grp-songyao/pnfioric/pantry/intermediate/reference/txrevise/batch/txrevise.grp_2.upstream.97_100.gff3, /vscratch/grp-songyao/pnfioric/pantry/intermediate/reference/txrevise/batch/txrevise.grp_2.downstream.97_100.gff3, /vscratch/grp-songyao/pnfioric/pantry/intermediate/reference/txrevise/batch/txrevise.grp_1.downstream.97_100.gff3; Updated input files: /vscratch/grp-songyao/pnfioric/pantry/intermediate/reference/txrevise/txrevise_annotations.rds
    wildcards: batch=97, n_batches=100
    resources: mem_mb=32000, disk_mb=1000, tmpdir=<TBD>, runtime=960, slurm_extra=--qos=general-compute

INFO:snakemake.logging:
Submitted job 105 with external jobid 'Submitted batch job 24690882'.
WARNING:snakemake.logging:Submitted job 105 with external jobid 'Submitted batch job 24690882'.

INFO:snakemake.logging:
[Mon May 25 15:46:12 2026]
INFO:snakemake.logging:[Mon May 25 15:46:12 2026]
rule txrevise_construct_events:
    input: /vscratch/grp-songyao/pnfioric/pantry/intermediate/reference/txrevise/txrevise_annotations.rds
    output: /vscratch/grp-songyao/pnfioric/pantry/intermediate/reference/txrevise/batch/txrevise.grp_1.upstream.56_100.gff3, /vscratch/grp-songyao/pnfioric/pantry/intermediate/reference/txrevise/batch/txrevise.grp_2.upstream.56_100.gff3, /vscratch/grp-songyao/pnfioric/pantry/intermediate/reference/txrevise/batch/txrevise.grp_1.contained.56_100.gff3, /vscratch/grp-songyao/pnfioric/pantry/intermediate/reference/txrevise/batch/txrevise.grp_2.contained.56_100.gff3, /vscratch/grp-songyao/pnfioric/pantry/intermediate/reference/txrevise/batch/txrevise.grp_1.downstream.56_100.gff3, /vscratch/grp-songyao/pnfioric/pantry/intermediate/reference/txrevise/batch/txrevise.grp_2.downstream.56_100.gff3
    jobid: 64
    reason: Missing output files: /vscratch/grp-songyao/pnfioric/pantry/intermediate/reference/txrevise/batch/txrevise.grp_2.upstream.56_100.gff3, /vscratch/grp-songyao/pnfioric/pantry/intermediate/reference/txrevise/batch/txrevise.grp_2.downstream.56_100.gff3, /vscratch/grp-songyao/pnfioric/pantry/intermediate/reference/txrevise/batch/txrevise.grp_1.upstream.56_100.gff3, /vscratch/grp-songyao/pnfioric/pantry/intermediate/reference/txrevise/batch/txrevise.grp_1.downstream.56_100.gff3; Updated input files: /vscratch/grp-songyao/pnfioric/pantry/intermediate/reference/txrevise/txrevise_annotations.rds
    wildcards: batch=56, n_batches=100
    resources: mem_mb=32000, disk_mb=1000, tmpdir=<TBD>, runtime=960, slurm_extra=--qos=general-compute
INFO:snakemake.logging:rule txrevise_construct_events:
    input: /vscratch/grp-songyao/pnfioric/pantry/intermediate/reference/txrevise/txrevise_annotations.rds
    output: /vscratch/grp-songyao/pnfioric/pantry/intermediate/reference/txrevise/batch/txrevise.grp_1.upstream.56_100.gff3, /vscratch/grp-songyao/pnfioric/pantry/intermediate/reference/txrevise/batch/txrevise.grp_2.upstream.56_100.gff3, /vscratch/grp-songyao/pnfioric/pantry/intermediate/reference/txrevise/batch/txrevise.grp_1.contained.56_100.gff3, /vscratch/grp-songyao/pnfioric/pantry/intermediate/reference/txrevise/batch/txrevise.grp_2.contained.56_100.gff3, /vscratch/grp-songyao/pnfioric/pantry/intermediate/reference/txrevise/batch/txrevise.grp_1.downstream.56_100.gff3, /vscratch/grp-songyao/pnfioric/pantry/intermediate/reference/txrevise/batch/txrevise.grp_2.downstream.56_100.gff3
    jobid: 64
    reason: Missing output files: /vscratch/grp-songyao/pnfioric/pantry/intermediate/reference/txrevise/batch/txrevise.grp_2.upstream.56_100.gff3, /vscratch/grp-songyao/pnfioric/pantry/intermediate/reference/txrevise/batch/txrevise.grp_2.downstream.56_100.gff3, /vscratch/grp-songyao/pnfioric/pantry/intermediate/reference/txrevise/batch/txrevise.grp_1.upstream.56_100.gff3, /vscratch/grp-songyao/pnfioric/pantry/intermediate/reference/txrevise/batch/txrevise.grp_1.downstream.56_100.gff3; Updated input files: /vscratch/grp-songyao/pnfioric/pantry/intermediate/reference/txrevise/txrevise_annotations.rds
    wildcards: batch=56, n_batches=100
    resources: mem_mb=32000, disk_mb=1000, tmpdir=<TBD>, runtime=960, slurm_extra=--qos=general-compute

INFO:snakemake.logging:
Submitted job 64 with external jobid 'Submitted batch job 24690883'.
WARNING:snakemake.logging:Submitted job 64 with external jobid 'Submitted batch job 24690883'.

INFO:snakemake.logging:
[Mon May 25 15:46:12 2026]
INFO:snakemake.logging:[Mon May 25 15:46:12 2026]
rule run_featureCounts:
    input: /vscratch/grp-songyao/pnfioric/pantry/intermediate/bam/RS-04199405.bam, /vscratch/grp-songyao/pnfioric/pantry/intermediate/reference/constit_exons.gtf
    output: /vscratch/grp-songyao/pnfioric/pantry/intermediate/stability/RS-04199405.constit_exons.counts.txt
    jobid: 8070
    reason: Missing output files: /vscratch/grp-songyao/pnfioric/pantry/intermediate/stability/RS-04199405.constit_exons.counts.txt; Updated input files: /vscratch/grp-songyao/pnfioric/pantry/intermediate/bam/RS-04199405.bam, /vscratch/grp-songyao/pnfioric/pantry/intermediate/reference/constit_exons.gtf
    wildcards: sample_id=RS-04199405, feature_type=constit_exons
    threads: 8
    resources: mem_mb=60000, disk_mb=1000, tmpdir=<TBD>, runtime=04:00:00, slurm_extra=--qos=general-compute
INFO:snakemake.logging:rule run_featureCounts:
    input: /vscratch/grp-songyao/pnfioric/pantry/intermediate/bam/RS-04199405.bam, /vscratch/grp-songyao/pnfioric/pantry/intermediate/reference/constit_exons.gtf
    output: /vscratch/grp-songyao/pnfioric/pantry/intermediate/stability/RS-04199405.constit_exons.counts.txt
    jobid: 8070
    reason: Missing output files: /vscratch/grp-songyao/pnfioric/pantry/intermediate/stability/RS-04199405.constit_exons.counts.txt; Updated input files: /vscratch/grp-songyao/pnfioric/pantry/intermediate/bam/RS-04199405.bam, /vscratch/grp-songyao/pnfioric/pantry/intermediate/reference/constit_exons.gtf
    wildcards: sample_id=RS-04199405, feature_type=constit_exons
    threads: 8
    resources: mem_mb=60000, disk_mb=1000, tmpdir=<TBD>, runtime=04:00:00, slurm_extra=--qos=general-compute

INFO:snakemake.logging:
Submitted job 8070 with external jobid 'Submitted batch job 24690884'.
WARNING:snakemake.logging:Submitted job 8070 with external jobid 'Submitted batch job 24690884'.

INFO:snakemake.logging:
[Mon May 25 15:46:12 2026]
INFO:snakemake.logging:[Mon May 25 15:46:12 2026]
rule txrevise_construct_events:
    input: /vscratch/grp-songyao/pnfioric/pantry/intermediate/reference/txrevise/txrevise_annotations.rds
    output: /vscratch/grp-songyao/pnfioric/pantry/intermediate/reference/txrevise/batch/txrevise.grp_1.upstream.42_100.gff3, /vscratch/grp-songyao/pnfioric/pantry/intermediate/reference/txrevise/batch/txrevise.grp_2.upstream.42_100.gff3, /vscratch/grp-songyao/pnfioric/pantry/intermediate/reference/txrevise/batch/txrevise.grp_1.contained.42_100.gff3, /vscratch/grp-songyao/pnfioric/pantry/intermediate/reference/txrevise/batch/txrevise.grp_2.contained.42_100.gff3, /vscratch/grp-songyao/pnfioric/pantry/intermediate/reference/txrevise/batch/txrevise.grp_1.downstream.42_100.gff3, /vscratch/grp-songyao/pnfioric/pantry/intermediate/reference/txrevise/batch/txrevise.grp_2.downstream.42_100.gff3
    jobid: 50
    reason: Missing output files: /vscratch/grp-songyao/pnfioric/pantry/intermediate/reference/txrevise/batch/txrevise.grp_1.downstream.42_100.gff3, /vscratch/grp-songyao/pnfioric/pantry/intermediate/reference/txrevise/batch/txrevise.grp_2.upstream.42_100.gff3, /vscratch/grp-songyao/pnfioric/pantry/intermediate/reference/txrevise/batch/txrevise.grp_2.downstream.42_100.gff3, /vscratch/grp-songyao/pnfioric/pantry/intermediate/reference/txrevise/batch/txrevise.grp_1.upstream.42_100.gff3; Updated input files: /vscratch/grp-songyao/pnfioric/pantry/intermediate/reference/txrevise/txrevise_annotations.rds
    wildcards: batch=42, n_batches=100
    resources: mem_mb=32000, disk_mb=1000, tmpdir=<TBD>, runtime=960, slurm_extra=--qos=general-compute
INFO:snakemake.logging:rule txrevise_construct_events:
    input: /vscratch/grp-songyao/pnfioric/pantry/intermediate/reference/txrevise/txrevise_annotations.rds
    output: /vscratch/grp-songyao/pnfioric/pantry/intermediate/reference/txrevise/batch/txrevise.grp_1.upstream.42_100.gff3, /vscratch/grp-songyao/pnfioric/pantry/intermediate/reference/txrevise/batch/txrevise.grp_2.upstream.42_100.gff3, /vscratch/grp-songyao/pnfioric/pantry/intermediate/reference/txrevise/batch/txrevise.grp_1.contained.42_100.gff3, /vscratch/grp-songyao/pnfioric/pantry/intermediate/reference/txrevise/batch/txrevise.grp_2.contained.42_100.gff3, /vscratch/grp-songyao/pnfioric/pantry/intermediate/reference/txrevise/batch/txrevise.grp_1.downstream.42_100.gff3, /vscratch/grp-songyao/pnfioric/pantry/intermediate/reference/txrevise/batch/txrevise.grp_2.downstream.42_100.gff3
    jobid: 50
    reason: Missing output files: /vscratch/grp-songyao/pnfioric/pantry/intermediate/reference/txrevise/batch/txrevise.grp_1.downstream.42_100.gff3, /vscratch/grp-songyao/pnfioric/pantry/intermediate/reference/txrevise/batch/txrevise.grp_2.upstream.42_100.gff3, /vscratch/grp-songyao/pnfioric/pantry/intermediate/reference/txrevise/batch/txrevise.grp_2.downstream.42_100.gff3, /vscratch/grp-songyao/pnfioric/pantry/intermediate/reference/txrevise/batch/txrevise.grp_1.upstream.42_100.gff3; Updated input files: /vscratch/grp-songyao/pnfioric/pantry/intermediate/reference/txrevise/txrevise_annotations.rds
    wildcards: batch=42, n_batches=100
    resources: mem_mb=32000, disk_mb=1000, tmpdir=<TBD>, runtime=960, slurm_extra=--qos=general-compute

INFO:snakemake.logging:
Submitted job 50 with external jobid 'Submitted batch job 24690885'.
WARNING:snakemake.logging:Submitted job 50 with external jobid 'Submitted batch job 24690885'.

INFO:snakemake.logging:
[Mon May 25 15:46:12 2026]
INFO:snakemake.logging:[Mon May 25 15:46:12 2026]
rule index_bam:
    input: /vscratch/grp-songyao/pnfioric/pantry/intermediate/bam/RS-04199405.bam
    output: /vscratch/grp-songyao/pnfioric/pantry/intermediate/bam/RS-04199405.bam.bai
    jobid: 5074
    reason: Missing output files: /vscratch/grp-songyao/pnfioric/pantry/intermediate/bam/RS-04199405.bam.bai; Updated input files: /vscratch/grp-songyao/pnfioric/pantry/intermediate/bam/RS-04199405.bam
    wildcards: basename=/vscratch/grp-songyao/pnfioric/pantry/intermediate/bam/RS-04199405
    threads: 8
    resources: mem_mb=60000, disk_mb=1000, tmpdir=<TBD>, runtime=04:00:00, slurm_extra=--qos=general-compute
INFO:snakemake.logging:rule index_bam:
    input: /vscratch/grp-songyao/pnfioric/pantry/intermediate/bam/RS-04199405.bam
    output: /vscratch/grp-songyao/pnfioric/pantry/intermediate/bam/RS-04199405.bam.bai
    jobid: 5074
    reason: Missing output files: /vscratch/grp-songyao/pnfioric/pantry/intermediate/bam/RS-04199405.bam.bai; Updated input files: /vscratch/grp-songyao/pnfioric/pantry/intermediate/bam/RS-04199405.bam
    wildcards: basename=/vscratch/grp-songyao/pnfioric/pantry/intermediate/bam/RS-04199405
    threads: 8
    resources: mem_mb=60000, disk_mb=1000, tmpdir=<TBD>, runtime=04:00:00, slurm_extra=--qos=general-compute

INFO:snakemake.logging:
Submitted job 5074 with external jobid 'Submitted batch job 24690886'.
WARNING:snakemake.logging:Submitted job 5074 with external jobid 'Submitted batch job 24690886'.

INFO:snakemake.logging:
[Mon May 25 15:46:12 2026]
INFO:snakemake.logging:[Mon May 25 15:46:12 2026]
rule txrevise_construct_events:
    input: /vscratch/grp-songyao/pnfioric/pantry/intermediate/reference/txrevise/txrevise_annotations.rds
    output: /vscratch/grp-songyao/pnfioric/pantry/intermediate/reference/txrevise/batch/txrevise.grp_1.upstream.70_100.gff3, /vscratch/grp-songyao/pnfioric/pantry/intermediate/reference/txrevise/batch/txrevise.grp_2.upstream.70_100.gff3, /vscratch/grp-songyao/pnfioric/pantry/intermediate/reference/txrevise/batch/txrevise.grp_1.contained.70_100.gff3, /vscratch/grp-songyao/pnfioric/pantry/intermediate/reference/txrevise/batch/txrevise.grp_2.contained.70_100.gff3, /vscratch/grp-songyao/pnfioric/pantry/intermediate/reference/txrevise/batch/txrevise.grp_1.downstream.70_100.gff3, /vscratch/grp-songyao/pnfioric/pantry/intermediate/reference/txrevise/batch/txrevise.grp_2.downstream.70_100.gff3
    jobid: 78
    reason: Missing output files: /vscratch/grp-songyao/pnfioric/pantry/intermediate/reference/txrevise/batch/txrevise.grp_2.downstream.70_100.gff3, /vscratch/grp-songyao/pnfioric/pantry/intermediate/reference/txrevise/batch/txrevise.grp_2.upstream.70_100.gff3, /vscratch/grp-songyao/pnfioric/pantry/intermediate/reference/txrevise/batch/txrevise.grp_1.downstream.70_100.gff3, /vscratch/grp-songyao/pnfioric/pantry/intermediate/reference/txrevise/batch/txrevise.grp_1.upstream.70_100.gff3; Updated input files: /vscratch/grp-songyao/pnfioric/pantry/intermediate/reference/txrevise/txrevise_annotations.rds
    wildcards: batch=70, n_batches=100
    resources: mem_mb=32000, disk_mb=1000, tmpdir=<TBD>, runtime=960, slurm_extra=--qos=general-compute
INFO:snakemake.logging:rule txrevise_construct_events:
    input: /vscratch/grp-songyao/pnfioric/pantry/intermediate/reference/txrevise/txrevise_annotations.rds
    output: /vscratch/grp-songyao/pnfioric/pantry/intermediate/reference/txrevise/batch/txrevise.grp_1.upstream.70_100.gff3, /vscratch/grp-songyao/pnfioric/pantry/intermediate/reference/txrevise/batch/txrevise.grp_2.upstream.70_100.gff3, /vscratch/grp-songyao/pnfioric/pantry/intermediate/reference/txrevise/batch/txrevise.grp_1.contained.70_100.gff3, /vscratch/grp-songyao/pnfioric/pantry/intermediate/reference/txrevise/batch/txrevise.grp_2.contained.70_100.gff3, /vscratch/grp-songyao/pnfioric/pantry/intermediate/reference/txrevise/batch/txrevise.grp_1.downstream.70_100.gff3, /vscratch/grp-songyao/pnfioric/pantry/intermediate/reference/txrevise/batch/txrevise.grp_2.downstream.70_100.gff3
    jobid: 78
    reason: Missing output files: /vscratch/grp-songyao/pnfioric/pantry/intermediate/reference/txrevise/batch/txrevise.grp_2.downstream.70_100.gff3, /vscratch/grp-songyao/pnfioric/pantry/intermediate/reference/txrevise/batch/txrevise.grp_2.upstream.70_100.gff3, /vscratch/grp-songyao/pnfioric/pantry/intermediate/reference/txrevise/batch/txrevise.grp_1.downstream.70_100.gff3, /vscratch/grp-songyao/pnfioric/pantry/intermediate/reference/txrevise/batch/txrevise.grp_1.upstream.70_100.gff3; Updated input files: /vscratch/grp-songyao/pnfioric/pantry/intermediate/reference/txrevise/txrevise_annotations.rds
    wildcards: batch=70, n_batches=100
    resources: mem_mb=32000, disk_mb=1000, tmpdir=<TBD>, runtime=960, slurm_extra=--qos=general-compute

INFO:snakemake.logging:
Submitted job 78 with external jobid 'Submitted batch job 24690887'.
WARNING:snakemake.logging:Submitted job 78 with external jobid 'Submitted batch job 24690887'.

INFO:snakemake.logging:
[Mon May 25 15:46:12 2026]
INFO:snakemake.logging:[Mon May 25 15:46:12 2026]
rule txrevise_construct_events:
    input: /vscratch/grp-songyao/pnfioric/pantry/intermediate/reference/txrevise/txrevise_annotations.rds
    output: /vscratch/grp-songyao/pnfioric/pantry/intermediate/reference/txrevise/batch/txrevise.grp_1.upstream.14_100.gff3, /vscratch/grp-songyao/pnfioric/pantry/intermediate/reference/txrevise/batch/txrevise.grp_2.upstream.14_100.gff3, /vscratch/grp-songyao/pnfioric/pantry/intermediate/reference/txrevise/batch/txrevise.grp_1.contained.14_100.gff3, /vscratch/grp-songyao/pnfioric/pantry/intermediate/reference/txrevise/batch/txrevise.grp_2.contained.14_100.gff3, /vscratch/grp-songyao/pnfioric/pantry/intermediate/reference/txrevise/batch/txrevise.grp_1.downstream.14_100.gff3, /vscratch/grp-songyao/pnfioric/pantry/intermediate/reference/txrevise/batch/txrevise.grp_2.downstream.14_100.gff3
    jobid: 22
    reason: Missing output files: /vscratch/grp-songyao/pnfioric/pantry/intermediate/reference/txrevise/batch/txrevise.grp_1.downstream.14_100.gff3, /vscratch/grp-songyao/pnfioric/pantry/intermediate/reference/txrevise/batch/txrevise.grp_2.downstream.14_100.gff3, /vscratch/grp-songyao/pnfioric/pantry/intermediate/reference/txrevise/batch/txrevise.grp_1.upstream.14_100.gff3, /vscratch/grp-songyao/pnfioric/pantry/intermediate/reference/txrevise/batch/txrevise.grp_2.upstream.14_100.gff3; Updated input files: /vscratch/grp-songyao/pnfioric/pantry/intermediate/reference/txrevise/txrevise_annotations.rds
    wildcards: batch=14, n_batches=100
    resources: mem_mb=32000, disk_mb=1000, tmpdir=<TBD>, runtime=960, slurm_extra=--qos=general-compute
INFO:snakemake.logging:rule txrevise_construct_events:
    input: /vscratch/grp-songyao/pnfioric/pantry/intermediate/reference/txrevise/txrevise_annotations.rds
    output: /vscratch/grp-songyao/pnfioric/pantry/intermediate/reference/txrevise/batch/txrevise.grp_1.upstream.14_100.gff3, /vscratch/grp-songyao/pnfioric/pantry/intermediate/reference/txrevise/batch/txrevise.grp_2.upstream.14_100.gff3, /vscratch/grp-songyao/pnfioric/pantry/intermediate/reference/txrevise/batch/txrevise.grp_1.contained.14_100.gff3, /vscratch/grp-songyao/pnfioric/pantry/intermediate/reference/txrevise/batch/txrevise.grp_2.contained.14_100.gff3, /vscratch/grp-songyao/pnfioric/pantry/intermediate/reference/txrevise/batch/txrevise.grp_1.downstream.14_100.gff3, /vscratch/grp-songyao/pnfioric/pantry/intermediate/reference/txrevise/batch/txrevise.grp_2.downstream.14_100.gff3
    jobid: 22
    reason: Missing output files: /vscratch/grp-songyao/pnfioric/pantry/intermediate/reference/txrevise/batch/txrevise.grp_1.downstream.14_100.gff3, /vscratch/grp-songyao/pnfioric/pantry/intermediate/reference/txrevise/batch/txrevise.grp_2.downstream.14_100.gff3, /vscratch/grp-songyao/pnfioric/pantry/intermediate/reference/txrevise/batch/txrevise.grp_1.upstream.14_100.gff3, /vscratch/grp-songyao/pnfioric/pantry/intermediate/reference/txrevise/batch/txrevise.grp_2.upstream.14_100.gff3; Updated input files: /vscratch/grp-songyao/pnfioric/pantry/intermediate/reference/txrevise/txrevise_annotations.rds
    wildcards: batch=14, n_batches=100
    resources: mem_mb=32000, disk_mb=1000, tmpdir=<TBD>, runtime=960, slurm_extra=--qos=general-compute

INFO:snakemake.logging:
Submitted job 22 with external jobid 'Submitted batch job 24690888'.
WARNING:snakemake.logging:Submitted job 22 with external jobid 'Submitted batch job 24690888'.

INFO:snakemake.logging:
[Mon May 25 15:46:12 2026]
INFO:snakemake.logging:[Mon May 25 15:46:12 2026]
rule txrevise_construct_events:
    input: /vscratch/grp-songyao/pnfioric/pantry/intermediate/reference/txrevise/txrevise_annotations.rds
    output: /vscratch/grp-songyao/pnfioric/pantry/intermediate/reference/txrevise/batch/txrevise.grp_1.upstream.98_100.gff3, /vscratch/grp-songyao/pnfioric/pantry/intermediate/reference/txrevise/batch/txrevise.grp_2.upstream.98_100.gff3, /vscratch/grp-songyao/pnfioric/pantry/intermediate/reference/txrevise/batch/txrevise.grp_1.contained.98_100.gff3, /vscratch/grp-songyao/pnfioric/pantry/intermediate/reference/txrevise/batch/txrevise.grp_2.contained.98_100.gff3, /vscratch/grp-songyao/pnfioric/pantry/intermediate/reference/txrevise/batch/txrevise.grp_1.downstream.98_100.gff3, /vscratch/grp-songyao/pnfioric/pantry/intermediate/reference/txrevise/batch/txrevise.grp_2.downstream.98_100.gff3
    jobid: 106
    reason: Missing output files: /vscratch/grp-songyao/pnfioric/pantry/intermediate/reference/txrevise/batch/txrevise.grp_1.upstream.98_100.gff3, /vscratch/grp-songyao/pnfioric/pantry/intermediate/reference/txrevise/batch/txrevise.grp_2.upstream.98_100.gff3, /vscratch/grp-songyao/pnfioric/pantry/intermediate/reference/txrevise/batch/txrevise.grp_1.downstream.98_100.gff3, /vscratch/grp-songyao/pnfioric/pantry/intermediate/reference/txrevise/batch/txrevise.grp_2.downstream.98_100.gff3; Updated input files: /vscratch/grp-songyao/pnfioric/pantry/intermediate/reference/txrevise/txrevise_annotations.rds
    wildcards: batch=98, n_batches=100
    resources: mem_mb=32000, disk_mb=1000, tmpdir=<TBD>, runtime=960, slurm_extra=--qos=general-compute
INFO:snakemake.logging:rule txrevise_construct_events:
    input: /vscratch/grp-songyao/pnfioric/pantry/intermediate/reference/txrevise/txrevise_annotations.rds
    output: /vscratch/grp-songyao/pnfioric/pantry/intermediate/reference/txrevise/batch/txrevise.grp_1.upstream.98_100.gff3, /vscratch/grp-songyao/pnfioric/pantry/intermediate/reference/txrevise/batch/txrevise.grp_2.upstream.98_100.gff3, /vscratch/grp-songyao/pnfioric/pantry/intermediate/reference/txrevise/batch/txrevise.grp_1.contained.98_100.gff3, /vscratch/grp-songyao/pnfioric/pantry/intermediate/reference/txrevise/batch/txrevise.grp_2.contained.98_100.gff3, /vscratch/grp-songyao/pnfioric/pantry/intermediate/reference/txrevise/batch/txrevise.grp_1.downstream.98_100.gff3, /vscratch/grp-songyao/pnfioric/pantry/intermediate/reference/txrevise/batch/txrevise.grp_2.downstream.98_100.gff3
    jobid: 106
    reason: Missing output files: /vscratch/grp-songyao/pnfioric/pantry/intermediate/reference/txrevise/batch/txrevise.grp_1.upstream.98_100.gff3, /vscratch/grp-songyao/pnfioric/pantry/intermediate/reference/txrevise/batch/txrevise.grp_2.upstream.98_100.gff3, /vscratch/grp-songyao/pnfioric/pantry/intermediate/reference/txrevise/batch/txrevise.grp_1.downstream.98_100.gff3, /vscratch/grp-songyao/pnfioric/pantry/intermediate/reference/txrevise/batch/txrevise.grp_2.downstream.98_100.gff3; Updated input files: /vscratch/grp-songyao/pnfioric/pantry/intermediate/reference/txrevise/txrevise_annotations.rds
    wildcards: batch=98, n_batches=100
    resources: mem_mb=32000, disk_mb=1000, tmpdir=<TBD>, runtime=960, slurm_extra=--qos=general-compute

INFO:snakemake.logging:
Submitted job 106 with external jobid 'Submitted batch job 24690889'.
WARNING:snakemake.logging:Submitted job 106 with external jobid 'Submitted batch job 24690889'.

INFO:snakemake.logging:
[Mon May 25 15:46:12 2026]
INFO:snakemake.logging:[Mon May 25 15:46:12 2026]
rule kallisto:
    input: /vscratch/grp-songyao/pnfioric/pantry/intermediate/reference/kallisto.idx, /projects/rpci/songyao/pnfioric/arc_project/airr_calculation/fastq_files/RS-04378750/RS-04378750_SSFS07003868-B8_RS-03568327_S143_R1_001.fastq.gz, /projects/rpci/songyao/pnfioric/arc_project/airr_calculation/fastq_files/RS-04378750/RS-04378750_SSFS07003868-B8_RS-03568327_S143_R2_001.fastq.gz
    output: /vscratch/grp-songyao/pnfioric/pantry/intermediate/expression/RS-04378750/abundance.h5, /vscratch/grp-songyao/pnfioric/pantry/intermediate/expression/RS-04378750/abundance.tsv, /vscratch/grp-songyao/pnfioric/pantry/intermediate/expression/RS-04378750/run_info.json
    jobid: 4109
    reason: Missing output files: /vscratch/grp-songyao/pnfioric/pantry/intermediate/expression/RS-04378750/abundance.tsv; Updated input files: /vscratch/grp-songyao/pnfioric/pantry/intermediate/reference/kallisto.idx
    wildcards: sample_id=RS-04378750
    threads: 16
    resources: mem_mb=1205, disk_mb=1205, tmpdir=<TBD>, runtime=16:00:00, slurm_extra=--qos=general-compute
INFO:snakemake.logging:rule kallisto:
    input: /vscratch/grp-songyao/pnfioric/pantry/intermediate/reference/kallisto.idx, /projects/rpci/songyao/pnfioric/arc_project/airr_calculation/fastq_files/RS-04378750/RS-04378750_SSFS07003868-B8_RS-03568327_S143_R1_001.fastq.gz, /projects/rpci/songyao/pnfioric/arc_project/airr_calculation/fastq_files/RS-04378750/RS-04378750_SSFS07003868-B8_RS-03568327_S143_R2_001.fastq.gz
    output: /vscratch/grp-songyao/pnfioric/pantry/intermediate/expression/RS-04378750/abundance.h5, /vscratch/grp-songyao/pnfioric/pantry/intermediate/expression/RS-04378750/abundance.tsv, /vscratch/grp-songyao/pnfioric/pantry/intermediate/expression/RS-04378750/run_info.json
    jobid: 4109
    reason: Missing output files: /vscratch/grp-songyao/pnfioric/pantry/intermediate/expression/RS-04378750/abundance.tsv; Updated input files: /vscratch/grp-songyao/pnfioric/pantry/intermediate/reference/kallisto.idx
    wildcards: sample_id=RS-04378750
    threads: 16
    resources: mem_mb=1205, disk_mb=1205, tmpdir=<TBD>, runtime=16:00:00, slurm_extra=--qos=general-compute

INFO:snakemake.logging:
Submitted job 4109 with external jobid 'Submitted batch job 24690890'.
WARNING:snakemake.logging:Submitted job 4109 with external jobid 'Submitted batch job 24690890'.

INFO:snakemake.logging:
[Mon May 25 15:46:12 2026]
INFO:snakemake.logging:[Mon May 25 15:46:12 2026]
rule txrevise_construct_events:
    input: /vscratch/grp-songyao/pnfioric/pantry/intermediate/reference/txrevise/txrevise_annotations.rds
    output: /vscratch/grp-songyao/pnfioric/pantry/intermediate/reference/txrevise/batch/txrevise.grp_1.upstream.57_100.gff3, /vscratch/grp-songyao/pnfioric/pantry/intermediate/reference/txrevise/batch/txrevise.grp_2.upstream.57_100.gff3, /vscratch/grp-songyao/pnfioric/pantry/intermediate/reference/txrevise/batch/txrevise.grp_1.contained.57_100.gff3, /vscratch/grp-songyao/pnfioric/pantry/intermediate/reference/txrevise/batch/txrevise.grp_2.contained.57_100.gff3, /vscratch/grp-songyao/pnfioric/pantry/intermediate/reference/txrevise/batch/txrevise.grp_1.downstream.57_100.gff3, /vscratch/grp-songyao/pnfioric/pantry/intermediate/reference/txrevise/batch/txrevise.grp_2.downstream.57_100.gff3
    jobid: 65
    reason: Missing output files: /vscratch/grp-songyao/pnfioric/pantry/intermediate/reference/txrevise/batch/txrevise.grp_1.upstream.57_100.gff3, /vscratch/grp-songyao/pnfioric/pantry/intermediate/reference/txrevise/batch/txrevise.grp_2.upstream.57_100.gff3, /vscratch/grp-songyao/pnfioric/pantry/intermediate/reference/txrevise/batch/txrevise.grp_2.downstream.57_100.gff3, /vscratch/grp-songyao/pnfioric/pantry/intermediate/reference/txrevise/batch/txrevise.grp_1.downstream.57_100.gff3; Updated input files: /vscratch/grp-songyao/pnfioric/pantry/intermediate/reference/txrevise/txrevise_annotations.rds
    wildcards: batch=57, n_batches=100
    resources: mem_mb=32000, disk_mb=1000, tmpdir=<TBD>, runtime=960, slurm_extra=--qos=general-compute
INFO:snakemake.logging:rule txrevise_construct_events:
    input: /vscratch/grp-songyao/pnfioric/pantry/intermediate/reference/txrevise/txrevise_annotations.rds
    output: /vscratch/grp-songyao/pnfioric/pantry/intermediate/reference/txrevise/batch/txrevise.grp_1.upstream.57_100.gff3, /vscratch/grp-songyao/pnfioric/pantry/intermediate/reference/txrevise/batch/txrevise.grp_2.upstream.57_100.gff3, /vscratch/grp-songyao/pnfioric/pantry/intermediate/reference/txrevise/batch/txrevise.grp_1.contained.57_100.gff3, /vscratch/grp-songyao/pnfioric/pantry/intermediate/reference/txrevise/batch/txrevise.grp_2.contained.57_100.gff3, /vscratch/grp-songyao/pnfioric/pantry/intermediate/reference/txrevise/batch/txrevise.grp_1.downstream.57_100.gff3, /vscratch/grp-songyao/pnfioric/pantry/intermediate/reference/txrevise/batch/txrevise.grp_2.downstream.57_100.gff3
    jobid: 65
    reason: Missing output files: /vscratch/grp-songyao/pnfioric/pantry/intermediate/reference/txrevise/batch/txrevise.grp_1.upstream.57_100.gff3, /vscratch/grp-songyao/pnfioric/pantry/intermediate/reference/txrevise/batch/txrevise.grp_2.upstream.57_100.gff3, /vscratch/grp-songyao/pnfioric/pantry/intermediate/reference/txrevise/batch/txrevise.grp_2.downstream.57_100.gff3, /vscratch/grp-songyao/pnfioric/pantry/intermediate/reference/txrevise/batch/txrevise.grp_1.downstream.57_100.gff3; Updated input files: /vscratch/grp-songyao/pnfioric/pantry/intermediate/reference/txrevise/txrevise_annotations.rds
    wildcards: batch=57, n_batches=100
    resources: mem_mb=32000, disk_mb=1000, tmpdir=<TBD>, runtime=960, slurm_extra=--qos=general-compute

INFO:snakemake.logging:
Submitted job 65 with external jobid 'Submitted batch job 24690891'.
WARNING:snakemake.logging:Submitted job 65 with external jobid 'Submitted batch job 24690891'.

INFO:snakemake.logging:
[Mon May 25 15:46:13 2026]
INFO:snakemake.logging:[Mon May 25 15:46:13 2026]
rule txrevise_construct_events:
    input: /vscratch/grp-songyao/pnfioric/pantry/intermediate/reference/txrevise/txrevise_annotations.rds
    output: /vscratch/grp-songyao/pnfioric/pantry/intermediate/reference/txrevise/batch/txrevise.grp_1.upstream.43_100.gff3, /vscratch/grp-songyao/pnfioric/pantry/intermediate/reference/txrevise/batch/txrevise.grp_2.upstream.43_100.gff3, /vscratch/grp-songyao/pnfioric/pantry/intermediate/reference/txrevise/batch/txrevise.grp_1.contained.43_100.gff3, /vscratch/grp-songyao/pnfioric/pantry/intermediate/reference/txrevise/batch/txrevise.grp_2.contained.43_100.gff3, /vscratch/grp-songyao/pnfioric/pantry/intermediate/reference/txrevise/batch/txrevise.grp_1.downstream.43_100.gff3, /vscratch/grp-songyao/pnfioric/pantry/intermediate/reference/txrevise/batch/txrevise.grp_2.downstream.43_100.gff3
    jobid: 51
    reason: Missing output files: /vscratch/grp-songyao/pnfioric/pantry/intermediate/reference/txrevise/batch/txrevise.grp_2.downstream.43_100.gff3, /vscratch/grp-songyao/pnfioric/pantry/intermediate/reference/txrevise/batch/txrevise.grp_1.upstream.43_100.gff3, /vscratch/grp-songyao/pnfioric/pantry/intermediate/reference/txrevise/batch/txrevise.grp_2.upstream.43_100.gff3, /vscratch/grp-songyao/pnfioric/pantry/intermediate/reference/txrevise/batch/txrevise.grp_1.downstream.43_100.gff3; Updated input files: /vscratch/grp-songyao/pnfioric/pantry/intermediate/reference/txrevise/txrevise_annotations.rds
    wildcards: batch=43, n_batches=100
    resources: mem_mb=32000, disk_mb=1000, tmpdir=<TBD>, runtime=960, slurm_extra=--qos=general-compute
INFO:snakemake.logging:rule txrevise_construct_events:
    input: /vscratch/grp-songyao/pnfioric/pantry/intermediate/reference/txrevise/txrevise_annotations.rds
    output: /vscratch/grp-songyao/pnfioric/pantry/intermediate/reference/txrevise/batch/txrevise.grp_1.upstream.43_100.gff3, /vscratch/grp-songyao/pnfioric/pantry/intermediate/reference/txrevise/batch/txrevise.grp_2.upstream.43_100.gff3, /vscratch/grp-songyao/pnfioric/pantry/intermediate/reference/txrevise/batch/txrevise.grp_1.contained.43_100.gff3, /vscratch/grp-songyao/pnfioric/pantry/intermediate/reference/txrevise/batch/txrevise.grp_2.contained.43_100.gff3, /vscratch/grp-songyao/pnfioric/pantry/intermediate/reference/txrevise/batch/txrevise.grp_1.downstream.43_100.gff3, /vscratch/grp-songyao/pnfioric/pantry/intermediate/reference/txrevise/batch/txrevise.grp_2.downstream.43_100.gff3
    jobid: 51
    reason: Missing output files: /vscratch/grp-songyao/pnfioric/pantry/intermediate/reference/txrevise/batch/txrevise.grp_2.downstream.43_100.gff3, /vscratch/grp-songyao/pnfioric/pantry/intermediate/reference/txrevise/batch/txrevise.grp_1.upstream.43_100.gff3, /vscratch/grp-songyao/pnfioric/pantry/intermediate/reference/txrevise/batch/txrevise.grp_2.upstream.43_100.gff3, /vscratch/grp-songyao/pnfioric/pantry/intermediate/reference/txrevise/batch/txrevise.grp_1.downstream.43_100.gff3; Updated input files: /vscratch/grp-songyao/pnfioric/pantry/intermediate/reference/txrevise/txrevise_annotations.rds
    wildcards: batch=43, n_batches=100
    resources: mem_mb=32000, disk_mb=1000, tmpdir=<TBD>, runtime=960, slurm_extra=--qos=general-compute

INFO:snakemake.logging:
Submitted job 51 with external jobid 'Submitted batch job 24690892'.
WARNING:snakemake.logging:Submitted job 51 with external jobid 'Submitted batch job 24690892'.

INFO:snakemake.logging:
[Mon May 25 15:46:13 2026]
INFO:snakemake.logging:[Mon May 25 15:46:13 2026]
rule txrevise_construct_events:
    input: /vscratch/grp-songyao/pnfioric/pantry/intermediate/reference/txrevise/txrevise_annotations.rds
    output: /vscratch/grp-songyao/pnfioric/pantry/intermediate/reference/txrevise/batch/txrevise.grp_1.upstream.71_100.gff3, /vscratch/grp-songyao/pnfioric/pantry/intermediate/reference/txrevise/batch/txrevise.grp_2.upstream.71_100.gff3, /vscratch/grp-songyao/pnfioric/pantry/intermediate/reference/txrevise/batch/txrevise.grp_1.contained.71_100.gff3, /vscratch/grp-songyao/pnfioric/pantry/intermediate/reference/txrevise/batch/txrevise.grp_2.contained.71_100.gff3, /vscratch/grp-songyao/pnfioric/pantry/intermediate/reference/txrevise/batch/txrevise.grp_1.downstream.71_100.gff3, /vscratch/grp-songyao/pnfioric/pantry/intermediate/reference/txrevise/batch/txrevise.grp_2.downstream.71_100.gff3
    jobid: 79
    reason: Missing output files: /vscratch/grp-songyao/pnfioric/pantry/intermediate/reference/txrevise/batch/txrevise.grp_2.downstream.71_100.gff3, /vscratch/grp-songyao/pnfioric/pantry/intermediate/reference/txrevise/batch/txrevise.grp_1.downstream.71_100.gff3, /vscratch/grp-songyao/pnfioric/pantry/intermediate/reference/txrevise/batch/txrevise.grp_2.upstream.71_100.gff3, /vscratch/grp-songyao/pnfioric/pantry/intermediate/reference/txrevise/batch/txrevise.grp_1.upstream.71_100.gff3; Updated input files: /vscratch/grp-songyao/pnfioric/pantry/intermediate/reference/txrevise/txrevise_annotations.rds
    wildcards: batch=71, n_batches=100
    resources: mem_mb=32000, disk_mb=1000, tmpdir=<TBD>, runtime=960, slurm_extra=--qos=general-compute
INFO:snakemake.logging:rule txrevise_construct_events:
    input: /vscratch/grp-songyao/pnfioric/pantry/intermediate/reference/txrevise/txrevise_annotations.rds
    output: /vscratch/grp-songyao/pnfioric/pantry/intermediate/reference/txrevise/batch/txrevise.grp_1.upstream.71_100.gff3, /vscratch/grp-songyao/pnfioric/pantry/intermediate/reference/txrevise/batch/txrevise.grp_2.upstream.71_100.gff3, /vscratch/grp-songyao/pnfioric/pantry/intermediate/reference/txrevise/batch/txrevise.grp_1.contained.71_100.gff3, /vscratch/grp-songyao/pnfioric/pantry/intermediate/reference/txrevise/batch/txrevise.grp_2.contained.71_100.gff3, /vscratch/grp-songyao/pnfioric/pantry/intermediate/reference/txrevise/batch/txrevise.grp_1.downstream.71_100.gff3, /vscratch/grp-songyao/pnfioric/pantry/intermediate/reference/txrevise/batch/txrevise.grp_2.downstream.71_100.gff3
    jobid: 79
    reason: Missing output files: /vscratch/grp-songyao/pnfioric/pantry/intermediate/reference/txrevise/batch/txrevise.grp_2.downstream.71_100.gff3, /vscratch/grp-songyao/pnfioric/pantry/intermediate/reference/txrevise/batch/txrevise.grp_1.downstream.71_100.gff3, /vscratch/grp-songyao/pnfioric/pantry/intermediate/reference/txrevise/batch/txrevise.grp_2.upstream.71_100.gff3, /vscratch/grp-songyao/pnfioric/pantry/intermediate/reference/txrevise/batch/txrevise.grp_1.upstream.71_100.gff3; Updated input files: /vscratch/grp-songyao/pnfioric/pantry/intermediate/reference/txrevise/txrevise_annotations.rds
    wildcards: batch=71, n_batches=100
    resources: mem_mb=32000, disk_mb=1000, tmpdir=<TBD>, runtime=960, slurm_extra=--qos=general-compute

INFO:snakemake.logging:
Submitted job 79 with external jobid 'Submitted batch job 24690893'.
WARNING:snakemake.logging:Submitted job 79 with external jobid 'Submitted batch job 24690893'.

INFO:snakemake.logging:
[Mon May 25 15:46:13 2026]
INFO:snakemake.logging:[Mon May 25 15:46:13 2026]
rule run_featureCounts:
    input: /vscratch/grp-songyao/pnfioric/pantry/intermediate/bam/RS-04367396.bam, /vscratch/grp-songyao/pnfioric/pantry/intermediate/reference/constit_exons.gtf
    output: /vscratch/grp-songyao/pnfioric/pantry/intermediate/stability/RS-04367396.constit_exons.counts.txt
    jobid: 8169
    reason: Missing output files: /vscratch/grp-songyao/pnfioric/pantry/intermediate/stability/RS-04367396.constit_exons.counts.txt; Updated input files: /vscratch/grp-songyao/pnfioric/pantry/intermediate/bam/RS-04367396.bam, /vscratch/grp-songyao/pnfioric/pantry/intermediate/reference/constit_exons.gtf
    wildcards: sample_id=RS-04367396, feature_type=constit_exons
    threads: 8
    resources: mem_mb=60000, disk_mb=1000, tmpdir=<TBD>, runtime=04:00:00, slurm_extra=--qos=general-compute
INFO:snakemake.logging:rule run_featureCounts:
    input: /vscratch/grp-songyao/pnfioric/pantry/intermediate/bam/RS-04367396.bam, /vscratch/grp-songyao/pnfioric/pantry/intermediate/reference/constit_exons.gtf
    output: /vscratch/grp-songyao/pnfioric/pantry/intermediate/stability/RS-04367396.constit_exons.counts.txt
    jobid: 8169
    reason: Missing output files: /vscratch/grp-songyao/pnfioric/pantry/intermediate/stability/RS-04367396.constit_exons.counts.txt; Updated input files: /vscratch/grp-songyao/pnfioric/pantry/intermediate/bam/RS-04367396.bam, /vscratch/grp-songyao/pnfioric/pantry/intermediate/reference/constit_exons.gtf
    wildcards: sample_id=RS-04367396, feature_type=constit_exons
    threads: 8
    resources: mem_mb=60000, disk_mb=1000, tmpdir=<TBD>, runtime=04:00:00, slurm_extra=--qos=general-compute

INFO:snakemake.logging:
Submitted job 8169 with external jobid 'Submitted batch job 24690894'.
WARNING:snakemake.logging:Submitted job 8169 with external jobid 'Submitted batch job 24690894'.

INFO:snakemake.logging:
[Mon May 25 15:46:13 2026]
INFO:snakemake.logging:[Mon May 25 15:46:13 2026]
rule txrevise_construct_events:
    input: /vscratch/grp-songyao/pnfioric/pantry/intermediate/reference/txrevise/txrevise_annotations.rds
    output: /vscratch/grp-songyao/pnfioric/pantry/intermediate/reference/txrevise/batch/txrevise.grp_1.upstream.15_100.gff3, /vscratch/grp-songyao/pnfioric/pantry/intermediate/reference/txrevise/batch/txrevise.grp_2.upstream.15_100.gff3, /vscratch/grp-songyao/pnfioric/pantry/intermediate/reference/txrevise/batch/txrevise.grp_1.contained.15_100.gff3, /vscratch/grp-songyao/pnfioric/pantry/intermediate/reference/txrevise/batch/txrevise.grp_2.contained.15_100.gff3, /vscratch/grp-songyao/pnfioric/pantry/intermediate/reference/txrevise/batch/txrevise.grp_1.downstream.15_100.gff3, /vscratch/grp-songyao/pnfioric/pantry/intermediate/reference/txrevise/batch/txrevise.grp_2.downstream.15_100.gff3
    jobid: 23
    reason: Missing output files: /vscratch/grp-songyao/pnfioric/pantry/intermediate/reference/txrevise/batch/txrevise.grp_1.downstream.15_100.gff3, /vscratch/grp-songyao/pnfioric/pantry/intermediate/reference/txrevise/batch/txrevise.grp_1.upstream.15_100.gff3, /vscratch/grp-songyao/pnfioric/pantry/intermediate/reference/txrevise/batch/txrevise.grp_2.upstream.15_100.gff3, /vscratch/grp-songyao/pnfioric/pantry/intermediate/reference/txrevise/batch/txrevise.grp_2.downstream.15_100.gff3; Updated input files: /vscratch/grp-songyao/pnfioric/pantry/intermediate/reference/txrevise/txrevise_annotations.rds
    wildcards: batch=15, n_batches=100
    resources: mem_mb=32000, disk_mb=1000, tmpdir=<TBD>, runtime=960, slurm_extra=--qos=general-compute
INFO:snakemake.logging:rule txrevise_construct_events:
    input: /vscratch/grp-songyao/pnfioric/pantry/intermediate/reference/txrevise/txrevise_annotations.rds
    output: /vscratch/grp-songyao/pnfioric/pantry/intermediate/reference/txrevise/batch/txrevise.grp_1.upstream.15_100.gff3, /vscratch/grp-songyao/pnfioric/pantry/intermediate/reference/txrevise/batch/txrevise.grp_2.upstream.15_100.gff3, /vscratch/grp-songyao/pnfioric/pantry/intermediate/reference/txrevise/batch/txrevise.grp_1.contained.15_100.gff3, /vscratch/grp-songyao/pnfioric/pantry/intermediate/reference/txrevise/batch/txrevise.grp_2.contained.15_100.gff3, /vscratch/grp-songyao/pnfioric/pantry/intermediate/reference/txrevise/batch/txrevise.grp_1.downstream.15_100.gff3, /vscratch/grp-songyao/pnfioric/pantry/intermediate/reference/txrevise/batch/txrevise.grp_2.downstream.15_100.gff3
    jobid: 23
    reason: Missing output files: /vscratch/grp-songyao/pnfioric/pantry/intermediate/reference/txrevise/batch/txrevise.grp_1.downstream.15_100.gff3, /vscratch/grp-songyao/pnfioric/pantry/intermediate/reference/txrevise/batch/txrevise.grp_1.upstream.15_100.gff3, /vscratch/grp-songyao/pnfioric/pantry/intermediate/reference/txrevise/batch/txrevise.grp_2.upstream.15_100.gff3, /vscratch/grp-songyao/pnfioric/pantry/intermediate/reference/txrevise/batch/txrevise.grp_2.downstream.15_100.gff3; Updated input files: /vscratch/grp-songyao/pnfioric/pantry/intermediate/reference/txrevise/txrevise_annotations.rds
    wildcards: batch=15, n_batches=100
    resources: mem_mb=32000, disk_mb=1000, tmpdir=<TBD>, runtime=960, slurm_extra=--qos=general-compute

INFO:snakemake.logging:
Submitted job 23 with external jobid 'Submitted batch job 24690895'.
WARNING:snakemake.logging:Submitted job 23 with external jobid 'Submitted batch job 24690895'.

INFO:snakemake.logging:
[Mon May 25 15:46:13 2026]
INFO:snakemake.logging:[Mon May 25 15:46:13 2026]
rule txrevise_construct_events:
    input: /vscratch/grp-songyao/pnfioric/pantry/intermediate/reference/txrevise/txrevise_annotations.rds
    output: /vscratch/grp-songyao/pnfioric/pantry/intermediate/reference/txrevise/batch/txrevise.grp_1.upstream.99_100.gff3, /vscratch/grp-songyao/pnfioric/pantry/intermediate/reference/txrevise/batch/txrevise.grp_2.upstream.99_100.gff3, /vscratch/grp-songyao/pnfioric/pantry/intermediate/reference/txrevise/batch/txrevise.grp_1.contained.99_100.gff3, /vscratch/grp-songyao/pnfioric/pantry/intermediate/reference/txrevise/batch/txrevise.grp_2.contained.99_100.gff3, /vscratch/grp-songyao/pnfioric/pantry/intermediate/reference/txrevise/batch/txrevise.grp_1.downstream.99_100.gff3, /vscratch/grp-songyao/pnfioric/pantry/intermediate/reference/txrevise/batch/txrevise.grp_2.downstream.99_100.gff3
    jobid: 107
    reason: Missing output files: /vscratch/grp-songyao/pnfioric/pantry/intermediate/reference/txrevise/batch/txrevise.grp_1.upstream.99_100.gff3, /vscratch/grp-songyao/pnfioric/pantry/intermediate/reference/txrevise/batch/txrevise.grp_1.downstream.99_100.gff3, /vscratch/grp-songyao/pnfioric/pantry/intermediate/reference/txrevise/batch/txrevise.grp_2.upstream.99_100.gff3, /vscratch/grp-songyao/pnfioric/pantry/intermediate/reference/txrevise/batch/txrevise.grp_2.downstream.99_100.gff3; Updated input files: /vscratch/grp-songyao/pnfioric/pantry/intermediate/reference/txrevise/txrevise_annotations.rds
    wildcards: batch=99, n_batches=100
    resources: mem_mb=32000, disk_mb=1000, tmpdir=<TBD>, runtime=960, slurm_extra=--qos=general-compute
INFO:snakemake.logging:rule txrevise_construct_events:
    input: /vscratch/grp-songyao/pnfioric/pantry/intermediate/reference/txrevise/txrevise_annotations.rds
    output: /vscratch/grp-songyao/pnfioric/pantry/intermediate/reference/txrevise/batch/txrevise.grp_1.upstream.99_100.gff3, /vscratch/grp-songyao/pnfioric/pantry/intermediate/reference/txrevise/batch/txrevise.grp_2.upstream.99_100.gff3, /vscratch/grp-songyao/pnfioric/pantry/intermediate/reference/txrevise/batch/txrevise.grp_1.contained.99_100.gff3, /vscratch/grp-songyao/pnfioric/pantry/intermediate/reference/txrevise/batch/txrevise.grp_2.contained.99_100.gff3, /vscratch/grp-songyao/pnfioric/pantry/intermediate/reference/txrevise/batch/txrevise.grp_1.downstream.99_100.gff3, /vscratch/grp-songyao/pnfioric/pantry/intermediate/reference/txrevise/batch/txrevise.grp_2.downstream.99_100.gff3
    jobid: 107
    reason: Missing output files: /vscratch/grp-songyao/pnfioric/pantry/intermediate/reference/txrevise/batch/txrevise.grp_1.upstream.99_100.gff3, /vscratch/grp-songyao/pnfioric/pantry/intermediate/reference/txrevise/batch/txrevise.grp_1.downstream.99_100.gff3, /vscratch/grp-songyao/pnfioric/pantry/intermediate/reference/txrevise/batch/txrevise.grp_2.upstream.99_100.gff3, /vscratch/grp-songyao/pnfioric/pantry/intermediate/reference/txrevise/batch/txrevise.grp_2.downstream.99_100.gff3; Updated input files: /vscratch/grp-songyao/pnfioric/pantry/intermediate/reference/txrevise/txrevise_annotations.rds
    wildcards: batch=99, n_batches=100
    resources: mem_mb=32000, disk_mb=1000, tmpdir=<TBD>, runtime=960, slurm_extra=--qos=general-compute

INFO:snakemake.logging:
Submitted job 107 with external jobid 'Submitted batch job 24690896'.
WARNING:snakemake.logging:Submitted job 107 with external jobid 'Submitted batch job 24690896'.

INFO:snakemake.logging:
[Mon May 25 15:46:13 2026]
INFO:snakemake.logging:[Mon May 25 15:46:13 2026]
rule txrevise_construct_events:
    input: /vscratch/grp-songyao/pnfioric/pantry/intermediate/reference/txrevise/txrevise_annotations.rds
    output: /vscratch/grp-songyao/pnfioric/pantry/intermediate/reference/txrevise/batch/txrevise.grp_1.upstream.72_100.gff3, /vscratch/grp-songyao/pnfioric/pantry/intermediate/reference/txrevise/batch/txrevise.grp_2.upstream.72_100.gff3, /vscratch/grp-songyao/pnfioric/pantry/intermediate/reference/txrevise/batch/txrevise.grp_1.contained.72_100.gff3, /vscratch/grp-songyao/pnfioric/pantry/intermediate/reference/txrevise/batch/txrevise.grp_2.contained.72_100.gff3, /vscratch/grp-songyao/pnfioric/pantry/intermediate/reference/txrevise/batch/txrevise.grp_1.downstream.72_100.gff3, /vscratch/grp-songyao/pnfioric/pantry/intermediate/reference/txrevise/batch/txrevise.grp_2.downstream.72_100.gff3
    jobid: 80
    reason: Missing output files: /vscratch/grp-songyao/pnfioric/pantry/intermediate/reference/txrevise/batch/txrevise.grp_2.upstream.72_100.gff3, /vscratch/grp-songyao/pnfioric/pantry/intermediate/reference/txrevise/batch/txrevise.grp_2.downstream.72_100.gff3, /vscratch/grp-songyao/pnfioric/pantry/intermediate/reference/txrevise/batch/txrevise.grp_1.upstream.72_100.gff3, /vscratch/grp-songyao/pnfioric/pantry/intermediate/reference/txrevise/batch/txrevise.grp_1.downstream.72_100.gff3; Updated input files: /vscratch/grp-songyao/pnfioric/pantry/intermediate/reference/txrevise/txrevise_annotations.rds
    wildcards: batch=72, n_batches=100
    resources: mem_mb=32000, disk_mb=1000, tmpdir=<TBD>, runtime=960, slurm_extra=--qos=general-compute
INFO:snakemake.logging:rule txrevise_construct_events:
    input: /vscratch/grp-songyao/pnfioric/pantry/intermediate/reference/txrevise/txrevise_annotations.rds
    output: /vscratch/grp-songyao/pnfioric/pantry/intermediate/reference/txrevise/batch/txrevise.grp_1.upstream.72_100.gff3, /vscratch/grp-songyao/pnfioric/pantry/intermediate/reference/txrevise/batch/txrevise.grp_2.upstream.72_100.gff3, /vscratch/grp-songyao/pnfioric/pantry/intermediate/reference/txrevise/batch/txrevise.grp_1.contained.72_100.gff3, /vscratch/grp-songyao/pnfioric/pantry/intermediate/reference/txrevise/batch/txrevise.grp_2.contained.72_100.gff3, /vscratch/grp-songyao/pnfioric/pantry/intermediate/reference/txrevise/batch/txrevise.grp_1.downstream.72_100.gff3, /vscratch/grp-songyao/pnfioric/pantry/intermediate/reference/txrevise/batch/txrevise.grp_2.downstream.72_100.gff3
    jobid: 80
    reason: Missing output files: /vscratch/grp-songyao/pnfioric/pantry/intermediate/reference/txrevise/batch/txrevise.grp_2.upstream.72_100.gff3, /vscratch/grp-songyao/pnfioric/pantry/intermediate/reference/txrevise/batch/txrevise.grp_2.downstream.72_100.gff3, /vscratch/grp-songyao/pnfioric/pantry/intermediate/reference/txrevise/batch/txrevise.grp_1.upstream.72_100.gff3, /vscratch/grp-songyao/pnfioric/pantry/intermediate/reference/txrevise/batch/txrevise.grp_1.downstream.72_100.gff3; Updated input files: /vscratch/grp-songyao/pnfioric/pantry/intermediate/reference/txrevise/txrevise_annotations.rds
    wildcards: batch=72, n_batches=100
    resources: mem_mb=32000, disk_mb=1000, tmpdir=<TBD>, runtime=960, slurm_extra=--qos=general-compute

INFO:snakemake.logging:
Submitted job 80 with external jobid 'Submitted batch job 24690897'.
WARNING:snakemake.logging:Submitted job 80 with external jobid 'Submitted batch job 24690897'.

INFO:snakemake.logging:
[Mon May 25 15:46:13 2026]
INFO:snakemake.logging:[Mon May 25 15:46:13 2026]
rule index_bam:
    input: /vscratch/grp-songyao/pnfioric/pantry/intermediate/bam/RS-04218233.bam
    output: /vscratch/grp-songyao/pnfioric/pantry/intermediate/bam/RS-04218233.bam.bai
    jobid: 5118
    reason: Missing output files: /vscratch/grp-songyao/pnfioric/pantry/intermediate/bam/RS-04218233.bam.bai; Updated input files: /vscratch/grp-songyao/pnfioric/pantry/intermediate/bam/RS-04218233.bam
    wildcards: basename=/vscratch/grp-songyao/pnfioric/pantry/intermediate/bam/RS-04218233
    threads: 8
    resources: mem_mb=60000, disk_mb=1088, tmpdir=<TBD>, runtime=04:00:00, slurm_extra=--qos=general-compute
INFO:snakemake.logging:rule index_bam:
    input: /vscratch/grp-songyao/pnfioric/pantry/intermediate/bam/RS-04218233.bam
    output: /vscratch/grp-songyao/pnfioric/pantry/intermediate/bam/RS-04218233.bam.bai
    jobid: 5118
    reason: Missing output files: /vscratch/grp-songyao/pnfioric/pantry/intermediate/bam/RS-04218233.bam.bai; Updated input files: /vscratch/grp-songyao/pnfioric/pantry/intermediate/bam/RS-04218233.bam
    wildcards: basename=/vscratch/grp-songyao/pnfioric/pantry/intermediate/bam/RS-04218233
    threads: 8
    resources: mem_mb=60000, disk_mb=1088, tmpdir=<TBD>, runtime=04:00:00, slurm_extra=--qos=general-compute

INFO:snakemake.logging:
Submitted job 5118 with external jobid 'Submitted batch job 24690898'.
WARNING:snakemake.logging:Submitted job 5118 with external jobid 'Submitted batch job 24690898'.

INFO:snakemake.logging:
[Mon May 25 15:46:13 2026]
INFO:snakemake.logging:[Mon May 25 15:46:13 2026]
rule txrevise_construct_events:
    input: /vscratch/grp-songyao/pnfioric/pantry/intermediate/reference/txrevise/txrevise_annotations.rds
    output: /vscratch/grp-songyao/pnfioric/pantry/intermediate/reference/txrevise/batch/txrevise.grp_1.upstream.2_100.gff3, /vscratch/grp-songyao/pnfioric/pantry/intermediate/reference/txrevise/batch/txrevise.grp_2.upstream.2_100.gff3, /vscratch/grp-songyao/pnfioric/pantry/intermediate/reference/txrevise/batch/txrevise.grp_1.contained.2_100.gff3, /vscratch/grp-songyao/pnfioric/pantry/intermediate/reference/txrevise/batch/txrevise.grp_2.contained.2_100.gff3, /vscratch/grp-songyao/pnfioric/pantry/intermediate/reference/txrevise/batch/txrevise.grp_1.downstream.2_100.gff3, /vscratch/grp-songyao/pnfioric/pantry/intermediate/reference/txrevise/batch/txrevise.grp_2.downstream.2_100.gff3
    jobid: 10
    reason: Missing output files: /vscratch/grp-songyao/pnfioric/pantry/intermediate/reference/txrevise/batch/txrevise.grp_1.downstream.2_100.gff3, /vscratch/grp-songyao/pnfioric/pantry/intermediate/reference/txrevise/batch/txrevise.grp_2.upstream.2_100.gff3, /vscratch/grp-songyao/pnfioric/pantry/intermediate/reference/txrevise/batch/txrevise.grp_1.upstream.2_100.gff3, /vscratch/grp-songyao/pnfioric/pantry/intermediate/reference/txrevise/batch/txrevise.grp_2.downstream.2_100.gff3; Updated input files: /vscratch/grp-songyao/pnfioric/pantry/intermediate/reference/txrevise/txrevise_annotations.rds
    wildcards: batch=2, n_batches=100
    resources: mem_mb=32000, disk_mb=1000, tmpdir=<TBD>, runtime=960, slurm_extra=--qos=general-compute
INFO:snakemake.logging:rule txrevise_construct_events:
    input: /vscratch/grp-songyao/pnfioric/pantry/intermediate/reference/txrevise/txrevise_annotations.rds
    output: /vscratch/grp-songyao/pnfioric/pantry/intermediate/reference/txrevise/batch/txrevise.grp_1.upstream.2_100.gff3, /vscratch/grp-songyao/pnfioric/pantry/intermediate/reference/txrevise/batch/txrevise.grp_2.upstream.2_100.gff3, /vscratch/grp-songyao/pnfioric/pantry/intermediate/reference/txrevise/batch/txrevise.grp_1.contained.2_100.gff3, /vscratch/grp-songyao/pnfioric/pantry/intermediate/reference/txrevise/batch/txrevise.grp_2.contained.2_100.gff3, /vscratch/grp-songyao/pnfioric/pantry/intermediate/reference/txrevise/batch/txrevise.grp_1.downstream.2_100.gff3, /vscratch/grp-songyao/pnfioric/pantry/intermediate/reference/txrevise/batch/txrevise.grp_2.downstream.2_100.gff3
    jobid: 10
    reason: Missing output files: /vscratch/grp-songyao/pnfioric/pantry/intermediate/reference/txrevise/batch/txrevise.grp_1.downstream.2_100.gff3, /vscratch/grp-songyao/pnfioric/pantry/intermediate/reference/txrevise/batch/txrevise.grp_2.upstream.2_100.gff3, /vscratch/grp-songyao/pnfioric/pantry/intermediate/reference/txrevise/batch/txrevise.grp_1.upstream.2_100.gff3, /vscratch/grp-songyao/pnfioric/pantry/intermediate/reference/txrevise/batch/txrevise.grp_2.downstream.2_100.gff3; Updated input files: /vscratch/grp-songyao/pnfioric/pantry/intermediate/reference/txrevise/txrevise_annotations.rds
    wildcards: batch=2, n_batches=100
    resources: mem_mb=32000, disk_mb=1000, tmpdir=<TBD>, runtime=960, slurm_extra=--qos=general-compute

INFO:snakemake.logging:
Submitted job 10 with external jobid 'Submitted batch job 24690899'.
WARNING:snakemake.logging:Submitted job 10 with external jobid 'Submitted batch job 24690899'.

INFO:snakemake.logging:
[Mon May 25 15:46:13 2026]
INFO:snakemake.logging:[Mon May 25 15:46:13 2026]
rule run_featureCounts:
    input: /vscratch/grp-songyao/pnfioric/pantry/intermediate/bam/RS-04367397.bam, /vscratch/grp-songyao/pnfioric/pantry/intermediate/reference/constit_exons.gtf
    output: /vscratch/grp-songyao/pnfioric/pantry/intermediate/stability/RS-04367397.constit_exons.counts.txt
    jobid: 8170
    reason: Missing output files: /vscratch/grp-songyao/pnfioric/pantry/intermediate/stability/RS-04367397.constit_exons.counts.txt; Updated input files: /vscratch/grp-songyao/pnfioric/pantry/intermediate/bam/RS-04367397.bam, /vscratch/grp-songyao/pnfioric/pantry/intermediate/reference/constit_exons.gtf
    wildcards: sample_id=RS-04367397, feature_type=constit_exons
    threads: 8
    resources: mem_mb=60000, disk_mb=6262, tmpdir=<TBD>, runtime=04:00:00, slurm_extra=--qos=general-compute
INFO:snakemake.logging:rule run_featureCounts:
    input: /vscratch/grp-songyao/pnfioric/pantry/intermediate/bam/RS-04367397.bam, /vscratch/grp-songyao/pnfioric/pantry/intermediate/reference/constit_exons.gtf
    output: /vscratch/grp-songyao/pnfioric/pantry/intermediate/stability/RS-04367397.constit_exons.counts.txt
    jobid: 8170
    reason: Missing output files: /vscratch/grp-songyao/pnfioric/pantry/intermediate/stability/RS-04367397.constit_exons.counts.txt; Updated input files: /vscratch/grp-songyao/pnfioric/pantry/intermediate/bam/RS-04367397.bam, /vscratch/grp-songyao/pnfioric/pantry/intermediate/reference/constit_exons.gtf
    wildcards: sample_id=RS-04367397, feature_type=constit_exons
    threads: 8
    resources: mem_mb=60000, disk_mb=6262, tmpdir=<TBD>, runtime=04:00:00, slurm_extra=--qos=general-compute

INFO:snakemake.logging:
Submitted job 8170 with external jobid 'Submitted batch job 24690900'.
WARNING:snakemake.logging:Submitted job 8170 with external jobid 'Submitted batch job 24690900'.

INFO:snakemake.logging:
[Mon May 25 15:46:13 2026]
INFO:snakemake.logging:[Mon May 25 15:46:13 2026]
rule txrevise_construct_events:
    input: /vscratch/grp-songyao/pnfioric/pantry/intermediate/reference/txrevise/txrevise_annotations.rds
    output: /vscratch/grp-songyao/pnfioric/pantry/intermediate/reference/txrevise/batch/txrevise.grp_1.upstream.16_100.gff3, /vscratch/grp-songyao/pnfioric/pantry/intermediate/reference/txrevise/batch/txrevise.grp_2.upstream.16_100.gff3, /vscratch/grp-songyao/pnfioric/pantry/intermediate/reference/txrevise/batch/txrevise.grp_1.contained.16_100.gff3, /vscratch/grp-songyao/pnfioric/pantry/intermediate/reference/txrevise/batch/txrevise.grp_2.contained.16_100.gff3, /vscratch/grp-songyao/pnfioric/pantry/intermediate/reference/txrevise/batch/txrevise.grp_1.downstream.16_100.gff3, /vscratch/grp-songyao/pnfioric/pantry/intermediate/reference/txrevise/batch/txrevise.grp_2.downstream.16_100.gff3
    jobid: 24
    reason: Missing output files: /vscratch/grp-songyao/pnfioric/pantry/intermediate/reference/txrevise/batch/txrevise.grp_1.downstream.16_100.gff3, /vscratch/grp-songyao/pnfioric/pantry/intermediate/reference/txrevise/batch/txrevise.grp_2.upstream.16_100.gff3, /vscratch/grp-songyao/pnfioric/pantry/intermediate/reference/txrevise/batch/txrevise.grp_2.downstream.16_100.gff3, /vscratch/grp-songyao/pnfioric/pantry/intermediate/reference/txrevise/batch/txrevise.grp_1.upstream.16_100.gff3; Updated input files: /vscratch/grp-songyao/pnfioric/pantry/intermediate/reference/txrevise/txrevise_annotations.rds
    wildcards: batch=16, n_batches=100
    resources: mem_mb=32000, disk_mb=1000, tmpdir=<TBD>, runtime=960, slurm_extra=--qos=general-compute
INFO:snakemake.logging:rule txrevise_construct_events:
    input: /vscratch/grp-songyao/pnfioric/pantry/intermediate/reference/txrevise/txrevise_annotations.rds
    output: /vscratch/grp-songyao/pnfioric/pantry/intermediate/reference/txrevise/batch/txrevise.grp_1.upstream.16_100.gff3, /vscratch/grp-songyao/pnfioric/pantry/intermediate/reference/txrevise/batch/txrevise.grp_2.upstream.16_100.gff3, /vscratch/grp-songyao/pnfioric/pantry/intermediate/reference/txrevise/batch/txrevise.grp_1.contained.16_100.gff3, /vscratch/grp-songyao/pnfioric/pantry/intermediate/reference/txrevise/batch/txrevise.grp_2.contained.16_100.gff3, /vscratch/grp-songyao/pnfioric/pantry/intermediate/reference/txrevise/batch/txrevise.grp_1.downstream.16_100.gff3, /vscratch/grp-songyao/pnfioric/pantry/intermediate/reference/txrevise/batch/txrevise.grp_2.downstream.16_100.gff3
    jobid: 24
    reason: Missing output files: /vscratch/grp-songyao/pnfioric/pantry/intermediate/reference/txrevise/batch/txrevise.grp_1.downstream.16_100.gff3, /vscratch/grp-songyao/pnfioric/pantry/intermediate/reference/txrevise/batch/txrevise.grp_2.upstream.16_100.gff3, /vscratch/grp-songyao/pnfioric/pantry/intermediate/reference/txrevise/batch/txrevise.grp_2.downstream.16_100.gff3, /vscratch/grp-songyao/pnfioric/pantry/intermediate/reference/txrevise/batch/txrevise.grp_1.upstream.16_100.gff3; Updated input files: /vscratch/grp-songyao/pnfioric/pantry/intermediate/reference/txrevise/txrevise_annotations.rds
    wildcards: batch=16, n_batches=100
    resources: mem_mb=32000, disk_mb=1000, tmpdir=<TBD>, runtime=960, slurm_extra=--qos=general-compute

INFO:snakemake.logging:
Submitted job 24 with external jobid 'Submitted batch job 24690901'.
WARNING:snakemake.logging:Submitted job 24 with external jobid 'Submitted batch job 24690901'.

INFO:snakemake.logging:
[Mon May 25 15:46:13 2026]
INFO:snakemake.logging:[Mon May 25 15:46:13 2026]
rule txrevise_construct_events:
    input: /vscratch/grp-songyao/pnfioric/pantry/intermediate/reference/txrevise/txrevise_annotations.rds
    output: /vscratch/grp-songyao/pnfioric/pantry/intermediate/reference/txrevise/batch/txrevise.grp_1.upstream.44_100.gff3, /vscratch/grp-songyao/pnfioric/pantry/intermediate/reference/txrevise/batch/txrevise.grp_2.upstream.44_100.gff3, /vscratch/grp-songyao/pnfioric/pantry/intermediate/reference/txrevise/batch/txrevise.grp_1.contained.44_100.gff3, /vscratch/grp-songyao/pnfioric/pantry/intermediate/reference/txrevise/batch/txrevise.grp_2.contained.44_100.gff3, /vscratch/grp-songyao/pnfioric/pantry/intermediate/reference/txrevise/batch/txrevise.grp_1.downstream.44_100.gff3, /vscratch/grp-songyao/pnfioric/pantry/intermediate/reference/txrevise/batch/txrevise.grp_2.downstream.44_100.gff3
    jobid: 52
    reason: Missing output files: /vscratch/grp-songyao/pnfioric/pantry/intermediate/reference/txrevise/batch/txrevise.grp_1.downstream.44_100.gff3, /vscratch/grp-songyao/pnfioric/pantry/intermediate/reference/txrevise/batch/txrevise.grp_1.upstream.44_100.gff3, /vscratch/grp-songyao/pnfioric/pantry/intermediate/reference/txrevise/batch/txrevise.grp_2.downstream.44_100.gff3, /vscratch/grp-songyao/pnfioric/pantry/intermediate/reference/txrevise/batch/txrevise.grp_2.upstream.44_100.gff3; Updated input files: /vscratch/grp-songyao/pnfioric/pantry/intermediate/reference/txrevise/txrevise_annotations.rds
    wildcards: batch=44, n_batches=100
    resources: mem_mb=32000, disk_mb=1000, tmpdir=<TBD>, runtime=960, slurm_extra=--qos=general-compute
INFO:snakemake.logging:rule txrevise_construct_events:
    input: /vscratch/grp-songyao/pnfioric/pantry/intermediate/reference/txrevise/txrevise_annotations.rds
    output: /vscratch/grp-songyao/pnfioric/pantry/intermediate/reference/txrevise/batch/txrevise.grp_1.upstream.44_100.gff3, /vscratch/grp-songyao/pnfioric/pantry/intermediate/reference/txrevise/batch/txrevise.grp_2.upstream.44_100.gff3, /vscratch/grp-songyao/pnfioric/pantry/intermediate/reference/txrevise/batch/txrevise.grp_1.contained.44_100.gff3, /vscratch/grp-songyao/pnfioric/pantry/intermediate/reference/txrevise/batch/txrevise.grp_2.contained.44_100.gff3, /vscratch/grp-songyao/pnfioric/pantry/intermediate/reference/txrevise/batch/txrevise.grp_1.downstream.44_100.gff3, /vscratch/grp-songyao/pnfioric/pantry/intermediate/reference/txrevise/batch/txrevise.grp_2.downstream.44_100.gff3
    jobid: 52
    reason: Missing output files: /vscratch/grp-songyao/pnfioric/pantry/intermediate/reference/txrevise/batch/txrevise.grp_1.downstream.44_100.gff3, /vscratch/grp-songyao/pnfioric/pantry/intermediate/reference/txrevise/batch/txrevise.grp_1.upstream.44_100.gff3, /vscratch/grp-songyao/pnfioric/pantry/intermediate/reference/txrevise/batch/txrevise.grp_2.downstream.44_100.gff3, /vscratch/grp-songyao/pnfioric/pantry/intermediate/reference/txrevise/batch/txrevise.grp_2.upstream.44_100.gff3; Updated input files: /vscratch/grp-songyao/pnfioric/pantry/intermediate/reference/txrevise/txrevise_annotations.rds
    wildcards: batch=44, n_batches=100
    resources: mem_mb=32000, disk_mb=1000, tmpdir=<TBD>, runtime=960, slurm_extra=--qos=general-compute

INFO:snakemake.logging:
Submitted job 52 with external jobid 'Submitted batch job 24690902'.
WARNING:snakemake.logging:Submitted job 52 with external jobid 'Submitted batch job 24690902'.

INFO:snakemake.logging:
[Mon May 25 15:46:14 2026]
INFO:snakemake.logging:[Mon May 25 15:46:14 2026]
rule txrevise_construct_events:
    input: /vscratch/grp-songyao/pnfioric/pantry/intermediate/reference/txrevise/txrevise_annotations.rds
    output: /vscratch/grp-songyao/pnfioric/pantry/intermediate/reference/txrevise/batch/txrevise.grp_1.upstream.100_100.gff3, /vscratch/grp-songyao/pnfioric/pantry/intermediate/reference/txrevise/batch/txrevise.grp_2.upstream.100_100.gff3, /vscratch/grp-songyao/pnfioric/pantry/intermediate/reference/txrevise/batch/txrevise.grp_1.contained.100_100.gff3, /vscratch/grp-songyao/pnfioric/pantry/intermediate/reference/txrevise/batch/txrevise.grp_2.contained.100_100.gff3, /vscratch/grp-songyao/pnfioric/pantry/intermediate/reference/txrevise/batch/txrevise.grp_1.downstream.100_100.gff3, /vscratch/grp-songyao/pnfioric/pantry/intermediate/reference/txrevise/batch/txrevise.grp_2.downstream.100_100.gff3
    jobid: 108
    reason: Missing output files: /vscratch/grp-songyao/pnfioric/pantry/intermediate/reference/txrevise/batch/txrevise.grp_1.downstream.100_100.gff3, /vscratch/grp-songyao/pnfioric/pantry/intermediate/reference/txrevise/batch/txrevise.grp_2.downstream.100_100.gff3, /vscratch/grp-songyao/pnfioric/pantry/intermediate/reference/txrevise/batch/txrevise.grp_1.upstream.100_100.gff3, /vscratch/grp-songyao/pnfioric/pantry/intermediate/reference/txrevise/batch/txrevise.grp_2.upstream.100_100.gff3; Updated input files: /vscratch/grp-songyao/pnfioric/pantry/intermediate/reference/txrevise/txrevise_annotations.rds
    wildcards: batch=100, n_batches=100
    resources: mem_mb=32000, disk_mb=1000, tmpdir=<TBD>, runtime=960, slurm_extra=--qos=general-compute
INFO:snakemake.logging:rule txrevise_construct_events:
    input: /vscratch/grp-songyao/pnfioric/pantry/intermediate/reference/txrevise/txrevise_annotations.rds
    output: /vscratch/grp-songyao/pnfioric/pantry/intermediate/reference/txrevise/batch/txrevise.grp_1.upstream.100_100.gff3, /vscratch/grp-songyao/pnfioric/pantry/intermediate/reference/txrevise/batch/txrevise.grp_2.upstream.100_100.gff3, /vscratch/grp-songyao/pnfioric/pantry/intermediate/reference/txrevise/batch/txrevise.grp_1.contained.100_100.gff3, /vscratch/grp-songyao/pnfioric/pantry/intermediate/reference/txrevise/batch/txrevise.grp_2.contained.100_100.gff3, /vscratch/grp-songyao/pnfioric/pantry/intermediate/reference/txrevise/batch/txrevise.grp_1.downstream.100_100.gff3, /vscratch/grp-songyao/pnfioric/pantry/intermediate/reference/txrevise/batch/txrevise.grp_2.downstream.100_100.gff3
    jobid: 108
    reason: Missing output files: /vscratch/grp-songyao/pnfioric/pantry/intermediate/reference/txrevise/batch/txrevise.grp_1.downstream.100_100.gff3, /vscratch/grp-songyao/pnfioric/pantry/intermediate/reference/txrevise/batch/txrevise.grp_2.downstream.100_100.gff3, /vscratch/grp-songyao/pnfioric/pantry/intermediate/reference/txrevise/batch/txrevise.grp_1.upstream.100_100.gff3, /vscratch/grp-songyao/pnfioric/pantry/intermediate/reference/txrevise/batch/txrevise.grp_2.upstream.100_100.gff3; Updated input files: /vscratch/grp-songyao/pnfioric/pantry/intermediate/reference/txrevise/txrevise_annotations.rds
    wildcards: batch=100, n_batches=100
    resources: mem_mb=32000, disk_mb=1000, tmpdir=<TBD>, runtime=960, slurm_extra=--qos=general-compute

INFO:snakemake.logging:
Submitted job 108 with external jobid 'Submitted batch job 24690903'.
WARNING:snakemake.logging:Submitted job 108 with external jobid 'Submitted batch job 24690903'.

INFO:snakemake.logging:
[Mon May 25 15:46:14 2026]
INFO:snakemake.logging:[Mon May 25 15:46:14 2026]
rule txrevise_construct_events:
    input: /vscratch/grp-songyao/pnfioric/pantry/intermediate/reference/txrevise/txrevise_annotations.rds
    output: /vscratch/grp-songyao/pnfioric/pantry/intermediate/reference/txrevise/batch/txrevise.grp_1.upstream.58_100.gff3, /vscratch/grp-songyao/pnfioric/pantry/intermediate/reference/txrevise/batch/txrevise.grp_2.upstream.58_100.gff3, /vscratch/grp-songyao/pnfioric/pantry/intermediate/reference/txrevise/batch/txrevise.grp_1.contained.58_100.gff3, /vscratch/grp-songyao/pnfioric/pantry/intermediate/reference/txrevise/batch/txrevise.grp_2.contained.58_100.gff3, /vscratch/grp-songyao/pnfioric/pantry/intermediate/reference/txrevise/batch/txrevise.grp_1.downstream.58_100.gff3, /vscratch/grp-songyao/pnfioric/pantry/intermediate/reference/txrevise/batch/txrevise.grp_2.downstream.58_100.gff3
    jobid: 66
    reason: Missing output files: /vscratch/grp-songyao/pnfioric/pantry/intermediate/reference/txrevise/batch/txrevise.grp_2.downstream.58_100.gff3, /vscratch/grp-songyao/pnfioric/pantry/intermediate/reference/txrevise/batch/txrevise.grp_2.upstream.58_100.gff3, /vscratch/grp-songyao/pnfioric/pantry/intermediate/reference/txrevise/batch/txrevise.grp_1.downstream.58_100.gff3, /vscratch/grp-songyao/pnfioric/pantry/intermediate/reference/txrevise/batch/txrevise.grp_1.upstream.58_100.gff3; Updated input files: /vscratch/grp-songyao/pnfioric/pantry/intermediate/reference/txrevise/txrevise_annotations.rds
    wildcards: batch=58, n_batches=100
    resources: mem_mb=32000, disk_mb=1000, tmpdir=<TBD>, runtime=960, slurm_extra=--qos=general-compute
INFO:snakemake.logging:rule txrevise_construct_events:
    input: /vscratch/grp-songyao/pnfioric/pantry/intermediate/reference/txrevise/txrevise_annotations.rds
    output: /vscratch/grp-songyao/pnfioric/pantry/intermediate/reference/txrevise/batch/txrevise.grp_1.upstream.58_100.gff3, /vscratch/grp-songyao/pnfioric/pantry/intermediate/reference/txrevise/batch/txrevise.grp_2.upstream.58_100.gff3, /vscratch/grp-songyao/pnfioric/pantry/intermediate/reference/txrevise/batch/txrevise.grp_1.contained.58_100.gff3, /vscratch/grp-songyao/pnfioric/pantry/intermediate/reference/txrevise/batch/txrevise.grp_2.contained.58_100.gff3, /vscratch/grp-songyao/pnfioric/pantry/intermediate/reference/txrevise/batch/txrevise.grp_1.downstream.58_100.gff3, /vscratch/grp-songyao/pnfioric/pantry/intermediate/reference/txrevise/batch/txrevise.grp_2.downstream.58_100.gff3
    jobid: 66
    reason: Missing output files: /vscratch/grp-songyao/pnfioric/pantry/intermediate/reference/txrevise/batch/txrevise.grp_2.downstream.58_100.gff3, /vscratch/grp-songyao/pnfioric/pantry/intermediate/reference/txrevise/batch/txrevise.grp_2.upstream.58_100.gff3, /vscratch/grp-songyao/pnfioric/pantry/intermediate/reference/txrevise/batch/txrevise.grp_1.downstream.58_100.gff3, /vscratch/grp-songyao/pnfioric/pantry/intermediate/reference/txrevise/batch/txrevise.grp_1.upstream.58_100.gff3; Updated input files: /vscratch/grp-songyao/pnfioric/pantry/intermediate/reference/txrevise/txrevise_annotations.rds
    wildcards: batch=58, n_batches=100
    resources: mem_mb=32000, disk_mb=1000, tmpdir=<TBD>, runtime=960, slurm_extra=--qos=general-compute

INFO:snakemake.logging:
Submitted job 66 with external jobid 'Submitted batch job 24690904'.
WARNING:snakemake.logging:Submitted job 66 with external jobid 'Submitted batch job 24690904'.

INFO:snakemake.logging:
[Mon May 25 15:46:14 2026]
INFO:snakemake.logging:[Mon May 25 15:46:14 2026]
rule txrevise_construct_events:
    input: /vscratch/grp-songyao/pnfioric/pantry/intermediate/reference/txrevise/txrevise_annotations.rds
    output: /vscratch/grp-songyao/pnfioric/pantry/intermediate/reference/txrevise/batch/txrevise.grp_1.upstream.59_100.gff3, /vscratch/grp-songyao/pnfioric/pantry/intermediate/reference/txrevise/batch/txrevise.grp_2.upstream.59_100.gff3, /vscratch/grp-songyao/pnfioric/pantry/intermediate/reference/txrevise/batch/txrevise.grp_1.contained.59_100.gff3, /vscratch/grp-songyao/pnfioric/pantry/intermediate/reference/txrevise/batch/txrevise.grp_2.contained.59_100.gff3, /vscratch/grp-songyao/pnfioric/pantry/intermediate/reference/txrevise/batch/txrevise.grp_1.downstream.59_100.gff3, /vscratch/grp-songyao/pnfioric/pantry/intermediate/reference/txrevise/batch/txrevise.grp_2.downstream.59_100.gff3
    jobid: 67
    reason: Missing output files: /vscratch/grp-songyao/pnfioric/pantry/intermediate/reference/txrevise/batch/txrevise.grp_2.upstream.59_100.gff3, /vscratch/grp-songyao/pnfioric/pantry/intermediate/reference/txrevise/batch/txrevise.grp_2.downstream.59_100.gff3, /vscratch/grp-songyao/pnfioric/pantry/intermediate/reference/txrevise/batch/txrevise.grp_1.downstream.59_100.gff3, /vscratch/grp-songyao/pnfioric/pantry/intermediate/reference/txrevise/batch/txrevise.grp_1.upstream.59_100.gff3; Updated input files: /vscratch/grp-songyao/pnfioric/pantry/intermediate/reference/txrevise/txrevise_annotations.rds
    wildcards: batch=59, n_batches=100
    resources: mem_mb=32000, disk_mb=1000, tmpdir=<TBD>, runtime=960, slurm_extra=--qos=general-compute
INFO:snakemake.logging:rule txrevise_construct_events:
    input: /vscratch/grp-songyao/pnfioric/pantry/intermediate/reference/txrevise/txrevise_annotations.rds
    output: /vscratch/grp-songyao/pnfioric/pantry/intermediate/reference/txrevise/batch/txrevise.grp_1.upstream.59_100.gff3, /vscratch/grp-songyao/pnfioric/pantry/intermediate/reference/txrevise/batch/txrevise.grp_2.upstream.59_100.gff3, /vscratch/grp-songyao/pnfioric/pantry/intermediate/reference/txrevise/batch/txrevise.grp_1.contained.59_100.gff3, /vscratch/grp-songyao/pnfioric/pantry/intermediate/reference/txrevise/batch/txrevise.grp_2.contained.59_100.gff3, /vscratch/grp-songyao/pnfioric/pantry/intermediate/reference/txrevise/batch/txrevise.grp_1.downstream.59_100.gff3, /vscratch/grp-songyao/pnfioric/pantry/intermediate/reference/txrevise/batch/txrevise.grp_2.downstream.59_100.gff3
    jobid: 67
    reason: Missing output files: /vscratch/grp-songyao/pnfioric/pantry/intermediate/reference/txrevise/batch/txrevise.grp_2.upstream.59_100.gff3, /vscratch/grp-songyao/pnfioric/pantry/intermediate/reference/txrevise/batch/txrevise.grp_2.downstream.59_100.gff3, /vscratch/grp-songyao/pnfioric/pantry/intermediate/reference/txrevise/batch/txrevise.grp_1.downstream.59_100.gff3, /vscratch/grp-songyao/pnfioric/pantry/intermediate/reference/txrevise/batch/txrevise.grp_1.upstream.59_100.gff3; Updated input files: /vscratch/grp-songyao/pnfioric/pantry/intermediate/reference/txrevise/txrevise_annotations.rds
    wildcards: batch=59, n_batches=100
    resources: mem_mb=32000, disk_mb=1000, tmpdir=<TBD>, runtime=960, slurm_extra=--qos=general-compute

INFO:snakemake.logging:
Submitted job 67 with external jobid 'Submitted batch job 24690905'.
WARNING:snakemake.logging:Submitted job 67 with external jobid 'Submitted batch job 24690905'.

INFO:snakemake.logging:
[Mon May 25 15:46:14 2026]
INFO:snakemake.logging:[Mon May 25 15:46:14 2026]
rule txrevise_construct_events:
    input: /vscratch/grp-songyao/pnfioric/pantry/intermediate/reference/txrevise/txrevise_annotations.rds
    output: /vscratch/grp-songyao/pnfioric/pantry/intermediate/reference/txrevise/batch/txrevise.grp_1.upstream.3_100.gff3, /vscratch/grp-songyao/pnfioric/pantry/intermediate/reference/txrevise/batch/txrevise.grp_2.upstream.3_100.gff3, /vscratch/grp-songyao/pnfioric/pantry/intermediate/reference/txrevise/batch/txrevise.grp_1.contained.3_100.gff3, /vscratch/grp-songyao/pnfioric/pantry/intermediate/reference/txrevise/batch/txrevise.grp_2.contained.3_100.gff3, /vscratch/grp-songyao/pnfioric/pantry/intermediate/reference/txrevise/batch/txrevise.grp_1.downstream.3_100.gff3, /vscratch/grp-songyao/pnfioric/pantry/intermediate/reference/txrevise/batch/txrevise.grp_2.downstream.3_100.gff3
    jobid: 11
    reason: Missing output files: /vscratch/grp-songyao/pnfioric/pantry/intermediate/reference/txrevise/batch/txrevise.grp_1.upstream.3_100.gff3, /vscratch/grp-songyao/pnfioric/pantry/intermediate/reference/txrevise/batch/txrevise.grp_1.downstream.3_100.gff3, /vscratch/grp-songyao/pnfioric/pantry/intermediate/reference/txrevise/batch/txrevise.grp_2.upstream.3_100.gff3, /vscratch/grp-songyao/pnfioric/pantry/intermediate/reference/txrevise/batch/txrevise.grp_2.downstream.3_100.gff3; Updated input files: /vscratch/grp-songyao/pnfioric/pantry/intermediate/reference/txrevise/txrevise_annotations.rds
    wildcards: batch=3, n_batches=100
    resources: mem_mb=32000, disk_mb=1000, tmpdir=<TBD>, runtime=960, slurm_extra=--qos=general-compute
INFO:snakemake.logging:rule txrevise_construct_events:
    input: /vscratch/grp-songyao/pnfioric/pantry/intermediate/reference/txrevise/txrevise_annotations.rds
    output: /vscratch/grp-songyao/pnfioric/pantry/intermediate/reference/txrevise/batch/txrevise.grp_1.upstream.3_100.gff3, /vscratch/grp-songyao/pnfioric/pantry/intermediate/reference/txrevise/batch/txrevise.grp_2.upstream.3_100.gff3, /vscratch/grp-songyao/pnfioric/pantry/intermediate/reference/txrevise/batch/txrevise.grp_1.contained.3_100.gff3, /vscratch/grp-songyao/pnfioric/pantry/intermediate/reference/txrevise/batch/txrevise.grp_2.contained.3_100.gff3, /vscratch/grp-songyao/pnfioric/pantry/intermediate/reference/txrevise/batch/txrevise.grp_1.downstream.3_100.gff3, /vscratch/grp-songyao/pnfioric/pantry/intermediate/reference/txrevise/batch/txrevise.grp_2.downstream.3_100.gff3
    jobid: 11
    reason: Missing output files: /vscratch/grp-songyao/pnfioric/pantry/intermediate/reference/txrevise/batch/txrevise.grp_1.upstream.3_100.gff3, /vscratch/grp-songyao/pnfioric/pantry/intermediate/reference/txrevise/batch/txrevise.grp_1.downstream.3_100.gff3, /vscratch/grp-songyao/pnfioric/pantry/intermediate/reference/txrevise/batch/txrevise.grp_2.upstream.3_100.gff3, /vscratch/grp-songyao/pnfioric/pantry/intermediate/reference/txrevise/batch/txrevise.grp_2.downstream.3_100.gff3; Updated input files: /vscratch/grp-songyao/pnfioric/pantry/intermediate/reference/txrevise/txrevise_annotations.rds
    wildcards: batch=3, n_batches=100
    resources: mem_mb=32000, disk_mb=1000, tmpdir=<TBD>, runtime=960, slurm_extra=--qos=general-compute

INFO:snakemake.logging:
Submitted job 11 with external jobid 'Submitted batch job 24690906'.
WARNING:snakemake.logging:Submitted job 11 with external jobid 'Submitted batch job 24690906'.

INFO:snakemake.logging:
[Mon May 25 15:46:14 2026]
INFO:snakemake.logging:[Mon May 25 15:46:14 2026]
rule run_featureCounts:
    input: /vscratch/grp-songyao/pnfioric/pantry/intermediate/bam/RS-04396807.bam, /vscratch/grp-songyao/pnfioric/pantry/intermediate/reference/introns.gtf
    output: /vscratch/grp-songyao/pnfioric/pantry/intermediate/stability/RS-04396807.introns.counts.txt
    jobid: 9501
    reason: Missing output files: /vscratch/grp-songyao/pnfioric/pantry/intermediate/stability/RS-04396807.introns.counts.txt; Updated input files: /vscratch/grp-songyao/pnfioric/pantry/intermediate/bam/RS-04396807.bam, /vscratch/grp-songyao/pnfioric/pantry/intermediate/reference/introns.gtf
    wildcards: sample_id=RS-04396807, feature_type=introns
    threads: 8
    resources: mem_mb=60000, disk_mb=1000, tmpdir=<TBD>, runtime=04:00:00, slurm_extra=--qos=general-compute
INFO:snakemake.logging:rule run_featureCounts:
    input: /vscratch/grp-songyao/pnfioric/pantry/intermediate/bam/RS-04396807.bam, /vscratch/grp-songyao/pnfioric/pantry/intermediate/reference/introns.gtf
    output: /vscratch/grp-songyao/pnfioric/pantry/intermediate/stability/RS-04396807.introns.counts.txt
    jobid: 9501
    reason: Missing output files: /vscratch/grp-songyao/pnfioric/pantry/intermediate/stability/RS-04396807.introns.counts.txt; Updated input files: /vscratch/grp-songyao/pnfioric/pantry/intermediate/bam/RS-04396807.bam, /vscratch/grp-songyao/pnfioric/pantry/intermediate/reference/introns.gtf
    wildcards: sample_id=RS-04396807, feature_type=introns
    threads: 8
    resources: mem_mb=60000, disk_mb=1000, tmpdir=<TBD>, runtime=04:00:00, slurm_extra=--qos=general-compute

INFO:snakemake.logging:
Submitted job 9501 with external jobid 'Submitted batch job 24690907'.
WARNING:snakemake.logging:Submitted job 9501 with external jobid 'Submitted batch job 24690907'.

INFO:snakemake.logging:
[Mon May 25 15:46:14 2026]
INFO:snakemake.logging:[Mon May 25 15:46:14 2026]
rule txrevise_construct_events:
    input: /vscratch/grp-songyao/pnfioric/pantry/intermediate/reference/txrevise/txrevise_annotations.rds
    output: /vscratch/grp-songyao/pnfioric/pantry/intermediate/reference/txrevise/batch/txrevise.grp_1.upstream.45_100.gff3, /vscratch/grp-songyao/pnfioric/pantry/intermediate/reference/txrevise/batch/txrevise.grp_2.upstream.45_100.gff3, /vscratch/grp-songyao/pnfioric/pantry/intermediate/reference/txrevise/batch/txrevise.grp_1.contained.45_100.gff3, /vscratch/grp-songyao/pnfioric/pantry/intermediate/reference/txrevise/batch/txrevise.grp_2.contained.45_100.gff3, /vscratch/grp-songyao/pnfioric/pantry/intermediate/reference/txrevise/batch/txrevise.grp_1.downstream.45_100.gff3, /vscratch/grp-songyao/pnfioric/pantry/intermediate/reference/txrevise/batch/txrevise.grp_2.downstream.45_100.gff3
    jobid: 53
    reason: Missing output files: /vscratch/grp-songyao/pnfioric/pantry/intermediate/reference/txrevise/batch/txrevise.grp_1.upstream.45_100.gff3, /vscratch/grp-songyao/pnfioric/pantry/intermediate/reference/txrevise/batch/txrevise.grp_2.downstream.45_100.gff3, /vscratch/grp-songyao/pnfioric/pantry/intermediate/reference/txrevise/batch/txrevise.grp_1.downstream.45_100.gff3, /vscratch/grp-songyao/pnfioric/pantry/intermediate/reference/txrevise/batch/txrevise.grp_2.upstream.45_100.gff3; Updated input files: /vscratch/grp-songyao/pnfioric/pantry/intermediate/reference/txrevise/txrevise_annotations.rds
    wildcards: batch=45, n_batches=100
    resources: mem_mb=32000, disk_mb=1000, tmpdir=<TBD>, runtime=960, slurm_extra=--qos=general-compute
INFO:snakemake.logging:rule txrevise_construct_events:
    input: /vscratch/grp-songyao/pnfioric/pantry/intermediate/reference/txrevise/txrevise_annotations.rds
    output: /vscratch/grp-songyao/pnfioric/pantry/intermediate/reference/txrevise/batch/txrevise.grp_1.upstream.45_100.gff3, /vscratch/grp-songyao/pnfioric/pantry/intermediate/reference/txrevise/batch/txrevise.grp_2.upstream.45_100.gff3, /vscratch/grp-songyao/pnfioric/pantry/intermediate/reference/txrevise/batch/txrevise.grp_1.contained.45_100.gff3, /vscratch/grp-songyao/pnfioric/pantry/intermediate/reference/txrevise/batch/txrevise.grp_2.contained.45_100.gff3, /vscratch/grp-songyao/pnfioric/pantry/intermediate/reference/txrevise/batch/txrevise.grp_1.downstream.45_100.gff3, /vscratch/grp-songyao/pnfioric/pantry/intermediate/reference/txrevise/batch/txrevise.grp_2.downstream.45_100.gff3
    jobid: 53
    reason: Missing output files: /vscratch/grp-songyao/pnfioric/pantry/intermediate/reference/txrevise/batch/txrevise.grp_1.upstream.45_100.gff3, /vscratch/grp-songyao/pnfioric/pantry/intermediate/reference/txrevise/batch/txrevise.grp_2.downstream.45_100.gff3, /vscratch/grp-songyao/pnfioric/pantry/intermediate/reference/txrevise/batch/txrevise.grp_1.downstream.45_100.gff3, /vscratch/grp-songyao/pnfioric/pantry/intermediate/reference/txrevise/batch/txrevise.grp_2.upstream.45_100.gff3; Updated input files: /vscratch/grp-songyao/pnfioric/pantry/intermediate/reference/txrevise/txrevise_annotations.rds
    wildcards: batch=45, n_batches=100
    resources: mem_mb=32000, disk_mb=1000, tmpdir=<TBD>, runtime=960, slurm_extra=--qos=general-compute

INFO:snakemake.logging:
Submitted job 53 with external jobid 'Submitted batch job 24690908'.
WARNING:snakemake.logging:Submitted job 53 with external jobid 'Submitted batch job 24690908'.

INFO:snakemake.logging:
[Mon May 25 15:46:14 2026]
INFO:snakemake.logging:[Mon May 25 15:46:14 2026]
rule txrevise_construct_events:
    input: /vscratch/grp-songyao/pnfioric/pantry/intermediate/reference/txrevise/txrevise_annotations.rds
    output: /vscratch/grp-songyao/pnfioric/pantry/intermediate/reference/txrevise/batch/txrevise.grp_1.upstream.73_100.gff3, /vscratch/grp-songyao/pnfioric/pantry/intermediate/reference/txrevise/batch/txrevise.grp_2.upstream.73_100.gff3, /vscratch/grp-songyao/pnfioric/pantry/intermediate/reference/txrevise/batch/txrevise.grp_1.contained.73_100.gff3, /vscratch/grp-songyao/pnfioric/pantry/intermediate/reference/txrevise/batch/txrevise.grp_2.contained.73_100.gff3, /vscratch/grp-songyao/pnfioric/pantry/intermediate/reference/txrevise/batch/txrevise.grp_1.downstream.73_100.gff3, /vscratch/grp-songyao/pnfioric/pantry/intermediate/reference/txrevise/batch/txrevise.grp_2.downstream.73_100.gff3
    jobid: 81
    reason: Missing output files: /vscratch/grp-songyao/pnfioric/pantry/intermediate/reference/txrevise/batch/txrevise.grp_1.upstream.73_100.gff3, /vscratch/grp-songyao/pnfioric/pantry/intermediate/reference/txrevise/batch/txrevise.grp_2.downstream.73_100.gff3, /vscratch/grp-songyao/pnfioric/pantry/intermediate/reference/txrevise/batch/txrevise.grp_1.downstream.73_100.gff3, /vscratch/grp-songyao/pnfioric/pantry/intermediate/reference/txrevise/batch/txrevise.grp_2.upstream.73_100.gff3; Updated input files: /vscratch/grp-songyao/pnfioric/pantry/intermediate/reference/txrevise/txrevise_annotations.rds
    wildcards: batch=73, n_batches=100
    resources: mem_mb=32000, disk_mb=1000, tmpdir=<TBD>, runtime=960, slurm_extra=--qos=general-compute
INFO:snakemake.logging:rule txrevise_construct_events:
    input: /vscratch/grp-songyao/pnfioric/pantry/intermediate/reference/txrevise/txrevise_annotations.rds
    output: /vscratch/grp-songyao/pnfioric/pantry/intermediate/reference/txrevise/batch/txrevise.grp_1.upstream.73_100.gff3, /vscratch/grp-songyao/pnfioric/pantry/intermediate/reference/txrevise/batch/txrevise.grp_2.upstream.73_100.gff3, /vscratch/grp-songyao/pnfioric/pantry/intermediate/reference/txrevise/batch/txrevise.grp_1.contained.73_100.gff3, /vscratch/grp-songyao/pnfioric/pantry/intermediate/reference/txrevise/batch/txrevise.grp_2.contained.73_100.gff3, /vscratch/grp-songyao/pnfioric/pantry/intermediate/reference/txrevise/batch/txrevise.grp_1.downstream.73_100.gff3, /vscratch/grp-songyao/pnfioric/pantry/intermediate/reference/txrevise/batch/txrevise.grp_2.downstream.73_100.gff3
    jobid: 81
    reason: Missing output files: /vscratch/grp-songyao/pnfioric/pantry/intermediate/reference/txrevise/batch/txrevise.grp_1.upstream.73_100.gff3, /vscratch/grp-songyao/pnfioric/pantry/intermediate/reference/txrevise/batch/txrevise.grp_2.downstream.73_100.gff3, /vscratch/grp-songyao/pnfioric/pantry/intermediate/reference/txrevise/batch/txrevise.grp_1.downstream.73_100.gff3, /vscratch/grp-songyao/pnfioric/pantry/intermediate/reference/txrevise/batch/txrevise.grp_2.upstream.73_100.gff3; Updated input files: /vscratch/grp-songyao/pnfioric/pantry/intermediate/reference/txrevise/txrevise_annotations.rds
    wildcards: batch=73, n_batches=100
    resources: mem_mb=32000, disk_mb=1000, tmpdir=<TBD>, runtime=960, slurm_extra=--qos=general-compute

INFO:snakemake.logging:
Submitted job 81 with external jobid 'Submitted batch job 24690909'.
WARNING:snakemake.logging:Submitted job 81 with external jobid 'Submitted batch job 24690909'.

INFO:snakemake.logging:
[Mon May 25 15:46:15 2026]
INFO:snakemake.logging:[Mon May 25 15:46:15 2026]
rule txrevise_construct_events:
    input: /vscratch/grp-songyao/pnfioric/pantry/intermediate/reference/txrevise/txrevise_annotations.rds
    output: /vscratch/grp-songyao/pnfioric/pantry/intermediate/reference/txrevise/batch/txrevise.grp_1.upstream.17_100.gff3, /vscratch/grp-songyao/pnfioric/pantry/intermediate/reference/txrevise/batch/txrevise.grp_2.upstream.17_100.gff3, /vscratch/grp-songyao/pnfioric/pantry/intermediate/reference/txrevise/batch/txrevise.grp_1.contained.17_100.gff3, /vscratch/grp-songyao/pnfioric/pantry/intermediate/reference/txrevise/batch/txrevise.grp_2.contained.17_100.gff3, /vscratch/grp-songyao/pnfioric/pantry/intermediate/reference/txrevise/batch/txrevise.grp_1.downstream.17_100.gff3, /vscratch/grp-songyao/pnfioric/pantry/intermediate/reference/txrevise/batch/txrevise.grp_2.downstream.17_100.gff3
    jobid: 25
    reason: Missing output files: /vscratch/grp-songyao/pnfioric/pantry/intermediate/reference/txrevise/batch/txrevise.grp_1.upstream.17_100.gff3, /vscratch/grp-songyao/pnfioric/pantry/intermediate/reference/txrevise/batch/txrevise.grp_2.downstream.17_100.gff3, /vscratch/grp-songyao/pnfioric/pantry/intermediate/reference/txrevise/batch/txrevise.grp_1.downstream.17_100.gff3, /vscratch/grp-songyao/pnfioric/pantry/intermediate/reference/txrevise/batch/txrevise.grp_2.upstream.17_100.gff3; Updated input files: /vscratch/grp-songyao/pnfioric/pantry/intermediate/reference/txrevise/txrevise_annotations.rds
    wildcards: batch=17, n_batches=100
    resources: mem_mb=32000, disk_mb=1000, tmpdir=<TBD>, runtime=960, slurm_extra=--qos=general-compute
INFO:snakemake.logging:rule txrevise_construct_events:
    input: /vscratch/grp-songyao/pnfioric/pantry/intermediate/reference/txrevise/txrevise_annotations.rds
    output: /vscratch/grp-songyao/pnfioric/pantry/intermediate/reference/txrevise/batch/txrevise.grp_1.upstream.17_100.gff3, /vscratch/grp-songyao/pnfioric/pantry/intermediate/reference/txrevise/batch/txrevise.grp_2.upstream.17_100.gff3, /vscratch/grp-songyao/pnfioric/pantry/intermediate/reference/txrevise/batch/txrevise.grp_1.contained.17_100.gff3, /vscratch/grp-songyao/pnfioric/pantry/intermediate/reference/txrevise/batch/txrevise.grp_2.contained.17_100.gff3, /vscratch/grp-songyao/pnfioric/pantry/intermediate/reference/txrevise/batch/txrevise.grp_1.downstream.17_100.gff3, /vscratch/grp-songyao/pnfioric/pantry/intermediate/reference/txrevise/batch/txrevise.grp_2.downstream.17_100.gff3
    jobid: 25
    reason: Missing output files: /vscratch/grp-songyao/pnfioric/pantry/intermediate/reference/txrevise/batch/txrevise.grp_1.upstream.17_100.gff3, /vscratch/grp-songyao/pnfioric/pantry/intermediate/reference/txrevise/batch/txrevise.grp_2.downstream.17_100.gff3, /vscratch/grp-songyao/pnfioric/pantry/intermediate/reference/txrevise/batch/txrevise.grp_1.downstream.17_100.gff3, /vscratch/grp-songyao/pnfioric/pantry/intermediate/reference/txrevise/batch/txrevise.grp_2.upstream.17_100.gff3; Updated input files: /vscratch/grp-songyao/pnfioric/pantry/intermediate/reference/txrevise/txrevise_annotations.rds
    wildcards: batch=17, n_batches=100
    resources: mem_mb=32000, disk_mb=1000, tmpdir=<TBD>, runtime=960, slurm_extra=--qos=general-compute

INFO:snakemake.logging:
Submitted job 25 with external jobid 'Submitted batch job 24690910'.
WARNING:snakemake.logging:Submitted job 25 with external jobid 'Submitted batch job 24690910'.

INFO:snakemake.logging:
[Mon May 25 15:46:15 2026]
INFO:snakemake.logging:[Mon May 25 15:46:15 2026]
rule run_featureCounts:
    input: /vscratch/grp-songyao/pnfioric/pantry/intermediate/bam/RS-04367515.bam, /vscratch/grp-songyao/pnfioric/pantry/intermediate/reference/introns.gtf
    output: /vscratch/grp-songyao/pnfioric/pantry/intermediate/stability/RS-04367515.introns.counts.txt
    jobid: 9152
    reason: Missing output files: /vscratch/grp-songyao/pnfioric/pantry/intermediate/stability/RS-04367515.introns.counts.txt; Updated input files: /vscratch/grp-songyao/pnfioric/pantry/intermediate/bam/RS-04367515.bam, /vscratch/grp-songyao/pnfioric/pantry/intermediate/reference/introns.gtf
    wildcards: sample_id=RS-04367515, feature_type=introns
    threads: 8
    resources: mem_mb=60000, disk_mb=6621, tmpdir=<TBD>, runtime=04:00:00, slurm_extra=--qos=general-compute
INFO:snakemake.logging:rule run_featureCounts:
    input: /vscratch/grp-songyao/pnfioric/pantry/intermediate/bam/RS-04367515.bam, /vscratch/grp-songyao/pnfioric/pantry/intermediate/reference/introns.gtf
    output: /vscratch/grp-songyao/pnfioric/pantry/intermediate/stability/RS-04367515.introns.counts.txt
    jobid: 9152
    reason: Missing output files: /vscratch/grp-songyao/pnfioric/pantry/intermediate/stability/RS-04367515.introns.counts.txt; Updated input files: /vscratch/grp-songyao/pnfioric/pantry/intermediate/bam/RS-04367515.bam, /vscratch/grp-songyao/pnfioric/pantry/intermediate/reference/introns.gtf
    wildcards: sample_id=RS-04367515, feature_type=introns
    threads: 8
    resources: mem_mb=60000, disk_mb=6621, tmpdir=<TBD>, runtime=04:00:00, slurm_extra=--qos=general-compute

INFO:snakemake.logging:
Submitted job 9152 with external jobid 'Submitted batch job 24690911'.
WARNING:snakemake.logging:Submitted job 9152 with external jobid 'Submitted batch job 24690911'.

INFO:snakemake.logging:
[Mon May 25 15:46:15 2026]
INFO:snakemake.logging:[Mon May 25 15:46:15 2026]
rule txrevise_construct_events:
    input: /vscratch/grp-songyao/pnfioric/pantry/intermediate/reference/txrevise/txrevise_annotations.rds
    output: /vscratch/grp-songyao/pnfioric/pantry/intermediate/reference/txrevise/batch/txrevise.grp_1.upstream.60_100.gff3, /vscratch/grp-songyao/pnfioric/pantry/intermediate/reference/txrevise/batch/txrevise.grp_2.upstream.60_100.gff3, /vscratch/grp-songyao/pnfioric/pantry/intermediate/reference/txrevise/batch/txrevise.grp_1.contained.60_100.gff3, /vscratch/grp-songyao/pnfioric/pantry/intermediate/reference/txrevise/batch/txrevise.grp_2.contained.60_100.gff3, /vscratch/grp-songyao/pnfioric/pantry/intermediate/reference/txrevise/batch/txrevise.grp_1.downstream.60_100.gff3, /vscratch/grp-songyao/pnfioric/pantry/intermediate/reference/txrevise/batch/txrevise.grp_2.downstream.60_100.gff3
    jobid: 68
    reason: Missing output files: /vscratch/grp-songyao/pnfioric/pantry/intermediate/reference/txrevise/batch/txrevise.grp_1.upstream.60_100.gff3, /vscratch/grp-songyao/pnfioric/pantry/intermediate/reference/txrevise/batch/txrevise.grp_1.downstream.60_100.gff3, /vscratch/grp-songyao/pnfioric/pantry/intermediate/reference/txrevise/batch/txrevise.grp_2.upstream.60_100.gff3, /vscratch/grp-songyao/pnfioric/pantry/intermediate/reference/txrevise/batch/txrevise.grp_2.downstream.60_100.gff3; Updated input files: /vscratch/grp-songyao/pnfioric/pantry/intermediate/reference/txrevise/txrevise_annotations.rds
    wildcards: batch=60, n_batches=100
    resources: mem_mb=32000, disk_mb=1000, tmpdir=<TBD>, runtime=960, slurm_extra=--qos=general-compute
INFO:snakemake.logging:rule txrevise_construct_events:
    input: /vscratch/grp-songyao/pnfioric/pantry/intermediate/reference/txrevise/txrevise_annotations.rds
    output: /vscratch/grp-songyao/pnfioric/pantry/intermediate/reference/txrevise/batch/txrevise.grp_1.upstream.60_100.gff3, /vscratch/grp-songyao/pnfioric/pantry/intermediate/reference/txrevise/batch/txrevise.grp_2.upstream.60_100.gff3, /vscratch/grp-songyao/pnfioric/pantry/intermediate/reference/txrevise/batch/txrevise.grp_1.contained.60_100.gff3, /vscratch/grp-songyao/pnfioric/pantry/intermediate/reference/txrevise/batch/txrevise.grp_2.contained.60_100.gff3, /vscratch/grp-songyao/pnfioric/pantry/intermediate/reference/txrevise/batch/txrevise.grp_1.downstream.60_100.gff3, /vscratch/grp-songyao/pnfioric/pantry/intermediate/reference/txrevise/batch/txrevise.grp_2.downstream.60_100.gff3
    jobid: 68
    reason: Missing output files: /vscratch/grp-songyao/pnfioric/pantry/intermediate/reference/txrevise/batch/txrevise.grp_1.upstream.60_100.gff3, /vscratch/grp-songyao/pnfioric/pantry/intermediate/reference/txrevise/batch/txrevise.grp_1.downstream.60_100.gff3, /vscratch/grp-songyao/pnfioric/pantry/intermediate/reference/txrevise/batch/txrevise.grp_2.upstream.60_100.gff3, /vscratch/grp-songyao/pnfioric/pantry/intermediate/reference/txrevise/batch/txrevise.grp_2.downstream.60_100.gff3; Updated input files: /vscratch/grp-songyao/pnfioric/pantry/intermediate/reference/txrevise/txrevise_annotations.rds
    wildcards: batch=60, n_batches=100
    resources: mem_mb=32000, disk_mb=1000, tmpdir=<TBD>, runtime=960, slurm_extra=--qos=general-compute

INFO:snakemake.logging:
Submitted job 68 with external jobid 'Submitted batch job 24690912'.
WARNING:snakemake.logging:Submitted job 68 with external jobid 'Submitted batch job 24690912'.

INFO:snakemake.logging:
[Mon May 25 15:46:15 2026]
INFO:snakemake.logging:[Mon May 25 15:46:15 2026]
rule txrevise_construct_events:
    input: /vscratch/grp-songyao/pnfioric/pantry/intermediate/reference/txrevise/txrevise_annotations.rds
    output: /vscratch/grp-songyao/pnfioric/pantry/intermediate/reference/txrevise/batch/txrevise.grp_1.upstream.4_100.gff3, /vscratch/grp-songyao/pnfioric/pantry/intermediate/reference/txrevise/batch/txrevise.grp_2.upstream.4_100.gff3, /vscratch/grp-songyao/pnfioric/pantry/intermediate/reference/txrevise/batch/txrevise.grp_1.contained.4_100.gff3, /vscratch/grp-songyao/pnfioric/pantry/intermediate/reference/txrevise/batch/txrevise.grp_2.contained.4_100.gff3, /vscratch/grp-songyao/pnfioric/pantry/intermediate/reference/txrevise/batch/txrevise.grp_1.downstream.4_100.gff3, /vscratch/grp-songyao/pnfioric/pantry/intermediate/reference/txrevise/batch/txrevise.grp_2.downstream.4_100.gff3
    jobid: 12
    reason: Missing output files: /vscratch/grp-songyao/pnfioric/pantry/intermediate/reference/txrevise/batch/txrevise.grp_2.downstream.4_100.gff3, /vscratch/grp-songyao/pnfioric/pantry/intermediate/reference/txrevise/batch/txrevise.grp_1.upstream.4_100.gff3, /vscratch/grp-songyao/pnfioric/pantry/intermediate/reference/txrevise/batch/txrevise.grp_1.downstream.4_100.gff3, /vscratch/grp-songyao/pnfioric/pantry/intermediate/reference/txrevise/batch/txrevise.grp_2.upstream.4_100.gff3; Updated input files: /vscratch/grp-songyao/pnfioric/pantry/intermediate/reference/txrevise/txrevise_annotations.rds
    wildcards: batch=4, n_batches=100
    resources: mem_mb=32000, disk_mb=1000, tmpdir=<TBD>, runtime=960, slurm_extra=--qos=general-compute
INFO:snakemake.logging:rule txrevise_construct_events:
    input: /vscratch/grp-songyao/pnfioric/pantry/intermediate/reference/txrevise/txrevise_annotations.rds
    output: /vscratch/grp-songyao/pnfioric/pantry/intermediate/reference/txrevise/batch/txrevise.grp_1.upstream.4_100.gff3, /vscratch/grp-songyao/pnfioric/pantry/intermediate/reference/txrevise/batch/txrevise.grp_2.upstream.4_100.gff3, /vscratch/grp-songyao/pnfioric/pantry/intermediate/reference/txrevise/batch/txrevise.grp_1.contained.4_100.gff3, /vscratch/grp-songyao/pnfioric/pantry/intermediate/reference/txrevise/batch/txrevise.grp_2.contained.4_100.gff3, /vscratch/grp-songyao/pnfioric/pantry/intermediate/reference/txrevise/batch/txrevise.grp_1.downstream.4_100.gff3, /vscratch/grp-songyao/pnfioric/pantry/intermediate/reference/txrevise/batch/txrevise.grp_2.downstream.4_100.gff3
    jobid: 12
    reason: Missing output files: /vscratch/grp-songyao/pnfioric/pantry/intermediate/reference/txrevise/batch/txrevise.grp_2.downstream.4_100.gff3, /vscratch/grp-songyao/pnfioric/pantry/intermediate/reference/txrevise/batch/txrevise.grp_1.upstream.4_100.gff3, /vscratch/grp-songyao/pnfioric/pantry/intermediate/reference/txrevise/batch/txrevise.grp_1.downstream.4_100.gff3, /vscratch/grp-songyao/pnfioric/pantry/intermediate/reference/txrevise/batch/txrevise.grp_2.upstream.4_100.gff3; Updated input files: /vscratch/grp-songyao/pnfioric/pantry/intermediate/reference/txrevise/txrevise_annotations.rds
    wildcards: batch=4, n_batches=100
    resources: mem_mb=32000, disk_mb=1000, tmpdir=<TBD>, runtime=960, slurm_extra=--qos=general-compute

INFO:snakemake.logging:
Submitted job 12 with external jobid 'Submitted batch job 24690913'.
WARNING:snakemake.logging:Submitted job 12 with external jobid 'Submitted batch job 24690913'.

INFO:snakemake.logging:
[Mon May 25 15:46:15 2026]
INFO:snakemake.logging:[Mon May 25 15:46:15 2026]
rule txrevise_construct_events:
    input: /vscratch/grp-songyao/pnfioric/pantry/intermediate/reference/txrevise/txrevise_annotations.rds
    output: /vscratch/grp-songyao/pnfioric/pantry/intermediate/reference/txrevise/batch/txrevise.grp_1.upstream.46_100.gff3, /vscratch/grp-songyao/pnfioric/pantry/intermediate/reference/txrevise/batch/txrevise.grp_2.upstream.46_100.gff3, /vscratch/grp-songyao/pnfioric/pantry/intermediate/reference/txrevise/batch/txrevise.grp_1.contained.46_100.gff3, /vscratch/grp-songyao/pnfioric/pantry/intermediate/reference/txrevise/batch/txrevise.grp_2.contained.46_100.gff3, /vscratch/grp-songyao/pnfioric/pantry/intermediate/reference/txrevise/batch/txrevise.grp_1.downstream.46_100.gff3, /vscratch/grp-songyao/pnfioric/pantry/intermediate/reference/txrevise/batch/txrevise.grp_2.downstream.46_100.gff3
    jobid: 54
    reason: Missing output files: /vscratch/grp-songyao/pnfioric/pantry/intermediate/reference/txrevise/batch/txrevise.grp_1.downstream.46_100.gff3, /vscratch/grp-songyao/pnfioric/pantry/intermediate/reference/txrevise/batch/txrevise.grp_2.downstream.46_100.gff3, /vscratch/grp-songyao/pnfioric/pantry/intermediate/reference/txrevise/batch/txrevise.grp_2.upstream.46_100.gff3, /vscratch/grp-songyao/pnfioric/pantry/intermediate/reference/txrevise/batch/txrevise.grp_1.upstream.46_100.gff3; Updated input files: /vscratch/grp-songyao/pnfioric/pantry/intermediate/reference/txrevise/txrevise_annotations.rds
    wildcards: batch=46, n_batches=100
    resources: mem_mb=32000, disk_mb=1000, tmpdir=<TBD>, runtime=960, slurm_extra=--qos=general-compute
INFO:snakemake.logging:rule txrevise_construct_events:
    input: /vscratch/grp-songyao/pnfioric/pantry/intermediate/reference/txrevise/txrevise_annotations.rds
    output: /vscratch/grp-songyao/pnfioric/pantry/intermediate/reference/txrevise/batch/txrevise.grp_1.upstream.46_100.gff3, /vscratch/grp-songyao/pnfioric/pantry/intermediate/reference/txrevise/batch/txrevise.grp_2.upstream.46_100.gff3, /vscratch/grp-songyao/pnfioric/pantry/intermediate/reference/txrevise/batch/txrevise.grp_1.contained.46_100.gff3, /vscratch/grp-songyao/pnfioric/pantry/intermediate/reference/txrevise/batch/txrevise.grp_2.contained.46_100.gff3, /vscratch/grp-songyao/pnfioric/pantry/intermediate/reference/txrevise/batch/txrevise.grp_1.downstream.46_100.gff3, /vscratch/grp-songyao/pnfioric/pantry/intermediate/reference/txrevise/batch/txrevise.grp_2.downstream.46_100.gff3
    jobid: 54
    reason: Missing output files: /vscratch/grp-songyao/pnfioric/pantry/intermediate/reference/txrevise/batch/txrevise.grp_1.downstream.46_100.gff3, /vscratch/grp-songyao/pnfioric/pantry/intermediate/reference/txrevise/batch/txrevise.grp_2.downstream.46_100.gff3, /vscratch/grp-songyao/pnfioric/pantry/intermediate/reference/txrevise/batch/txrevise.grp_2.upstream.46_100.gff3, /vscratch/grp-songyao/pnfioric/pantry/intermediate/reference/txrevise/batch/txrevise.grp_1.upstream.46_100.gff3; Updated input files: /vscratch/grp-songyao/pnfioric/pantry/intermediate/reference/txrevise/txrevise_annotations.rds
    wildcards: batch=46, n_batches=100
    resources: mem_mb=32000, disk_mb=1000, tmpdir=<TBD>, runtime=960, slurm_extra=--qos=general-compute

INFO:snakemake.logging:
Submitted job 54 with external jobid 'Submitted batch job 24690914'.
WARNING:snakemake.logging:Submitted job 54 with external jobid 'Submitted batch job 24690914'.

INFO:snakemake.logging:
[Mon May 25 15:46:15 2026]
INFO:snakemake.logging:[Mon May 25 15:46:15 2026]
rule txrevise_construct_events:
    input: /vscratch/grp-songyao/pnfioric/pantry/intermediate/reference/txrevise/txrevise_annotations.rds
    output: /vscratch/grp-songyao/pnfioric/pantry/intermediate/reference/txrevise/batch/txrevise.grp_1.upstream.74_100.gff3, /vscratch/grp-songyao/pnfioric/pantry/intermediate/reference/txrevise/batch/txrevise.grp_2.upstream.74_100.gff3, /vscratch/grp-songyao/pnfioric/pantry/intermediate/reference/txrevise/batch/txrevise.grp_1.contained.74_100.gff3, /vscratch/grp-songyao/pnfioric/pantry/intermediate/reference/txrevise/batch/txrevise.grp_2.contained.74_100.gff3, /vscratch/grp-songyao/pnfioric/pantry/intermediate/reference/txrevise/batch/txrevise.grp_1.downstream.74_100.gff3, /vscratch/grp-songyao/pnfioric/pantry/intermediate/reference/txrevise/batch/txrevise.grp_2.downstream.74_100.gff3
    jobid: 82
    reason: Missing output files: /vscratch/grp-songyao/pnfioric/pantry/intermediate/reference/txrevise/batch/txrevise.grp_1.upstream.74_100.gff3, /vscratch/grp-songyao/pnfioric/pantry/intermediate/reference/txrevise/batch/txrevise.grp_2.upstream.74_100.gff3, /vscratch/grp-songyao/pnfioric/pantry/intermediate/reference/txrevise/batch/txrevise.grp_1.downstream.74_100.gff3, /vscratch/grp-songyao/pnfioric/pantry/intermediate/reference/txrevise/batch/txrevise.grp_2.downstream.74_100.gff3; Updated input files: /vscratch/grp-songyao/pnfioric/pantry/intermediate/reference/txrevise/txrevise_annotations.rds
    wildcards: batch=74, n_batches=100
    resources: mem_mb=32000, disk_mb=1000, tmpdir=<TBD>, runtime=960, slurm_extra=--qos=general-compute
INFO:snakemake.logging:rule txrevise_construct_events:
    input: /vscratch/grp-songyao/pnfioric/pantry/intermediate/reference/txrevise/txrevise_annotations.rds
    output: /vscratch/grp-songyao/pnfioric/pantry/intermediate/reference/txrevise/batch/txrevise.grp_1.upstream.74_100.gff3, /vscratch/grp-songyao/pnfioric/pantry/intermediate/reference/txrevise/batch/txrevise.grp_2.upstream.74_100.gff3, /vscratch/grp-songyao/pnfioric/pantry/intermediate/reference/txrevise/batch/txrevise.grp_1.contained.74_100.gff3, /vscratch/grp-songyao/pnfioric/pantry/intermediate/reference/txrevise/batch/txrevise.grp_2.contained.74_100.gff3, /vscratch/grp-songyao/pnfioric/pantry/intermediate/reference/txrevise/batch/txrevise.grp_1.downstream.74_100.gff3, /vscratch/grp-songyao/pnfioric/pantry/intermediate/reference/txrevise/batch/txrevise.grp_2.downstream.74_100.gff3
    jobid: 82
    reason: Missing output files: /vscratch/grp-songyao/pnfioric/pantry/intermediate/reference/txrevise/batch/txrevise.grp_1.upstream.74_100.gff3, /vscratch/grp-songyao/pnfioric/pantry/intermediate/reference/txrevise/batch/txrevise.grp_2.upstream.74_100.gff3, /vscratch/grp-songyao/pnfioric/pantry/intermediate/reference/txrevise/batch/txrevise.grp_1.downstream.74_100.gff3, /vscratch/grp-songyao/pnfioric/pantry/intermediate/reference/txrevise/batch/txrevise.grp_2.downstream.74_100.gff3; Updated input files: /vscratch/grp-songyao/pnfioric/pantry/intermediate/reference/txrevise/txrevise_annotations.rds
    wildcards: batch=74, n_batches=100
    resources: mem_mb=32000, disk_mb=1000, tmpdir=<TBD>, runtime=960, slurm_extra=--qos=general-compute

INFO:snakemake.logging:
Submitted job 82 with external jobid 'Submitted batch job 24690915'.
WARNING:snakemake.logging:Submitted job 82 with external jobid 'Submitted batch job 24690915'.

INFO:snakemake.logging:
[Mon May 25 15:46:16 2026]
INFO:snakemake.logging:[Mon May 25 15:46:16 2026]
rule txrevise_construct_events:
    input: /vscratch/grp-songyao/pnfioric/pantry/intermediate/reference/txrevise/txrevise_annotations.rds
    output: /vscratch/grp-songyao/pnfioric/pantry/intermediate/reference/txrevise/batch/txrevise.grp_1.upstream.18_100.gff3, /vscratch/grp-songyao/pnfioric/pantry/intermediate/reference/txrevise/batch/txrevise.grp_2.upstream.18_100.gff3, /vscratch/grp-songyao/pnfioric/pantry/intermediate/reference/txrevise/batch/txrevise.grp_1.contained.18_100.gff3, /vscratch/grp-songyao/pnfioric/pantry/intermediate/reference/txrevise/batch/txrevise.grp_2.contained.18_100.gff3, /vscratch/grp-songyao/pnfioric/pantry/intermediate/reference/txrevise/batch/txrevise.grp_1.downstream.18_100.gff3, /vscratch/grp-songyao/pnfioric/pantry/intermediate/reference/txrevise/batch/txrevise.grp_2.downstream.18_100.gff3
    jobid: 26
    reason: Missing output files: /vscratch/grp-songyao/pnfioric/pantry/intermediate/reference/txrevise/batch/txrevise.grp_1.downstream.18_100.gff3, /vscratch/grp-songyao/pnfioric/pantry/intermediate/reference/txrevise/batch/txrevise.grp_2.upstream.18_100.gff3, /vscratch/grp-songyao/pnfioric/pantry/intermediate/reference/txrevise/batch/txrevise.grp_1.upstream.18_100.gff3, /vscratch/grp-songyao/pnfioric/pantry/intermediate/reference/txrevise/batch/txrevise.grp_2.downstream.18_100.gff3; Updated input files: /vscratch/grp-songyao/pnfioric/pantry/intermediate/reference/txrevise/txrevise_annotations.rds
    wildcards: batch=18, n_batches=100
    resources: mem_mb=32000, disk_mb=1000, tmpdir=<TBD>, runtime=960, slurm_extra=--qos=general-compute
INFO:snakemake.logging:rule txrevise_construct_events:
    input: /vscratch/grp-songyao/pnfioric/pantry/intermediate/reference/txrevise/txrevise_annotations.rds
    output: /vscratch/grp-songyao/pnfioric/pantry/intermediate/reference/txrevise/batch/txrevise.grp_1.upstream.18_100.gff3, /vscratch/grp-songyao/pnfioric/pantry/intermediate/reference/txrevise/batch/txrevise.grp_2.upstream.18_100.gff3, /vscratch/grp-songyao/pnfioric/pantry/intermediate/reference/txrevise/batch/txrevise.grp_1.contained.18_100.gff3, /vscratch/grp-songyao/pnfioric/pantry/intermediate/reference/txrevise/batch/txrevise.grp_2.contained.18_100.gff3, /vscratch/grp-songyao/pnfioric/pantry/intermediate/reference/txrevise/batch/txrevise.grp_1.downstream.18_100.gff3, /vscratch/grp-songyao/pnfioric/pantry/intermediate/reference/txrevise/batch/txrevise.grp_2.downstream.18_100.gff3
    jobid: 26
    reason: Missing output files: /vscratch/grp-songyao/pnfioric/pantry/intermediate/reference/txrevise/batch/txrevise.grp_1.downstream.18_100.gff3, /vscratch/grp-songyao/pnfioric/pantry/intermediate/reference/txrevise/batch/txrevise.grp_2.upstream.18_100.gff3, /vscratch/grp-songyao/pnfioric/pantry/intermediate/reference/txrevise/batch/txrevise.grp_1.upstream.18_100.gff3, /vscratch/grp-songyao/pnfioric/pantry/intermediate/reference/txrevise/batch/txrevise.grp_2.downstream.18_100.gff3; Updated input files: /vscratch/grp-songyao/pnfioric/pantry/intermediate/reference/txrevise/txrevise_annotations.rds
    wildcards: batch=18, n_batches=100
    resources: mem_mb=32000, disk_mb=1000, tmpdir=<TBD>, runtime=960, slurm_extra=--qos=general-compute

INFO:snakemake.logging:
Submitted job 26 with external jobid 'Submitted batch job 24690916'.
WARNING:snakemake.logging:Submitted job 26 with external jobid 'Submitted batch job 24690916'.

INFO:snakemake.logging:
[Mon May 25 15:46:16 2026]
INFO:snakemake.logging:[Mon May 25 15:46:16 2026]
rule index_bam:
    input: /vscratch/grp-songyao/pnfioric/pantry/intermediate/bam/RS-04367396.bam
    output: /vscratch/grp-songyao/pnfioric/pantry/intermediate/bam/RS-04367396.bam.bai
    jobid: 5470
    reason: Missing output files: /vscratch/grp-songyao/pnfioric/pantry/intermediate/bam/RS-04367396.bam.bai; Updated input files: /vscratch/grp-songyao/pnfioric/pantry/intermediate/bam/RS-04367396.bam
    wildcards: basename=/vscratch/grp-songyao/pnfioric/pantry/intermediate/bam/RS-04367396
    threads: 8
    resources: mem_mb=60000, disk_mb=1000, tmpdir=<TBD>, runtime=04:00:00, slurm_extra=--qos=general-compute
INFO:snakemake.logging:rule index_bam:
    input: /vscratch/grp-songyao/pnfioric/pantry/intermediate/bam/RS-04367396.bam
    output: /vscratch/grp-songyao/pnfioric/pantry/intermediate/bam/RS-04367396.bam.bai
    jobid: 5470
    reason: Missing output files: /vscratch/grp-songyao/pnfioric/pantry/intermediate/bam/RS-04367396.bam.bai; Updated input files: /vscratch/grp-songyao/pnfioric/pantry/intermediate/bam/RS-04367396.bam
    wildcards: basename=/vscratch/grp-songyao/pnfioric/pantry/intermediate/bam/RS-04367396
    threads: 8
    resources: mem_mb=60000, disk_mb=1000, tmpdir=<TBD>, runtime=04:00:00, slurm_extra=--qos=general-compute

INFO:snakemake.logging:
Submitted job 5470 with external jobid 'Submitted batch job 24690917'.
WARNING:snakemake.logging:Submitted job 5470 with external jobid 'Submitted batch job 24690917'.

INFO:snakemake.logging:
[Mon May 25 15:46:16 2026]
INFO:snakemake.logging:[Mon May 25 15:46:16 2026]
rule run_featureCounts:
    input: /vscratch/grp-songyao/pnfioric/pantry/intermediate/bam/RS-04396637.bam, /vscratch/grp-songyao/pnfioric/pantry/intermediate/reference/introns.gtf
    output: /vscratch/grp-songyao/pnfioric/pantry/intermediate/stability/RS-04396637.introns.counts.txt
    jobid: 9362
    reason: Missing output files: /vscratch/grp-songyao/pnfioric/pantry/intermediate/stability/RS-04396637.introns.counts.txt; Updated input files: /vscratch/grp-songyao/pnfioric/pantry/intermediate/bam/RS-04396637.bam, /vscratch/grp-songyao/pnfioric/pantry/intermediate/reference/introns.gtf
    wildcards: sample_id=RS-04396637, feature_type=introns
    threads: 8
    resources: mem_mb=60000, disk_mb=1000, tmpdir=<TBD>, runtime=04:00:00, slurm_extra=--qos=general-compute
INFO:snakemake.logging:rule run_featureCounts:
    input: /vscratch/grp-songyao/pnfioric/pantry/intermediate/bam/RS-04396637.bam, /vscratch/grp-songyao/pnfioric/pantry/intermediate/reference/introns.gtf
    output: /vscratch/grp-songyao/pnfioric/pantry/intermediate/stability/RS-04396637.introns.counts.txt
    jobid: 9362
    reason: Missing output files: /vscratch/grp-songyao/pnfioric/pantry/intermediate/stability/RS-04396637.introns.counts.txt; Updated input files: /vscratch/grp-songyao/pnfioric/pantry/intermediate/bam/RS-04396637.bam, /vscratch/grp-songyao/pnfioric/pantry/intermediate/reference/introns.gtf
    wildcards: sample_id=RS-04396637, feature_type=introns
    threads: 8
    resources: mem_mb=60000, disk_mb=1000, tmpdir=<TBD>, runtime=04:00:00, slurm_extra=--qos=general-compute

INFO:snakemake.logging:
Submitted job 9362 with external jobid 'Submitted batch job 24690918'.
WARNING:snakemake.logging:Submitted job 9362 with external jobid 'Submitted batch job 24690918'.

INFO:snakemake.logging:
[Mon May 25 15:46:16 2026]
INFO:snakemake.logging:[Mon May 25 15:46:16 2026]
rule txrevise_construct_events:
    input: /vscratch/grp-songyao/pnfioric/pantry/intermediate/reference/txrevise/txrevise_annotations.rds
    output: /vscratch/grp-songyao/pnfioric/pantry/intermediate/reference/txrevise/batch/txrevise.grp_1.upstream.61_100.gff3, /vscratch/grp-songyao/pnfioric/pantry/intermediate/reference/txrevise/batch/txrevise.grp_2.upstream.61_100.gff3, /vscratch/grp-songyao/pnfioric/pantry/intermediate/reference/txrevise/batch/txrevise.grp_1.contained.61_100.gff3, /vscratch/grp-songyao/pnfioric/pantry/intermediate/reference/txrevise/batch/txrevise.grp_2.contained.61_100.gff3, /vscratch/grp-songyao/pnfioric/pantry/intermediate/reference/txrevise/batch/txrevise.grp_1.downstream.61_100.gff3, /vscratch/grp-songyao/pnfioric/pantry/intermediate/reference/txrevise/batch/txrevise.grp_2.downstream.61_100.gff3
    jobid: 69
    reason: Missing output files: /vscratch/grp-songyao/pnfioric/pantry/intermediate/reference/txrevise/batch/txrevise.grp_1.upstream.61_100.gff3, /vscratch/grp-songyao/pnfioric/pantry/intermediate/reference/txrevise/batch/txrevise.grp_2.downstream.61_100.gff3, /vscratch/grp-songyao/pnfioric/pantry/intermediate/reference/txrevise/batch/txrevise.grp_1.downstream.61_100.gff3, /vscratch/grp-songyao/pnfioric/pantry/intermediate/reference/txrevise/batch/txrevise.grp_2.upstream.61_100.gff3; Updated input files: /vscratch/grp-songyao/pnfioric/pantry/intermediate/reference/txrevise/txrevise_annotations.rds
    wildcards: batch=61, n_batches=100
    resources: mem_mb=32000, disk_mb=1000, tmpdir=<TBD>, runtime=960, slurm_extra=--qos=general-compute
INFO:snakemake.logging:rule txrevise_construct_events:
    input: /vscratch/grp-songyao/pnfioric/pantry/intermediate/reference/txrevise/txrevise_annotations.rds
    output: /vscratch/grp-songyao/pnfioric/pantry/intermediate/reference/txrevise/batch/txrevise.grp_1.upstream.61_100.gff3, /vscratch/grp-songyao/pnfioric/pantry/intermediate/reference/txrevise/batch/txrevise.grp_2.upstream.61_100.gff3, /vscratch/grp-songyao/pnfioric/pantry/intermediate/reference/txrevise/batch/txrevise.grp_1.contained.61_100.gff3, /vscratch/grp-songyao/pnfioric/pantry/intermediate/reference/txrevise/batch/txrevise.grp_2.contained.61_100.gff3, /vscratch/grp-songyao/pnfioric/pantry/intermediate/reference/txrevise/batch/txrevise.grp_1.downstream.61_100.gff3, /vscratch/grp-songyao/pnfioric/pantry/intermediate/reference/txrevise/batch/txrevise.grp_2.downstream.61_100.gff3
    jobid: 69
    reason: Missing output files: /vscratch/grp-songyao/pnfioric/pantry/intermediate/reference/txrevise/batch/txrevise.grp_1.upstream.61_100.gff3, /vscratch/grp-songyao/pnfioric/pantry/intermediate/reference/txrevise/batch/txrevise.grp_2.downstream.61_100.gff3, /vscratch/grp-songyao/pnfioric/pantry/intermediate/reference/txrevise/batch/txrevise.grp_1.downstream.61_100.gff3, /vscratch/grp-songyao/pnfioric/pantry/intermediate/reference/txrevise/batch/txrevise.grp_2.upstream.61_100.gff3; Updated input files: /vscratch/grp-songyao/pnfioric/pantry/intermediate/reference/txrevise/txrevise_annotations.rds
    wildcards: batch=61, n_batches=100
    resources: mem_mb=32000, disk_mb=1000, tmpdir=<TBD>, runtime=960, slurm_extra=--qos=general-compute

INFO:snakemake.logging:
Submitted job 69 with external jobid 'Submitted batch job 24690919'.
WARNING:snakemake.logging:Submitted job 69 with external jobid 'Submitted batch job 24690919'.

INFO:snakemake.logging:
[Mon May 25 15:46:16 2026]
INFO:snakemake.logging:[Mon May 25 15:46:16 2026]
rule txrevise_construct_events:
    input: /vscratch/grp-songyao/pnfioric/pantry/intermediate/reference/txrevise/txrevise_annotations.rds
    output: /vscratch/grp-songyao/pnfioric/pantry/intermediate/reference/txrevise/batch/txrevise.grp_1.upstream.5_100.gff3, /vscratch/grp-songyao/pnfioric/pantry/intermediate/reference/txrevise/batch/txrevise.grp_2.upstream.5_100.gff3, /vscratch/grp-songyao/pnfioric/pantry/intermediate/reference/txrevise/batch/txrevise.grp_1.contained.5_100.gff3, /vscratch/grp-songyao/pnfioric/pantry/intermediate/reference/txrevise/batch/txrevise.grp_2.contained.5_100.gff3, /vscratch/grp-songyao/pnfioric/pantry/intermediate/reference/txrevise/batch/txrevise.grp_1.downstream.5_100.gff3, /vscratch/grp-songyao/pnfioric/pantry/intermediate/reference/txrevise/batch/txrevise.grp_2.downstream.5_100.gff3
    jobid: 13
    reason: Missing output files: /vscratch/grp-songyao/pnfioric/pantry/intermediate/reference/txrevise/batch/txrevise.grp_1.upstream.5_100.gff3, /vscratch/grp-songyao/pnfioric/pantry/intermediate/reference/txrevise/batch/txrevise.grp_2.upstream.5_100.gff3, /vscratch/grp-songyao/pnfioric/pantry/intermediate/reference/txrevise/batch/txrevise.grp_1.downstream.5_100.gff3, /vscratch/grp-songyao/pnfioric/pantry/intermediate/reference/txrevise/batch/txrevise.grp_2.downstream.5_100.gff3; Updated input files: /vscratch/grp-songyao/pnfioric/pantry/intermediate/reference/txrevise/txrevise_annotations.rds
    wildcards: batch=5, n_batches=100
    resources: mem_mb=32000, disk_mb=1000, tmpdir=<TBD>, runtime=960, slurm_extra=--qos=general-compute
INFO:snakemake.logging:rule txrevise_construct_events:
    input: /vscratch/grp-songyao/pnfioric/pantry/intermediate/reference/txrevise/txrevise_annotations.rds
    output: /vscratch/grp-songyao/pnfioric/pantry/intermediate/reference/txrevise/batch/txrevise.grp_1.upstream.5_100.gff3, /vscratch/grp-songyao/pnfioric/pantry/intermediate/reference/txrevise/batch/txrevise.grp_2.upstream.5_100.gff3, /vscratch/grp-songyao/pnfioric/pantry/intermediate/reference/txrevise/batch/txrevise.grp_1.contained.5_100.gff3, /vscratch/grp-songyao/pnfioric/pantry/intermediate/reference/txrevise/batch/txrevise.grp_2.contained.5_100.gff3, /vscratch/grp-songyao/pnfioric/pantry/intermediate/reference/txrevise/batch/txrevise.grp_1.downstream.5_100.gff3, /vscratch/grp-songyao/pnfioric/pantry/intermediate/reference/txrevise/batch/txrevise.grp_2.downstream.5_100.gff3
    jobid: 13
    reason: Missing output files: /vscratch/grp-songyao/pnfioric/pantry/intermediate/reference/txrevise/batch/txrevise.grp_1.upstream.5_100.gff3, /vscratch/grp-songyao/pnfioric/pantry/intermediate/reference/txrevise/batch/txrevise.grp_2.upstream.5_100.gff3, /vscratch/grp-songyao/pnfioric/pantry/intermediate/reference/txrevise/batch/txrevise.grp_1.downstream.5_100.gff3, /vscratch/grp-songyao/pnfioric/pantry/intermediate/reference/txrevise/batch/txrevise.grp_2.downstream.5_100.gff3; Updated input files: /vscratch/grp-songyao/pnfioric/pantry/intermediate/reference/txrevise/txrevise_annotations.rds
    wildcards: batch=5, n_batches=100
    resources: mem_mb=32000, disk_mb=1000, tmpdir=<TBD>, runtime=960, slurm_extra=--qos=general-compute

INFO:snakemake.logging:
Submitted job 13 with external jobid 'Submitted batch job 24690920'.
WARNING:snakemake.logging:Submitted job 13 with external jobid 'Submitted batch job 24690920'.

INFO:snakemake.logging:
[Mon May 25 15:46:16 2026]
INFO:snakemake.logging:[Mon May 25 15:46:16 2026]
rule txrevise_construct_events:
    input: /vscratch/grp-songyao/pnfioric/pantry/intermediate/reference/txrevise/txrevise_annotations.rds
    output: /vscratch/grp-songyao/pnfioric/pantry/intermediate/reference/txrevise/batch/txrevise.grp_1.upstream.47_100.gff3, /vscratch/grp-songyao/pnfioric/pantry/intermediate/reference/txrevise/batch/txrevise.grp_2.upstream.47_100.gff3, /vscratch/grp-songyao/pnfioric/pantry/intermediate/reference/txrevise/batch/txrevise.grp_1.contained.47_100.gff3, /vscratch/grp-songyao/pnfioric/pantry/intermediate/reference/txrevise/batch/txrevise.grp_2.contained.47_100.gff3, /vscratch/grp-songyao/pnfioric/pantry/intermediate/reference/txrevise/batch/txrevise.grp_1.downstream.47_100.gff3, /vscratch/grp-songyao/pnfioric/pantry/intermediate/reference/txrevise/batch/txrevise.grp_2.downstream.47_100.gff3
    jobid: 55
    reason: Missing output files: /vscratch/grp-songyao/pnfioric/pantry/intermediate/reference/txrevise/batch/txrevise.grp_2.downstream.47_100.gff3, /vscratch/grp-songyao/pnfioric/pantry/intermediate/reference/txrevise/batch/txrevise.grp_1.downstream.47_100.gff3, /vscratch/grp-songyao/pnfioric/pantry/intermediate/reference/txrevise/batch/txrevise.grp_2.upstream.47_100.gff3, /vscratch/grp-songyao/pnfioric/pantry/intermediate/reference/txrevise/batch/txrevise.grp_1.upstream.47_100.gff3; Updated input files: /vscratch/grp-songyao/pnfioric/pantry/intermediate/reference/txrevise/txrevise_annotations.rds
    wildcards: batch=47, n_batches=100
    resources: mem_mb=32000, disk_mb=1000, tmpdir=<TBD>, runtime=960, slurm_extra=--qos=general-compute
INFO:snakemake.logging:rule txrevise_construct_events:
    input: /vscratch/grp-songyao/pnfioric/pantry/intermediate/reference/txrevise/txrevise_annotations.rds
    output: /vscratch/grp-songyao/pnfioric/pantry/intermediate/reference/txrevise/batch/txrevise.grp_1.upstream.47_100.gff3, /vscratch/grp-songyao/pnfioric/pantry/intermediate/reference/txrevise/batch/txrevise.grp_2.upstream.47_100.gff3, /vscratch/grp-songyao/pnfioric/pantry/intermediate/reference/txrevise/batch/txrevise.grp_1.contained.47_100.gff3, /vscratch/grp-songyao/pnfioric/pantry/intermediate/reference/txrevise/batch/txrevise.grp_2.contained.47_100.gff3, /vscratch/grp-songyao/pnfioric/pantry/intermediate/reference/txrevise/batch/txrevise.grp_1.downstream.47_100.gff3, /vscratch/grp-songyao/pnfioric/pantry/intermediate/reference/txrevise/batch/txrevise.grp_2.downstream.47_100.gff3
    jobid: 55
    reason: Missing output files: /vscratch/grp-songyao/pnfioric/pantry/intermediate/reference/txrevise/batch/txrevise.grp_2.downstream.47_100.gff3, /vscratch/grp-songyao/pnfioric/pantry/intermediate/reference/txrevise/batch/txrevise.grp_1.downstream.47_100.gff3, /vscratch/grp-songyao/pnfioric/pantry/intermediate/reference/txrevise/batch/txrevise.grp_2.upstream.47_100.gff3, /vscratch/grp-songyao/pnfioric/pantry/intermediate/reference/txrevise/batch/txrevise.grp_1.upstream.47_100.gff3; Updated input files: /vscratch/grp-songyao/pnfioric/pantry/intermediate/reference/txrevise/txrevise_annotations.rds
    wildcards: batch=47, n_batches=100
    resources: mem_mb=32000, disk_mb=1000, tmpdir=<TBD>, runtime=960, slurm_extra=--qos=general-compute

INFO:snakemake.logging:
Submitted job 55 with external jobid 'Submitted batch job 24690921'.
WARNING:snakemake.logging:Submitted job 55 with external jobid 'Submitted batch job 24690921'.

INFO:snakemake.logging:
[Mon May 25 15:46:16 2026]
INFO:snakemake.logging:[Mon May 25 15:46:16 2026]
rule txrevise_construct_events:
    input: /vscratch/grp-songyao/pnfioric/pantry/intermediate/reference/txrevise/txrevise_annotations.rds
    output: /vscratch/grp-songyao/pnfioric/pantry/intermediate/reference/txrevise/batch/txrevise.grp_1.upstream.75_100.gff3, /vscratch/grp-songyao/pnfioric/pantry/intermediate/reference/txrevise/batch/txrevise.grp_2.upstream.75_100.gff3, /vscratch/grp-songyao/pnfioric/pantry/intermediate/reference/txrevise/batch/txrevise.grp_1.contained.75_100.gff3, /vscratch/grp-songyao/pnfioric/pantry/intermediate/reference/txrevise/batch/txrevise.grp_2.contained.75_100.gff3, /vscratch/grp-songyao/pnfioric/pantry/intermediate/reference/txrevise/batch/txrevise.grp_1.downstream.75_100.gff3, /vscratch/grp-songyao/pnfioric/pantry/intermediate/reference/txrevise/batch/txrevise.grp_2.downstream.75_100.gff3
    jobid: 83
    reason: Missing output files: /vscratch/grp-songyao/pnfioric/pantry/intermediate/reference/txrevise/batch/txrevise.grp_2.downstream.75_100.gff3, /vscratch/grp-songyao/pnfioric/pantry/intermediate/reference/txrevise/batch/txrevise.grp_2.upstream.75_100.gff3, /vscratch/grp-songyao/pnfioric/pantry/intermediate/reference/txrevise/batch/txrevise.grp_1.upstream.75_100.gff3, /vscratch/grp-songyao/pnfioric/pantry/intermediate/reference/txrevise/batch/txrevise.grp_1.downstream.75_100.gff3; Updated input files: /vscratch/grp-songyao/pnfioric/pantry/intermediate/reference/txrevise/txrevise_annotations.rds
    wildcards: batch=75, n_batches=100
    resources: mem_mb=32000, disk_mb=1000, tmpdir=<TBD>, runtime=960, slurm_extra=--qos=general-compute
INFO:snakemake.logging:rule txrevise_construct_events:
    input: /vscratch/grp-songyao/pnfioric/pantry/intermediate/reference/txrevise/txrevise_annotations.rds
    output: /vscratch/grp-songyao/pnfioric/pantry/intermediate/reference/txrevise/batch/txrevise.grp_1.upstream.75_100.gff3, /vscratch/grp-songyao/pnfioric/pantry/intermediate/reference/txrevise/batch/txrevise.grp_2.upstream.75_100.gff3, /vscratch/grp-songyao/pnfioric/pantry/intermediate/reference/txrevise/batch/txrevise.grp_1.contained.75_100.gff3, /vscratch/grp-songyao/pnfioric/pantry/intermediate/reference/txrevise/batch/txrevise.grp_2.contained.75_100.gff3, /vscratch/grp-songyao/pnfioric/pantry/intermediate/reference/txrevise/batch/txrevise.grp_1.downstream.75_100.gff3, /vscratch/grp-songyao/pnfioric/pantry/intermediate/reference/txrevise/batch/txrevise.grp_2.downstream.75_100.gff3
    jobid: 83
    reason: Missing output files: /vscratch/grp-songyao/pnfioric/pantry/intermediate/reference/txrevise/batch/txrevise.grp_2.downstream.75_100.gff3, /vscratch/grp-songyao/pnfioric/pantry/intermediate/reference/txrevise/batch/txrevise.grp_2.upstream.75_100.gff3, /vscratch/grp-songyao/pnfioric/pantry/intermediate/reference/txrevise/batch/txrevise.grp_1.upstream.75_100.gff3, /vscratch/grp-songyao/pnfioric/pantry/intermediate/reference/txrevise/batch/txrevise.grp_1.downstream.75_100.gff3; Updated input files: /vscratch/grp-songyao/pnfioric/pantry/intermediate/reference/txrevise/txrevise_annotations.rds
    wildcards: batch=75, n_batches=100
    resources: mem_mb=32000, disk_mb=1000, tmpdir=<TBD>, runtime=960, slurm_extra=--qos=general-compute

INFO:snakemake.logging:
Submitted job 83 with external jobid 'Submitted batch job 24690922'.
WARNING:snakemake.logging:Submitted job 83 with external jobid 'Submitted batch job 24690922'.

INFO:snakemake.logging:
[Mon May 25 15:46:16 2026]
INFO:snakemake.logging:[Mon May 25 15:46:16 2026]
rule txrevise_construct_events:
    input: /vscratch/grp-songyao/pnfioric/pantry/intermediate/reference/txrevise/txrevise_annotations.rds
    output: /vscratch/grp-songyao/pnfioric/pantry/intermediate/reference/txrevise/batch/txrevise.grp_1.upstream.19_100.gff3, /vscratch/grp-songyao/pnfioric/pantry/intermediate/reference/txrevise/batch/txrevise.grp_2.upstream.19_100.gff3, /vscratch/grp-songyao/pnfioric/pantry/intermediate/reference/txrevise/batch/txrevise.grp_1.contained.19_100.gff3, /vscratch/grp-songyao/pnfioric/pantry/intermediate/reference/txrevise/batch/txrevise.grp_2.contained.19_100.gff3, /vscratch/grp-songyao/pnfioric/pantry/intermediate/reference/txrevise/batch/txrevise.grp_1.downstream.19_100.gff3, /vscratch/grp-songyao/pnfioric/pantry/intermediate/reference/txrevise/batch/txrevise.grp_2.downstream.19_100.gff3
    jobid: 27
    reason: Missing output files: /vscratch/grp-songyao/pnfioric/pantry/intermediate/reference/txrevise/batch/txrevise.grp_1.upstream.19_100.gff3, /vscratch/grp-songyao/pnfioric/pantry/intermediate/reference/txrevise/batch/txrevise.grp_2.upstream.19_100.gff3, /vscratch/grp-songyao/pnfioric/pantry/intermediate/reference/txrevise/batch/txrevise.grp_2.downstream.19_100.gff3, /vscratch/grp-songyao/pnfioric/pantry/intermediate/reference/txrevise/batch/txrevise.grp_1.downstream.19_100.gff3; Updated input files: /vscratch/grp-songyao/pnfioric/pantry/intermediate/reference/txrevise/txrevise_annotations.rds
    wildcards: batch=19, n_batches=100
    resources: mem_mb=32000, disk_mb=1000, tmpdir=<TBD>, runtime=960, slurm_extra=--qos=general-compute
INFO:snakemake.logging:rule txrevise_construct_events:
    input: /vscratch/grp-songyao/pnfioric/pantry/intermediate/reference/txrevise/txrevise_annotations.rds
    output: /vscratch/grp-songyao/pnfioric/pantry/intermediate/reference/txrevise/batch/txrevise.grp_1.upstream.19_100.gff3, /vscratch/grp-songyao/pnfioric/pantry/intermediate/reference/txrevise/batch/txrevise.grp_2.upstream.19_100.gff3, /vscratch/grp-songyao/pnfioric/pantry/intermediate/reference/txrevise/batch/txrevise.grp_1.contained.19_100.gff3, /vscratch/grp-songyao/pnfioric/pantry/intermediate/reference/txrevise/batch/txrevise.grp_2.contained.19_100.gff3, /vscratch/grp-songyao/pnfioric/pantry/intermediate/reference/txrevise/batch/txrevise.grp_1.downstream.19_100.gff3, /vscratch/grp-songyao/pnfioric/pantry/intermediate/reference/txrevise/batch/txrevise.grp_2.downstream.19_100.gff3
    jobid: 27
    reason: Missing output files: /vscratch/grp-songyao/pnfioric/pantry/intermediate/reference/txrevise/batch/txrevise.grp_1.upstream.19_100.gff3, /vscratch/grp-songyao/pnfioric/pantry/intermediate/reference/txrevise/batch/txrevise.grp_2.upstream.19_100.gff3, /vscratch/grp-songyao/pnfioric/pantry/intermediate/reference/txrevise/batch/txrevise.grp_2.downstream.19_100.gff3, /vscratch/grp-songyao/pnfioric/pantry/intermediate/reference/txrevise/batch/txrevise.grp_1.downstream.19_100.gff3; Updated input files: /vscratch/grp-songyao/pnfioric/pantry/intermediate/reference/txrevise/txrevise_annotations.rds
    wildcards: batch=19, n_batches=100
    resources: mem_mb=32000, disk_mb=1000, tmpdir=<TBD>, runtime=960, slurm_extra=--qos=general-compute

INFO:snakemake.logging:
Submitted job 27 with external jobid 'Submitted batch job 24690923'.
WARNING:snakemake.logging:Submitted job 27 with external jobid 'Submitted batch job 24690923'.

INFO:snakemake.logging:
[Mon May 25 15:46:17 2026]
INFO:snakemake.logging:[Mon May 25 15:46:17 2026]
rule txrevise_construct_events:
    input: /vscratch/grp-songyao/pnfioric/pantry/intermediate/reference/txrevise/txrevise_annotations.rds
    output: /vscratch/grp-songyao/pnfioric/pantry/intermediate/reference/txrevise/batch/txrevise.grp_1.upstream.62_100.gff3, /vscratch/grp-songyao/pnfioric/pantry/intermediate/reference/txrevise/batch/txrevise.grp_2.upstream.62_100.gff3, /vscratch/grp-songyao/pnfioric/pantry/intermediate/reference/txrevise/batch/txrevise.grp_1.contained.62_100.gff3, /vscratch/grp-songyao/pnfioric/pantry/intermediate/reference/txrevise/batch/txrevise.grp_2.contained.62_100.gff3, /vscratch/grp-songyao/pnfioric/pantry/intermediate/reference/txrevise/batch/txrevise.grp_1.downstream.62_100.gff3, /vscratch/grp-songyao/pnfioric/pantry/intermediate/reference/txrevise/batch/txrevise.grp_2.downstream.62_100.gff3
    jobid: 70
    reason: Missing output files: /vscratch/grp-songyao/pnfioric/pantry/intermediate/reference/txrevise/batch/txrevise.grp_2.upstream.62_100.gff3, /vscratch/grp-songyao/pnfioric/pantry/intermediate/reference/txrevise/batch/txrevise.grp_1.upstream.62_100.gff3, /vscratch/grp-songyao/pnfioric/pantry/intermediate/reference/txrevise/batch/txrevise.grp_1.downstream.62_100.gff3, /vscratch/grp-songyao/pnfioric/pantry/intermediate/reference/txrevise/batch/txrevise.grp_2.downstream.62_100.gff3; Updated input files: /vscratch/grp-songyao/pnfioric/pantry/intermediate/reference/txrevise/txrevise_annotations.rds
    wildcards: batch=62, n_batches=100
    resources: mem_mb=32000, disk_mb=1000, tmpdir=<TBD>, runtime=960, slurm_extra=--qos=general-compute
INFO:snakemake.logging:rule txrevise_construct_events:
    input: /vscratch/grp-songyao/pnfioric/pantry/intermediate/reference/txrevise/txrevise_annotations.rds
    output: /vscratch/grp-songyao/pnfioric/pantry/intermediate/reference/txrevise/batch/txrevise.grp_1.upstream.62_100.gff3, /vscratch/grp-songyao/pnfioric/pantry/intermediate/reference/txrevise/batch/txrevise.grp_2.upstream.62_100.gff3, /vscratch/grp-songyao/pnfioric/pantry/intermediate/reference/txrevise/batch/txrevise.grp_1.contained.62_100.gff3, /vscratch/grp-songyao/pnfioric/pantry/intermediate/reference/txrevise/batch/txrevise.grp_2.contained.62_100.gff3, /vscratch/grp-songyao/pnfioric/pantry/intermediate/reference/txrevise/batch/txrevise.grp_1.downstream.62_100.gff3, /vscratch/grp-songyao/pnfioric/pantry/intermediate/reference/txrevise/batch/txrevise.grp_2.downstream.62_100.gff3
    jobid: 70
    reason: Missing output files: /vscratch/grp-songyao/pnfioric/pantry/intermediate/reference/txrevise/batch/txrevise.grp_2.upstream.62_100.gff3, /vscratch/grp-songyao/pnfioric/pantry/intermediate/reference/txrevise/batch/txrevise.grp_1.upstream.62_100.gff3, /vscratch/grp-songyao/pnfioric/pantry/intermediate/reference/txrevise/batch/txrevise.grp_1.downstream.62_100.gff3, /vscratch/grp-songyao/pnfioric/pantry/intermediate/reference/txrevise/batch/txrevise.grp_2.downstream.62_100.gff3; Updated input files: /vscratch/grp-songyao/pnfioric/pantry/intermediate/reference/txrevise/txrevise_annotations.rds
    wildcards: batch=62, n_batches=100
    resources: mem_mb=32000, disk_mb=1000, tmpdir=<TBD>, runtime=960, slurm_extra=--qos=general-compute

INFO:snakemake.logging:
Submitted job 70 with external jobid 'Submitted batch job 24690924'.
WARNING:snakemake.logging:Submitted job 70 with external jobid 'Submitted batch job 24690924'.

INFO:snakemake.logging:
[Mon May 25 15:46:17 2026]
INFO:snakemake.logging:[Mon May 25 15:46:17 2026]
rule index_bam:
    input: /vscratch/grp-songyao/pnfioric/pantry/intermediate/bam/RS-04218234.bam
    output: /vscratch/grp-songyao/pnfioric/pantry/intermediate/bam/RS-04218234.bam.bai
    jobid: 5122
    reason: Missing output files: /vscratch/grp-songyao/pnfioric/pantry/intermediate/bam/RS-04218234.bam.bai; Updated input files: /vscratch/grp-songyao/pnfioric/pantry/intermediate/bam/RS-04218234.bam
    wildcards: basename=/vscratch/grp-songyao/pnfioric/pantry/intermediate/bam/RS-04218234
    threads: 8
    resources: mem_mb=60000, disk_mb=1174, tmpdir=<TBD>, runtime=04:00:00, slurm_extra=--qos=general-compute
INFO:snakemake.logging:rule index_bam:
    input: /vscratch/grp-songyao/pnfioric/pantry/intermediate/bam/RS-04218234.bam
    output: /vscratch/grp-songyao/pnfioric/pantry/intermediate/bam/RS-04218234.bam.bai
    jobid: 5122
    reason: Missing output files: /vscratch/grp-songyao/pnfioric/pantry/intermediate/bam/RS-04218234.bam.bai; Updated input files: /vscratch/grp-songyao/pnfioric/pantry/intermediate/bam/RS-04218234.bam
    wildcards: basename=/vscratch/grp-songyao/pnfioric/pantry/intermediate/bam/RS-04218234
    threads: 8
    resources: mem_mb=60000, disk_mb=1174, tmpdir=<TBD>, runtime=04:00:00, slurm_extra=--qos=general-compute

INFO:snakemake.logging:
Submitted job 5122 with external jobid 'Submitted batch job 24690925'.
WARNING:snakemake.logging:Submitted job 5122 with external jobid 'Submitted batch job 24690925'.

INFO:snakemake.logging:
[Mon May 25 15:46:17 2026]
INFO:snakemake.logging:[Mon May 25 15:46:17 2026]
rule txrevise_construct_events:
    input: /vscratch/grp-songyao/pnfioric/pantry/intermediate/reference/txrevise/txrevise_annotations.rds
    output: /vscratch/grp-songyao/pnfioric/pantry/intermediate/reference/txrevise/batch/txrevise.grp_1.upstream.6_100.gff3, /vscratch/grp-songyao/pnfioric/pantry/intermediate/reference/txrevise/batch/txrevise.grp_2.upstream.6_100.gff3, /vscratch/grp-songyao/pnfioric/pantry/intermediate/reference/txrevise/batch/txrevise.grp_1.contained.6_100.gff3, /vscratch/grp-songyao/pnfioric/pantry/intermediate/reference/txrevise/batch/txrevise.grp_2.contained.6_100.gff3, /vscratch/grp-songyao/pnfioric/pantry/intermediate/reference/txrevise/batch/txrevise.grp_1.downstream.6_100.gff3, /vscratch/grp-songyao/pnfioric/pantry/intermediate/reference/txrevise/batch/txrevise.grp_2.downstream.6_100.gff3
    jobid: 14
    reason: Missing output files: /vscratch/grp-songyao/pnfioric/pantry/intermediate/reference/txrevise/batch/txrevise.grp_2.downstream.6_100.gff3, /vscratch/grp-songyao/pnfioric/pantry/intermediate/reference/txrevise/batch/txrevise.grp_2.upstream.6_100.gff3, /vscratch/grp-songyao/pnfioric/pantry/intermediate/reference/txrevise/batch/txrevise.grp_1.upstream.6_100.gff3, /vscratch/grp-songyao/pnfioric/pantry/intermediate/reference/txrevise/batch/txrevise.grp_1.downstream.6_100.gff3; Updated input files: /vscratch/grp-songyao/pnfioric/pantry/intermediate/reference/txrevise/txrevise_annotations.rds
    wildcards: batch=6, n_batches=100
    resources: mem_mb=32000, disk_mb=1000, tmpdir=<TBD>, runtime=960, slurm_extra=--qos=general-compute
INFO:snakemake.logging:rule txrevise_construct_events:
    input: /vscratch/grp-songyao/pnfioric/pantry/intermediate/reference/txrevise/txrevise_annotations.rds
    output: /vscratch/grp-songyao/pnfioric/pantry/intermediate/reference/txrevise/batch/txrevise.grp_1.upstream.6_100.gff3, /vscratch/grp-songyao/pnfioric/pantry/intermediate/reference/txrevise/batch/txrevise.grp_2.upstream.6_100.gff3, /vscratch/grp-songyao/pnfioric/pantry/intermediate/reference/txrevise/batch/txrevise.grp_1.contained.6_100.gff3, /vscratch/grp-songyao/pnfioric/pantry/intermediate/reference/txrevise/batch/txrevise.grp_2.contained.6_100.gff3, /vscratch/grp-songyao/pnfioric/pantry/intermediate/reference/txrevise/batch/txrevise.grp_1.downstream.6_100.gff3, /vscratch/grp-songyao/pnfioric/pantry/intermediate/reference/txrevise/batch/txrevise.grp_2.downstream.6_100.gff3
    jobid: 14
    reason: Missing output files: /vscratch/grp-songyao/pnfioric/pantry/intermediate/reference/txrevise/batch/txrevise.grp_2.downstream.6_100.gff3, /vscratch/grp-songyao/pnfioric/pantry/intermediate/reference/txrevise/batch/txrevise.grp_2.upstream.6_100.gff3, /vscratch/grp-songyao/pnfioric/pantry/intermediate/reference/txrevise/batch/txrevise.grp_1.upstream.6_100.gff3, /vscratch/grp-songyao/pnfioric/pantry/intermediate/reference/txrevise/batch/txrevise.grp_1.downstream.6_100.gff3; Updated input files: /vscratch/grp-songyao/pnfioric/pantry/intermediate/reference/txrevise/txrevise_annotations.rds
    wildcards: batch=6, n_batches=100
    resources: mem_mb=32000, disk_mb=1000, tmpdir=<TBD>, runtime=960, slurm_extra=--qos=general-compute

INFO:snakemake.logging:
Submitted job 14 with external jobid 'Submitted batch job 24690926'.
WARNING:snakemake.logging:Submitted job 14 with external jobid 'Submitted batch job 24690926'.

INFO:snakemake.logging:
[Mon May 25 15:46:17 2026]
INFO:snakemake.logging:[Mon May 25 15:46:17 2026]
rule index_bam:
    input: /vscratch/grp-songyao/pnfioric/pantry/intermediate/bam/RS-04367484.bam
    output: /vscratch/grp-songyao/pnfioric/pantry/intermediate/bam/RS-04367484.bam.bai
    jobid: 5822
    reason: Missing output files: /vscratch/grp-songyao/pnfioric/pantry/intermediate/bam/RS-04367484.bam.bai; Updated input files: /vscratch/grp-songyao/pnfioric/pantry/intermediate/bam/RS-04367484.bam
    wildcards: basename=/vscratch/grp-songyao/pnfioric/pantry/intermediate/bam/RS-04367484
    threads: 8
    resources: mem_mb=60000, disk_mb=7725, tmpdir=<TBD>, runtime=04:00:00, slurm_extra=--qos=general-compute
INFO:snakemake.logging:rule index_bam:
    input: /vscratch/grp-songyao/pnfioric/pantry/intermediate/bam/RS-04367484.bam
    output: /vscratch/grp-songyao/pnfioric/pantry/intermediate/bam/RS-04367484.bam.bai
    jobid: 5822
    reason: Missing output files: /vscratch/grp-songyao/pnfioric/pantry/intermediate/bam/RS-04367484.bam.bai; Updated input files: /vscratch/grp-songyao/pnfioric/pantry/intermediate/bam/RS-04367484.bam
    wildcards: basename=/vscratch/grp-songyao/pnfioric/pantry/intermediate/bam/RS-04367484
    threads: 8
    resources: mem_mb=60000, disk_mb=7725, tmpdir=<TBD>, runtime=04:00:00, slurm_extra=--qos=general-compute

INFO:snakemake.logging:
Submitted job 5822 with external jobid 'Submitted batch job 24690927'.
WARNING:snakemake.logging:Submitted job 5822 with external jobid 'Submitted batch job 24690927'.

INFO:snakemake.logging:
[Mon May 25 15:46:17 2026]
INFO:snakemake.logging:[Mon May 25 15:46:17 2026]
rule txrevise_construct_events:
    input: /vscratch/grp-songyao/pnfioric/pantry/intermediate/reference/txrevise/txrevise_annotations.rds
    output: /vscratch/grp-songyao/pnfioric/pantry/intermediate/reference/txrevise/batch/txrevise.grp_1.upstream.48_100.gff3, /vscratch/grp-songyao/pnfioric/pantry/intermediate/reference/txrevise/batch/txrevise.grp_2.upstream.48_100.gff3, /vscratch/grp-songyao/pnfioric/pantry/intermediate/reference/txrevise/batch/txrevise.grp_1.contained.48_100.gff3, /vscratch/grp-songyao/pnfioric/pantry/intermediate/reference/txrevise/batch/txrevise.grp_2.contained.48_100.gff3, /vscratch/grp-songyao/pnfioric/pantry/intermediate/reference/txrevise/batch/txrevise.grp_1.downstream.48_100.gff3, /vscratch/grp-songyao/pnfioric/pantry/intermediate/reference/txrevise/batch/txrevise.grp_2.downstream.48_100.gff3
    jobid: 56
    reason: Missing output files: /vscratch/grp-songyao/pnfioric/pantry/intermediate/reference/txrevise/batch/txrevise.grp_2.upstream.48_100.gff3, /vscratch/grp-songyao/pnfioric/pantry/intermediate/reference/txrevise/batch/txrevise.grp_1.downstream.48_100.gff3, /vscratch/grp-songyao/pnfioric/pantry/intermediate/reference/txrevise/batch/txrevise.grp_2.downstream.48_100.gff3, /vscratch/grp-songyao/pnfioric/pantry/intermediate/reference/txrevise/batch/txrevise.grp_1.upstream.48_100.gff3; Updated input files: /vscratch/grp-songyao/pnfioric/pantry/intermediate/reference/txrevise/txrevise_annotations.rds
    wildcards: batch=48, n_batches=100
    resources: mem_mb=32000, disk_mb=1000, tmpdir=<TBD>, runtime=960, slurm_extra=--qos=general-compute
INFO:snakemake.logging:rule txrevise_construct_events:
    input: /vscratch/grp-songyao/pnfioric/pantry/intermediate/reference/txrevise/txrevise_annotations.rds
    output: /vscratch/grp-songyao/pnfioric/pantry/intermediate/reference/txrevise/batch/txrevise.grp_1.upstream.48_100.gff3, /vscratch/grp-songyao/pnfioric/pantry/intermediate/reference/txrevise/batch/txrevise.grp_2.upstream.48_100.gff3, /vscratch/grp-songyao/pnfioric/pantry/intermediate/reference/txrevise/batch/txrevise.grp_1.contained.48_100.gff3, /vscratch/grp-songyao/pnfioric/pantry/intermediate/reference/txrevise/batch/txrevise.grp_2.contained.48_100.gff3, /vscratch/grp-songyao/pnfioric/pantry/intermediate/reference/txrevise/batch/txrevise.grp_1.downstream.48_100.gff3, /vscratch/grp-songyao/pnfioric/pantry/intermediate/reference/txrevise/batch/txrevise.grp_2.downstream.48_100.gff3
    jobid: 56
    reason: Missing output files: /vscratch/grp-songyao/pnfioric/pantry/intermediate/reference/txrevise/batch/txrevise.grp_2.upstream.48_100.gff3, /vscratch/grp-songyao/pnfioric/pantry/intermediate/reference/txrevise/batch/txrevise.grp_1.downstream.48_100.gff3, /vscratch/grp-songyao/pnfioric/pantry/intermediate/reference/txrevise/batch/txrevise.grp_2.downstream.48_100.gff3, /vscratch/grp-songyao/pnfioric/pantry/intermediate/reference/txrevise/batch/txrevise.grp_1.upstream.48_100.gff3; Updated input files: /vscratch/grp-songyao/pnfioric/pantry/intermediate/reference/txrevise/txrevise_annotations.rds
    wildcards: batch=48, n_batches=100
    resources: mem_mb=32000, disk_mb=1000, tmpdir=<TBD>, runtime=960, slurm_extra=--qos=general-compute

INFO:snakemake.logging:
Submitted job 56 with external jobid 'Submitted batch job 24690928'.
WARNING:snakemake.logging:Submitted job 56 with external jobid 'Submitted batch job 24690928'.

INFO:snakemake.logging:
[Mon May 25 15:46:17 2026]
INFO:snakemake.logging:[Mon May 25 15:46:17 2026]
rule txrevise_construct_events:
    input: /vscratch/grp-songyao/pnfioric/pantry/intermediate/reference/txrevise/txrevise_annotations.rds
    output: /vscratch/grp-songyao/pnfioric/pantry/intermediate/reference/txrevise/batch/txrevise.grp_1.upstream.76_100.gff3, /vscratch/grp-songyao/pnfioric/pantry/intermediate/reference/txrevise/batch/txrevise.grp_2.upstream.76_100.gff3, /vscratch/grp-songyao/pnfioric/pantry/intermediate/reference/txrevise/batch/txrevise.grp_1.contained.76_100.gff3, /vscratch/grp-songyao/pnfioric/pantry/intermediate/reference/txrevise/batch/txrevise.grp_2.contained.76_100.gff3, /vscratch/grp-songyao/pnfioric/pantry/intermediate/reference/txrevise/batch/txrevise.grp_1.downstream.76_100.gff3, /vscratch/grp-songyao/pnfioric/pantry/intermediate/reference/txrevise/batch/txrevise.grp_2.downstream.76_100.gff3
    jobid: 84
    reason: Missing output files: /vscratch/grp-songyao/pnfioric/pantry/intermediate/reference/txrevise/batch/txrevise.grp_2.upstream.76_100.gff3, /vscratch/grp-songyao/pnfioric/pantry/intermediate/reference/txrevise/batch/txrevise.grp_2.downstream.76_100.gff3, /vscratch/grp-songyao/pnfioric/pantry/intermediate/reference/txrevise/batch/txrevise.grp_1.downstream.76_100.gff3, /vscratch/grp-songyao/pnfioric/pantry/intermediate/reference/txrevise/batch/txrevise.grp_1.upstream.76_100.gff3; Updated input files: /vscratch/grp-songyao/pnfioric/pantry/intermediate/reference/txrevise/txrevise_annotations.rds
    wildcards: batch=76, n_batches=100
    resources: mem_mb=32000, disk_mb=1000, tmpdir=<TBD>, runtime=960, slurm_extra=--qos=general-compute
INFO:snakemake.logging:rule txrevise_construct_events:
    input: /vscratch/grp-songyao/pnfioric/pantry/intermediate/reference/txrevise/txrevise_annotations.rds
    output: /vscratch/grp-songyao/pnfioric/pantry/intermediate/reference/txrevise/batch/txrevise.grp_1.upstream.76_100.gff3, /vscratch/grp-songyao/pnfioric/pantry/intermediate/reference/txrevise/batch/txrevise.grp_2.upstream.76_100.gff3, /vscratch/grp-songyao/pnfioric/pantry/intermediate/reference/txrevise/batch/txrevise.grp_1.contained.76_100.gff3, /vscratch/grp-songyao/pnfioric/pantry/intermediate/reference/txrevise/batch/txrevise.grp_2.contained.76_100.gff3, /vscratch/grp-songyao/pnfioric/pantry/intermediate/reference/txrevise/batch/txrevise.grp_1.downstream.76_100.gff3, /vscratch/grp-songyao/pnfioric/pantry/intermediate/reference/txrevise/batch/txrevise.grp_2.downstream.76_100.gff3
    jobid: 84
    reason: Missing output files: /vscratch/grp-songyao/pnfioric/pantry/intermediate/reference/txrevise/batch/txrevise.grp_2.upstream.76_100.gff3, /vscratch/grp-songyao/pnfioric/pantry/intermediate/reference/txrevise/batch/txrevise.grp_2.downstream.76_100.gff3, /vscratch/grp-songyao/pnfioric/pantry/intermediate/reference/txrevise/batch/txrevise.grp_1.downstream.76_100.gff3, /vscratch/grp-songyao/pnfioric/pantry/intermediate/reference/txrevise/batch/txrevise.grp_1.upstream.76_100.gff3; Updated input files: /vscratch/grp-songyao/pnfioric/pantry/intermediate/reference/txrevise/txrevise_annotations.rds
    wildcards: batch=76, n_batches=100
    resources: mem_mb=32000, disk_mb=1000, tmpdir=<TBD>, runtime=960, slurm_extra=--qos=general-compute

INFO:snakemake.logging:
Submitted job 84 with external jobid 'Submitted batch job 24690929'.
WARNING:snakemake.logging:Submitted job 84 with external jobid 'Submitted batch job 24690929'.

INFO:snakemake.logging:
[Mon May 25 15:46:17 2026]
INFO:snakemake.logging:[Mon May 25 15:46:17 2026]
rule txrevise_construct_events:
    input: /vscratch/grp-songyao/pnfioric/pantry/intermediate/reference/txrevise/txrevise_annotations.rds
    output: /vscratch/grp-songyao/pnfioric/pantry/intermediate/reference/txrevise/batch/txrevise.grp_1.upstream.20_100.gff3, /vscratch/grp-songyao/pnfioric/pantry/intermediate/reference/txrevise/batch/txrevise.grp_2.upstream.20_100.gff3, /vscratch/grp-songyao/pnfioric/pantry/intermediate/reference/txrevise/batch/txrevise.grp_1.contained.20_100.gff3, /vscratch/grp-songyao/pnfioric/pantry/intermediate/reference/txrevise/batch/txrevise.grp_2.contained.20_100.gff3, /vscratch/grp-songyao/pnfioric/pantry/intermediate/reference/txrevise/batch/txrevise.grp_1.downstream.20_100.gff3, /vscratch/grp-songyao/pnfioric/pantry/intermediate/reference/txrevise/batch/txrevise.grp_2.downstream.20_100.gff3
    jobid: 28
    reason: Missing output files: /vscratch/grp-songyao/pnfioric/pantry/intermediate/reference/txrevise/batch/txrevise.grp_1.downstream.20_100.gff3, /vscratch/grp-songyao/pnfioric/pantry/intermediate/reference/txrevise/batch/txrevise.grp_2.downstream.20_100.gff3, /vscratch/grp-songyao/pnfioric/pantry/intermediate/reference/txrevise/batch/txrevise.grp_2.upstream.20_100.gff3, /vscratch/grp-songyao/pnfioric/pantry/intermediate/reference/txrevise/batch/txrevise.grp_1.upstream.20_100.gff3; Updated input files: /vscratch/grp-songyao/pnfioric/pantry/intermediate/reference/txrevise/txrevise_annotations.rds
    wildcards: batch=20, n_batches=100
    resources: mem_mb=32000, disk_mb=1000, tmpdir=<TBD>, runtime=960, slurm_extra=--qos=general-compute
INFO:snakemake.logging:rule txrevise_construct_events:
    input: /vscratch/grp-songyao/pnfioric/pantry/intermediate/reference/txrevise/txrevise_annotations.rds
    output: /vscratch/grp-songyao/pnfioric/pantry/intermediate/reference/txrevise/batch/txrevise.grp_1.upstream.20_100.gff3, /vscratch/grp-songyao/pnfioric/pantry/intermediate/reference/txrevise/batch/txrevise.grp_2.upstream.20_100.gff3, /vscratch/grp-songyao/pnfioric/pantry/intermediate/reference/txrevise/batch/txrevise.grp_1.contained.20_100.gff3, /vscratch/grp-songyao/pnfioric/pantry/intermediate/reference/txrevise/batch/txrevise.grp_2.contained.20_100.gff3, /vscratch/grp-songyao/pnfioric/pantry/intermediate/reference/txrevise/batch/txrevise.grp_1.downstream.20_100.gff3, /vscratch/grp-songyao/pnfioric/pantry/intermediate/reference/txrevise/batch/txrevise.grp_2.downstream.20_100.gff3
    jobid: 28
    reason: Missing output files: /vscratch/grp-songyao/pnfioric/pantry/intermediate/reference/txrevise/batch/txrevise.grp_1.downstream.20_100.gff3, /vscratch/grp-songyao/pnfioric/pantry/intermediate/reference/txrevise/batch/txrevise.grp_2.downstream.20_100.gff3, /vscratch/grp-songyao/pnfioric/pantry/intermediate/reference/txrevise/batch/txrevise.grp_2.upstream.20_100.gff3, /vscratch/grp-songyao/pnfioric/pantry/intermediate/reference/txrevise/batch/txrevise.grp_1.upstream.20_100.gff3; Updated input files: /vscratch/grp-songyao/pnfioric/pantry/intermediate/reference/txrevise/txrevise_annotations.rds
    wildcards: batch=20, n_batches=100
    resources: mem_mb=32000, disk_mb=1000, tmpdir=<TBD>, runtime=960, slurm_extra=--qos=general-compute

INFO:snakemake.logging:
Submitted job 28 with external jobid 'Submitted batch job 24690930'.
WARNING:snakemake.logging:Submitted job 28 with external jobid 'Submitted batch job 24690930'.

INFO:snakemake.logging:
[Mon May 25 15:46:17 2026]
INFO:snakemake.logging:[Mon May 25 15:46:17 2026]
rule txrevise_construct_events:
    input: /vscratch/grp-songyao/pnfioric/pantry/intermediate/reference/txrevise/txrevise_annotations.rds
    output: /vscratch/grp-songyao/pnfioric/pantry/intermediate/reference/txrevise/batch/txrevise.grp_1.upstream.63_100.gff3, /vscratch/grp-songyao/pnfioric/pantry/intermediate/reference/txrevise/batch/txrevise.grp_2.upstream.63_100.gff3, /vscratch/grp-songyao/pnfioric/pantry/intermediate/reference/txrevise/batch/txrevise.grp_1.contained.63_100.gff3, /vscratch/grp-songyao/pnfioric/pantry/intermediate/reference/txrevise/batch/txrevise.grp_2.contained.63_100.gff3, /vscratch/grp-songyao/pnfioric/pantry/intermediate/reference/txrevise/batch/txrevise.grp_1.downstream.63_100.gff3, /vscratch/grp-songyao/pnfioric/pantry/intermediate/reference/txrevise/batch/txrevise.grp_2.downstream.63_100.gff3
    jobid: 71
    reason: Missing output files: /vscratch/grp-songyao/pnfioric/pantry/intermediate/reference/txrevise/batch/txrevise.grp_1.upstream.63_100.gff3, /vscratch/grp-songyao/pnfioric/pantry/intermediate/reference/txrevise/batch/txrevise.grp_2.downstream.63_100.gff3, /vscratch/grp-songyao/pnfioric/pantry/intermediate/reference/txrevise/batch/txrevise.grp_2.upstream.63_100.gff3, /vscratch/grp-songyao/pnfioric/pantry/intermediate/reference/txrevise/batch/txrevise.grp_1.downstream.63_100.gff3; Updated input files: /vscratch/grp-songyao/pnfioric/pantry/intermediate/reference/txrevise/txrevise_annotations.rds
    wildcards: batch=63, n_batches=100
    resources: mem_mb=32000, disk_mb=1000, tmpdir=<TBD>, runtime=960, slurm_extra=--qos=general-compute
INFO:snakemake.logging:rule txrevise_construct_events:
    input: /vscratch/grp-songyao/pnfioric/pantry/intermediate/reference/txrevise/txrevise_annotations.rds
    output: /vscratch/grp-songyao/pnfioric/pantry/intermediate/reference/txrevise/batch/txrevise.grp_1.upstream.63_100.gff3, /vscratch/grp-songyao/pnfioric/pantry/intermediate/reference/txrevise/batch/txrevise.grp_2.upstream.63_100.gff3, /vscratch/grp-songyao/pnfioric/pantry/intermediate/reference/txrevise/batch/txrevise.grp_1.contained.63_100.gff3, /vscratch/grp-songyao/pnfioric/pantry/intermediate/reference/txrevise/batch/txrevise.grp_2.contained.63_100.gff3, /vscratch/grp-songyao/pnfioric/pantry/intermediate/reference/txrevise/batch/txrevise.grp_1.downstream.63_100.gff3, /vscratch/grp-songyao/pnfioric/pantry/intermediate/reference/txrevise/batch/txrevise.grp_2.downstream.63_100.gff3
    jobid: 71
    reason: Missing output files: /vscratch/grp-songyao/pnfioric/pantry/intermediate/reference/txrevise/batch/txrevise.grp_1.upstream.63_100.gff3, /vscratch/grp-songyao/pnfioric/pantry/intermediate/reference/txrevise/batch/txrevise.grp_2.downstream.63_100.gff3, /vscratch/grp-songyao/pnfioric/pantry/intermediate/reference/txrevise/batch/txrevise.grp_2.upstream.63_100.gff3, /vscratch/grp-songyao/pnfioric/pantry/intermediate/reference/txrevise/batch/txrevise.grp_1.downstream.63_100.gff3; Updated input files: /vscratch/grp-songyao/pnfioric/pantry/intermediate/reference/txrevise/txrevise_annotations.rds
    wildcards: batch=63, n_batches=100
    resources: mem_mb=32000, disk_mb=1000, tmpdir=<TBD>, runtime=960, slurm_extra=--qos=general-compute

INFO:snakemake.logging:
Submitted job 71 with external jobid 'Submitted batch job 24690931'.
WARNING:snakemake.logging:Submitted job 71 with external jobid 'Submitted batch job 24690931'.

INFO:snakemake.logging:
[Mon May 25 15:46:17 2026]
INFO:snakemake.logging:[Mon May 25 15:46:17 2026]
rule txrevise_construct_events:
    input: /vscratch/grp-songyao/pnfioric/pantry/intermediate/reference/txrevise/txrevise_annotations.rds
    output: /vscratch/grp-songyao/pnfioric/pantry/intermediate/reference/txrevise/batch/txrevise.grp_1.upstream.7_100.gff3, /vscratch/grp-songyao/pnfioric/pantry/intermediate/reference/txrevise/batch/txrevise.grp_2.upstream.7_100.gff3, /vscratch/grp-songyao/pnfioric/pantry/intermediate/reference/txrevise/batch/txrevise.grp_1.contained.7_100.gff3, /vscratch/grp-songyao/pnfioric/pantry/intermediate/reference/txrevise/batch/txrevise.grp_2.contained.7_100.gff3, /vscratch/grp-songyao/pnfioric/pantry/intermediate/reference/txrevise/batch/txrevise.grp_1.downstream.7_100.gff3, /vscratch/grp-songyao/pnfioric/pantry/intermediate/reference/txrevise/batch/txrevise.grp_2.downstream.7_100.gff3
    jobid: 15
    reason: Missing output files: /vscratch/grp-songyao/pnfioric/pantry/intermediate/reference/txrevise/batch/txrevise.grp_2.downstream.7_100.gff3, /vscratch/grp-songyao/pnfioric/pantry/intermediate/reference/txrevise/batch/txrevise.grp_1.upstream.7_100.gff3, /vscratch/grp-songyao/pnfioric/pantry/intermediate/reference/txrevise/batch/txrevise.grp_1.downstream.7_100.gff3, /vscratch/grp-songyao/pnfioric/pantry/intermediate/reference/txrevise/batch/txrevise.grp_2.upstream.7_100.gff3; Updated input files: /vscratch/grp-songyao/pnfioric/pantry/intermediate/reference/txrevise/txrevise_annotations.rds
    wildcards: batch=7, n_batches=100
    resources: mem_mb=32000, disk_mb=1000, tmpdir=<TBD>, runtime=960, slurm_extra=--qos=general-compute
INFO:snakemake.logging:rule txrevise_construct_events:
    input: /vscratch/grp-songyao/pnfioric/pantry/intermediate/reference/txrevise/txrevise_annotations.rds
    output: /vscratch/grp-songyao/pnfioric/pantry/intermediate/reference/txrevise/batch/txrevise.grp_1.upstream.7_100.gff3, /vscratch/grp-songyao/pnfioric/pantry/intermediate/reference/txrevise/batch/txrevise.grp_2.upstream.7_100.gff3, /vscratch/grp-songyao/pnfioric/pantry/intermediate/reference/txrevise/batch/txrevise.grp_1.contained.7_100.gff3, /vscratch/grp-songyao/pnfioric/pantry/intermediate/reference/txrevise/batch/txrevise.grp_2.contained.7_100.gff3, /vscratch/grp-songyao/pnfioric/pantry/intermediate/reference/txrevise/batch/txrevise.grp_1.downstream.7_100.gff3, /vscratch/grp-songyao/pnfioric/pantry/intermediate/reference/txrevise/batch/txrevise.grp_2.downstream.7_100.gff3
    jobid: 15
    reason: Missing output files: /vscratch/grp-songyao/pnfioric/pantry/intermediate/reference/txrevise/batch/txrevise.grp_2.downstream.7_100.gff3, /vscratch/grp-songyao/pnfioric/pantry/intermediate/reference/txrevise/batch/txrevise.grp_1.upstream.7_100.gff3, /vscratch/grp-songyao/pnfioric/pantry/intermediate/reference/txrevise/batch/txrevise.grp_1.downstream.7_100.gff3, /vscratch/grp-songyao/pnfioric/pantry/intermediate/reference/txrevise/batch/txrevise.grp_2.upstream.7_100.gff3; Updated input files: /vscratch/grp-songyao/pnfioric/pantry/intermediate/reference/txrevise/txrevise_annotations.rds
    wildcards: batch=7, n_batches=100
    resources: mem_mb=32000, disk_mb=1000, tmpdir=<TBD>, runtime=960, slurm_extra=--qos=general-compute

INFO:snakemake.logging:
Submitted job 15 with external jobid 'Submitted batch job 24690932'.
WARNING:snakemake.logging:Submitted job 15 with external jobid 'Submitted batch job 24690932'.

INFO:snakemake.logging:
[Mon May 25 15:46:17 2026]
INFO:snakemake.logging:[Mon May 25 15:46:17 2026]
rule txrevise_construct_events:
    input: /vscratch/grp-songyao/pnfioric/pantry/intermediate/reference/txrevise/txrevise_annotations.rds
    output: /vscratch/grp-songyao/pnfioric/pantry/intermediate/reference/txrevise/batch/txrevise.grp_1.upstream.49_100.gff3, /vscratch/grp-songyao/pnfioric/pantry/intermediate/reference/txrevise/batch/txrevise.grp_2.upstream.49_100.gff3, /vscratch/grp-songyao/pnfioric/pantry/intermediate/reference/txrevise/batch/txrevise.grp_1.contained.49_100.gff3, /vscratch/grp-songyao/pnfioric/pantry/intermediate/reference/txrevise/batch/txrevise.grp_2.contained.49_100.gff3, /vscratch/grp-songyao/pnfioric/pantry/intermediate/reference/txrevise/batch/txrevise.grp_1.downstream.49_100.gff3, /vscratch/grp-songyao/pnfioric/pantry/intermediate/reference/txrevise/batch/txrevise.grp_2.downstream.49_100.gff3
    jobid: 57
    reason: Missing output files: /vscratch/grp-songyao/pnfioric/pantry/intermediate/reference/txrevise/batch/txrevise.grp_2.upstream.49_100.gff3, /vscratch/grp-songyao/pnfioric/pantry/intermediate/reference/txrevise/batch/txrevise.grp_1.downstream.49_100.gff3, /vscratch/grp-songyao/pnfioric/pantry/intermediate/reference/txrevise/batch/txrevise.grp_2.downstream.49_100.gff3, /vscratch/grp-songyao/pnfioric/pantry/intermediate/reference/txrevise/batch/txrevise.grp_1.upstream.49_100.gff3; Updated input files: /vscratch/grp-songyao/pnfioric/pantry/intermediate/reference/txrevise/txrevise_annotations.rds
    wildcards: batch=49, n_batches=100
    resources: mem_mb=32000, disk_mb=1000, tmpdir=<TBD>, runtime=960, slurm_extra=--qos=general-compute
INFO:snakemake.logging:rule txrevise_construct_events:
    input: /vscratch/grp-songyao/pnfioric/pantry/intermediate/reference/txrevise/txrevise_annotations.rds
    output: /vscratch/grp-songyao/pnfioric/pantry/intermediate/reference/txrevise/batch/txrevise.grp_1.upstream.49_100.gff3, /vscratch/grp-songyao/pnfioric/pantry/intermediate/reference/txrevise/batch/txrevise.grp_2.upstream.49_100.gff3, /vscratch/grp-songyao/pnfioric/pantry/intermediate/reference/txrevise/batch/txrevise.grp_1.contained.49_100.gff3, /vscratch/grp-songyao/pnfioric/pantry/intermediate/reference/txrevise/batch/txrevise.grp_2.contained.49_100.gff3, /vscratch/grp-songyao/pnfioric/pantry/intermediate/reference/txrevise/batch/txrevise.grp_1.downstream.49_100.gff3, /vscratch/grp-songyao/pnfioric/pantry/intermediate/reference/txrevise/batch/txrevise.grp_2.downstream.49_100.gff3
    jobid: 57
    reason: Missing output files: /vscratch/grp-songyao/pnfioric/pantry/intermediate/reference/txrevise/batch/txrevise.grp_2.upstream.49_100.gff3, /vscratch/grp-songyao/pnfioric/pantry/intermediate/reference/txrevise/batch/txrevise.grp_1.downstream.49_100.gff3, /vscratch/grp-songyao/pnfioric/pantry/intermediate/reference/txrevise/batch/txrevise.grp_2.downstream.49_100.gff3, /vscratch/grp-songyao/pnfioric/pantry/intermediate/reference/txrevise/batch/txrevise.grp_1.upstream.49_100.gff3; Updated input files: /vscratch/grp-songyao/pnfioric/pantry/intermediate/reference/txrevise/txrevise_annotations.rds
    wildcards: batch=49, n_batches=100
    resources: mem_mb=32000, disk_mb=1000, tmpdir=<TBD>, runtime=960, slurm_extra=--qos=general-compute

INFO:snakemake.logging:
Submitted job 57 with external jobid 'Submitted batch job 24690933'.
WARNING:snakemake.logging:Submitted job 57 with external jobid 'Submitted batch job 24690933'.

INFO:snakemake.logging:
[Mon May 25 15:46:18 2026]
INFO:snakemake.logging:[Mon May 25 15:46:18 2026]
rule txrevise_construct_events:
    input: /vscratch/grp-songyao/pnfioric/pantry/intermediate/reference/txrevise/txrevise_annotations.rds
    output: /vscratch/grp-songyao/pnfioric/pantry/intermediate/reference/txrevise/batch/txrevise.grp_1.upstream.77_100.gff3, /vscratch/grp-songyao/pnfioric/pantry/intermediate/reference/txrevise/batch/txrevise.grp_2.upstream.77_100.gff3, /vscratch/grp-songyao/pnfioric/pantry/intermediate/reference/txrevise/batch/txrevise.grp_1.contained.77_100.gff3, /vscratch/grp-songyao/pnfioric/pantry/intermediate/reference/txrevise/batch/txrevise.grp_2.contained.77_100.gff3, /vscratch/grp-songyao/pnfioric/pantry/intermediate/reference/txrevise/batch/txrevise.grp_1.downstream.77_100.gff3, /vscratch/grp-songyao/pnfioric/pantry/intermediate/reference/txrevise/batch/txrevise.grp_2.downstream.77_100.gff3
    jobid: 85
    reason: Missing output files: /vscratch/grp-songyao/pnfioric/pantry/intermediate/reference/txrevise/batch/txrevise.grp_1.downstream.77_100.gff3, /vscratch/grp-songyao/pnfioric/pantry/intermediate/reference/txrevise/batch/txrevise.grp_2.downstream.77_100.gff3, /vscratch/grp-songyao/pnfioric/pantry/intermediate/reference/txrevise/batch/txrevise.grp_1.upstream.77_100.gff3, /vscratch/grp-songyao/pnfioric/pantry/intermediate/reference/txrevise/batch/txrevise.grp_2.upstream.77_100.gff3; Updated input files: /vscratch/grp-songyao/pnfioric/pantry/intermediate/reference/txrevise/txrevise_annotations.rds
    wildcards: batch=77, n_batches=100
    resources: mem_mb=32000, disk_mb=1000, tmpdir=<TBD>, runtime=960, slurm_extra=--qos=general-compute
INFO:snakemake.logging:rule txrevise_construct_events:
    input: /vscratch/grp-songyao/pnfioric/pantry/intermediate/reference/txrevise/txrevise_annotations.rds
    output: /vscratch/grp-songyao/pnfioric/pantry/intermediate/reference/txrevise/batch/txrevise.grp_1.upstream.77_100.gff3, /vscratch/grp-songyao/pnfioric/pantry/intermediate/reference/txrevise/batch/txrevise.grp_2.upstream.77_100.gff3, /vscratch/grp-songyao/pnfioric/pantry/intermediate/reference/txrevise/batch/txrevise.grp_1.contained.77_100.gff3, /vscratch/grp-songyao/pnfioric/pantry/intermediate/reference/txrevise/batch/txrevise.grp_2.contained.77_100.gff3, /vscratch/grp-songyao/pnfioric/pantry/intermediate/reference/txrevise/batch/txrevise.grp_1.downstream.77_100.gff3, /vscratch/grp-songyao/pnfioric/pantry/intermediate/reference/txrevise/batch/txrevise.grp_2.downstream.77_100.gff3
    jobid: 85
    reason: Missing output files: /vscratch/grp-songyao/pnfioric/pantry/intermediate/reference/txrevise/batch/txrevise.grp_1.downstream.77_100.gff3, /vscratch/grp-songyao/pnfioric/pantry/intermediate/reference/txrevise/batch/txrevise.grp_2.downstream.77_100.gff3, /vscratch/grp-songyao/pnfioric/pantry/intermediate/reference/txrevise/batch/txrevise.grp_1.upstream.77_100.gff3, /vscratch/grp-songyao/pnfioric/pantry/intermediate/reference/txrevise/batch/txrevise.grp_2.upstream.77_100.gff3; Updated input files: /vscratch/grp-songyao/pnfioric/pantry/intermediate/reference/txrevise/txrevise_annotations.rds
    wildcards: batch=77, n_batches=100
    resources: mem_mb=32000, disk_mb=1000, tmpdir=<TBD>, runtime=960, slurm_extra=--qos=general-compute

INFO:snakemake.logging:
Submitted job 85 with external jobid 'Submitted batch job 24690934'.
WARNING:snakemake.logging:Submitted job 85 with external jobid 'Submitted batch job 24690934'.

INFO:snakemake.logging:
[Mon May 25 15:46:18 2026]
INFO:snakemake.logging:[Mon May 25 15:46:18 2026]
rule txrevise_construct_events:
    input: /vscratch/grp-songyao/pnfioric/pantry/intermediate/reference/txrevise/txrevise_annotations.rds
    output: /vscratch/grp-songyao/pnfioric/pantry/intermediate/reference/txrevise/batch/txrevise.grp_1.upstream.21_100.gff3, /vscratch/grp-songyao/pnfioric/pantry/intermediate/reference/txrevise/batch/txrevise.grp_2.upstream.21_100.gff3, /vscratch/grp-songyao/pnfioric/pantry/intermediate/reference/txrevise/batch/txrevise.grp_1.contained.21_100.gff3, /vscratch/grp-songyao/pnfioric/pantry/intermediate/reference/txrevise/batch/txrevise.grp_2.contained.21_100.gff3, /vscratch/grp-songyao/pnfioric/pantry/intermediate/reference/txrevise/batch/txrevise.grp_1.downstream.21_100.gff3, /vscratch/grp-songyao/pnfioric/pantry/intermediate/reference/txrevise/batch/txrevise.grp_2.downstream.21_100.gff3
    jobid: 29
    reason: Missing output files: /vscratch/grp-songyao/pnfioric/pantry/intermediate/reference/txrevise/batch/txrevise.grp_1.upstream.21_100.gff3, /vscratch/grp-songyao/pnfioric/pantry/intermediate/reference/txrevise/batch/txrevise.grp_2.upstream.21_100.gff3, /vscratch/grp-songyao/pnfioric/pantry/intermediate/reference/txrevise/batch/txrevise.grp_2.downstream.21_100.gff3, /vscratch/grp-songyao/pnfioric/pantry/intermediate/reference/txrevise/batch/txrevise.grp_1.downstream.21_100.gff3; Updated input files: /vscratch/grp-songyao/pnfioric/pantry/intermediate/reference/txrevise/txrevise_annotations.rds
    wildcards: batch=21, n_batches=100
    resources: mem_mb=32000, disk_mb=1000, tmpdir=<TBD>, runtime=960, slurm_extra=--qos=general-compute
INFO:snakemake.logging:rule txrevise_construct_events:
    input: /vscratch/grp-songyao/pnfioric/pantry/intermediate/reference/txrevise/txrevise_annotations.rds
    output: /vscratch/grp-songyao/pnfioric/pantry/intermediate/reference/txrevise/batch/txrevise.grp_1.upstream.21_100.gff3, /vscratch/grp-songyao/pnfioric/pantry/intermediate/reference/txrevise/batch/txrevise.grp_2.upstream.21_100.gff3, /vscratch/grp-songyao/pnfioric/pantry/intermediate/reference/txrevise/batch/txrevise.grp_1.contained.21_100.gff3, /vscratch/grp-songyao/pnfioric/pantry/intermediate/reference/txrevise/batch/txrevise.grp_2.contained.21_100.gff3, /vscratch/grp-songyao/pnfioric/pantry/intermediate/reference/txrevise/batch/txrevise.grp_1.downstream.21_100.gff3, /vscratch/grp-songyao/pnfioric/pantry/intermediate/reference/txrevise/batch/txrevise.grp_2.downstream.21_100.gff3
    jobid: 29
    reason: Missing output files: /vscratch/grp-songyao/pnfioric/pantry/intermediate/reference/txrevise/batch/txrevise.grp_1.upstream.21_100.gff3, /vscratch/grp-songyao/pnfioric/pantry/intermediate/reference/txrevise/batch/txrevise.grp_2.upstream.21_100.gff3, /vscratch/grp-songyao/pnfioric/pantry/intermediate/reference/txrevise/batch/txrevise.grp_2.downstream.21_100.gff3, /vscratch/grp-songyao/pnfioric/pantry/intermediate/reference/txrevise/batch/txrevise.grp_1.downstream.21_100.gff3; Updated input files: /vscratch/grp-songyao/pnfioric/pantry/intermediate/reference/txrevise/txrevise_annotations.rds
    wildcards: batch=21, n_batches=100
    resources: mem_mb=32000, disk_mb=1000, tmpdir=<TBD>, runtime=960, slurm_extra=--qos=general-compute

INFO:snakemake.logging:
Submitted job 29 with external jobid 'Submitted batch job 24690935'.
WARNING:snakemake.logging:Submitted job 29 with external jobid 'Submitted batch job 24690935'.

INFO:snakemake.logging:
[Mon May 25 15:46:18 2026]
INFO:snakemake.logging:[Mon May 25 15:46:18 2026]
rule index_bam:
    input: /vscratch/grp-songyao/pnfioric/pantry/intermediate/bam/RS-04367397.bam
    output: /vscratch/grp-songyao/pnfioric/pantry/intermediate/bam/RS-04367397.bam.bai
    jobid: 5474
    reason: Missing output files: /vscratch/grp-songyao/pnfioric/pantry/intermediate/bam/RS-04367397.bam.bai; Updated input files: /vscratch/grp-songyao/pnfioric/pantry/intermediate/bam/RS-04367397.bam
    wildcards: basename=/vscratch/grp-songyao/pnfioric/pantry/intermediate/bam/RS-04367397
    threads: 8
    resources: mem_mb=60000, disk_mb=6258, tmpdir=<TBD>, runtime=04:00:00, slurm_extra=--qos=general-compute
INFO:snakemake.logging:rule index_bam:
    input: /vscratch/grp-songyao/pnfioric/pantry/intermediate/bam/RS-04367397.bam
    output: /vscratch/grp-songyao/pnfioric/pantry/intermediate/bam/RS-04367397.bam.bai
    jobid: 5474
    reason: Missing output files: /vscratch/grp-songyao/pnfioric/pantry/intermediate/bam/RS-04367397.bam.bai; Updated input files: /vscratch/grp-songyao/pnfioric/pantry/intermediate/bam/RS-04367397.bam
    wildcards: basename=/vscratch/grp-songyao/pnfioric/pantry/intermediate/bam/RS-04367397
    threads: 8
    resources: mem_mb=60000, disk_mb=6258, tmpdir=<TBD>, runtime=04:00:00, slurm_extra=--qos=general-compute

INFO:snakemake.logging:
Submitted job 5474 with external jobid 'Submitted batch job 24690936'.
WARNING:snakemake.logging:Submitted job 5474 with external jobid 'Submitted batch job 24690936'.

INFO:snakemake.logging:
[Mon May 25 15:46:18 2026]
INFO:snakemake.logging:[Mon May 25 15:46:18 2026]
rule txrevise_construct_events:
    input: /vscratch/grp-songyao/pnfioric/pantry/intermediate/reference/txrevise/txrevise_annotations.rds
    output: /vscratch/grp-songyao/pnfioric/pantry/intermediate/reference/txrevise/batch/txrevise.grp_1.upstream.22_100.gff3, /vscratch/grp-songyao/pnfioric/pantry/intermediate/reference/txrevise/batch/txrevise.grp_2.upstream.22_100.gff3, /vscratch/grp-songyao/pnfioric/pantry/intermediate/reference/txrevise/batch/txrevise.grp_1.contained.22_100.gff3, /vscratch/grp-songyao/pnfioric/pantry/intermediate/reference/txrevise/batch/txrevise.grp_2.contained.22_100.gff3, /vscratch/grp-songyao/pnfioric/pantry/intermediate/reference/txrevise/batch/txrevise.grp_1.downstream.22_100.gff3, /vscratch/grp-songyao/pnfioric/pantry/intermediate/reference/txrevise/batch/txrevise.grp_2.downstream.22_100.gff3
    jobid: 30
    reason: Missing output files: /vscratch/grp-songyao/pnfioric/pantry/intermediate/reference/txrevise/batch/txrevise.grp_2.downstream.22_100.gff3, /vscratch/grp-songyao/pnfioric/pantry/intermediate/reference/txrevise/batch/txrevise.grp_1.downstream.22_100.gff3, /vscratch/grp-songyao/pnfioric/pantry/intermediate/reference/txrevise/batch/txrevise.grp_1.upstream.22_100.gff3, /vscratch/grp-songyao/pnfioric/pantry/intermediate/reference/txrevise/batch/txrevise.grp_2.upstream.22_100.gff3; Updated input files: /vscratch/grp-songyao/pnfioric/pantry/intermediate/reference/txrevise/txrevise_annotations.rds
    wildcards: batch=22, n_batches=100
    resources: mem_mb=32000, disk_mb=1000, tmpdir=<TBD>, runtime=960, slurm_extra=--qos=general-compute
INFO:snakemake.logging:rule txrevise_construct_events:
    input: /vscratch/grp-songyao/pnfioric/pantry/intermediate/reference/txrevise/txrevise_annotations.rds
    output: /vscratch/grp-songyao/pnfioric/pantry/intermediate/reference/txrevise/batch/txrevise.grp_1.upstream.22_100.gff3, /vscratch/grp-songyao/pnfioric/pantry/intermediate/reference/txrevise/batch/txrevise.grp_2.upstream.22_100.gff3, /vscratch/grp-songyao/pnfioric/pantry/intermediate/reference/txrevise/batch/txrevise.grp_1.contained.22_100.gff3, /vscratch/grp-songyao/pnfioric/pantry/intermediate/reference/txrevise/batch/txrevise.grp_2.contained.22_100.gff3, /vscratch/grp-songyao/pnfioric/pantry/intermediate/reference/txrevise/batch/txrevise.grp_1.downstream.22_100.gff3, /vscratch/grp-songyao/pnfioric/pantry/intermediate/reference/txrevise/batch/txrevise.grp_2.downstream.22_100.gff3
    jobid: 30
    reason: Missing output files: /vscratch/grp-songyao/pnfioric/pantry/intermediate/reference/txrevise/batch/txrevise.grp_2.downstream.22_100.gff3, /vscratch/grp-songyao/pnfioric/pantry/intermediate/reference/txrevise/batch/txrevise.grp_1.downstream.22_100.gff3, /vscratch/grp-songyao/pnfioric/pantry/intermediate/reference/txrevise/batch/txrevise.grp_1.upstream.22_100.gff3, /vscratch/grp-songyao/pnfioric/pantry/intermediate/reference/txrevise/batch/txrevise.grp_2.upstream.22_100.gff3; Updated input files: /vscratch/grp-songyao/pnfioric/pantry/intermediate/reference/txrevise/txrevise_annotations.rds
    wildcards: batch=22, n_batches=100
    resources: mem_mb=32000, disk_mb=1000, tmpdir=<TBD>, runtime=960, slurm_extra=--qos=general-compute

INFO:snakemake.logging:
Submitted job 30 with external jobid 'Submitted batch job 24690937'.
WARNING:snakemake.logging:Submitted job 30 with external jobid 'Submitted batch job 24690937'.

INFO:snakemake.logging:
[Mon May 25 15:46:18 2026]
INFO:snakemake.logging:[Mon May 25 15:46:18 2026]
rule txrevise_construct_events:
    input: /vscratch/grp-songyao/pnfioric/pantry/intermediate/reference/txrevise/txrevise_annotations.rds
    output: /vscratch/grp-songyao/pnfioric/pantry/intermediate/reference/txrevise/batch/txrevise.grp_1.upstream.64_100.gff3, /vscratch/grp-songyao/pnfioric/pantry/intermediate/reference/txrevise/batch/txrevise.grp_2.upstream.64_100.gff3, /vscratch/grp-songyao/pnfioric/pantry/intermediate/reference/txrevise/batch/txrevise.grp_1.contained.64_100.gff3, /vscratch/grp-songyao/pnfioric/pantry/intermediate/reference/txrevise/batch/txrevise.grp_2.contained.64_100.gff3, /vscratch/grp-songyao/pnfioric/pantry/intermediate/reference/txrevise/batch/txrevise.grp_1.downstream.64_100.gff3, /vscratch/grp-songyao/pnfioric/pantry/intermediate/reference/txrevise/batch/txrevise.grp_2.downstream.64_100.gff3
    jobid: 72
    reason: Missing output files: /vscratch/grp-songyao/pnfioric/pantry/intermediate/reference/txrevise/batch/txrevise.grp_2.downstream.64_100.gff3, /vscratch/grp-songyao/pnfioric/pantry/intermediate/reference/txrevise/batch/txrevise.grp_2.upstream.64_100.gff3, /vscratch/grp-songyao/pnfioric/pantry/intermediate/reference/txrevise/batch/txrevise.grp_1.downstream.64_100.gff3, /vscratch/grp-songyao/pnfioric/pantry/intermediate/reference/txrevise/batch/txrevise.grp_1.upstream.64_100.gff3; Updated input files: /vscratch/grp-songyao/pnfioric/pantry/intermediate/reference/txrevise/txrevise_annotations.rds
    wildcards: batch=64, n_batches=100
    resources: mem_mb=32000, disk_mb=1000, tmpdir=<TBD>, runtime=960, slurm_extra=--qos=general-compute
INFO:snakemake.logging:rule txrevise_construct_events:
    input: /vscratch/grp-songyao/pnfioric/pantry/intermediate/reference/txrevise/txrevise_annotations.rds
    output: /vscratch/grp-songyao/pnfioric/pantry/intermediate/reference/txrevise/batch/txrevise.grp_1.upstream.64_100.gff3, /vscratch/grp-songyao/pnfioric/pantry/intermediate/reference/txrevise/batch/txrevise.grp_2.upstream.64_100.gff3, /vscratch/grp-songyao/pnfioric/pantry/intermediate/reference/txrevise/batch/txrevise.grp_1.contained.64_100.gff3, /vscratch/grp-songyao/pnfioric/pantry/intermediate/reference/txrevise/batch/txrevise.grp_2.contained.64_100.gff3, /vscratch/grp-songyao/pnfioric/pantry/intermediate/reference/txrevise/batch/txrevise.grp_1.downstream.64_100.gff3, /vscratch/grp-songyao/pnfioric/pantry/intermediate/reference/txrevise/batch/txrevise.grp_2.downstream.64_100.gff3
    jobid: 72
    reason: Missing output files: /vscratch/grp-songyao/pnfioric/pantry/intermediate/reference/txrevise/batch/txrevise.grp_2.downstream.64_100.gff3, /vscratch/grp-songyao/pnfioric/pantry/intermediate/reference/txrevise/batch/txrevise.grp_2.upstream.64_100.gff3, /vscratch/grp-songyao/pnfioric/pantry/intermediate/reference/txrevise/batch/txrevise.grp_1.downstream.64_100.gff3, /vscratch/grp-songyao/pnfioric/pantry/intermediate/reference/txrevise/batch/txrevise.grp_1.upstream.64_100.gff3; Updated input files: /vscratch/grp-songyao/pnfioric/pantry/intermediate/reference/txrevise/txrevise_annotations.rds
    wildcards: batch=64, n_batches=100
    resources: mem_mb=32000, disk_mb=1000, tmpdir=<TBD>, runtime=960, slurm_extra=--qos=general-compute

INFO:snakemake.logging:
Submitted job 72 with external jobid 'Submitted batch job 24690938'.
WARNING:snakemake.logging:Submitted job 72 with external jobid 'Submitted batch job 24690938'.

INFO:snakemake.logging:
[Mon May 25 15:46:18 2026]
INFO:snakemake.logging:[Mon May 25 15:46:18 2026]
rule kallisto:
    input: /vscratch/grp-songyao/pnfioric/pantry/intermediate/reference/kallisto.idx, /projects/rpci/songyao/pnfioric/arc_project/airr_calculation/fastq_files/RS-04367368/RS-04367368_ROSS08020996-B5_RS-03766369_S34_R1_001.fastq.gz, /projects/rpci/songyao/pnfioric/arc_project/airr_calculation/fastq_files/RS-04367368/RS-04367368_ROSS08020996-B5_RS-03766369_S34_R2_001.fastq.gz
    output: /vscratch/grp-songyao/pnfioric/pantry/intermediate/expression/RS-04367368/abundance.h5, /vscratch/grp-songyao/pnfioric/pantry/intermediate/expression/RS-04367368/abundance.tsv, /vscratch/grp-songyao/pnfioric/pantry/intermediate/expression/RS-04367368/run_info.json
    jobid: 3808
    reason: Missing output files: /vscratch/grp-songyao/pnfioric/pantry/intermediate/expression/RS-04367368/abundance.tsv; Updated input files: /vscratch/grp-songyao/pnfioric/pantry/intermediate/reference/kallisto.idx
    wildcards: sample_id=RS-04367368
    threads: 16
    resources: mem_mb=1349, disk_mb=1349, tmpdir=<TBD>, runtime=16:00:00, slurm_extra=--qos=general-compute
INFO:snakemake.logging:rule kallisto:
    input: /vscratch/grp-songyao/pnfioric/pantry/intermediate/reference/kallisto.idx, /projects/rpci/songyao/pnfioric/arc_project/airr_calculation/fastq_files/RS-04367368/RS-04367368_ROSS08020996-B5_RS-03766369_S34_R1_001.fastq.gz, /projects/rpci/songyao/pnfioric/arc_project/airr_calculation/fastq_files/RS-04367368/RS-04367368_ROSS08020996-B5_RS-03766369_S34_R2_001.fastq.gz
    output: /vscratch/grp-songyao/pnfioric/pantry/intermediate/expression/RS-04367368/abundance.h5, /vscratch/grp-songyao/pnfioric/pantry/intermediate/expression/RS-04367368/abundance.tsv, /vscratch/grp-songyao/pnfioric/pantry/intermediate/expression/RS-04367368/run_info.json
    jobid: 3808
    reason: Missing output files: /vscratch/grp-songyao/pnfioric/pantry/intermediate/expression/RS-04367368/abundance.tsv; Updated input files: /vscratch/grp-songyao/pnfioric/pantry/intermediate/reference/kallisto.idx
    wildcards: sample_id=RS-04367368
    threads: 16
    resources: mem_mb=1349, disk_mb=1349, tmpdir=<TBD>, runtime=16:00:00, slurm_extra=--qos=general-compute

INFO:snakemake.logging:
Submitted job 3808 with external jobid 'Submitted batch job 24690939'.
WARNING:snakemake.logging:Submitted job 3808 with external jobid 'Submitted batch job 24690939'.

INFO:snakemake.logging:
[Mon May 25 15:46:18 2026]
INFO:snakemake.logging:[Mon May 25 15:46:18 2026]
rule txrevise_construct_events:
    input: /vscratch/grp-songyao/pnfioric/pantry/intermediate/reference/txrevise/txrevise_annotations.rds
    output: /vscratch/grp-songyao/pnfioric/pantry/intermediate/reference/txrevise/batch/txrevise.grp_1.upstream.8_100.gff3, /vscratch/grp-songyao/pnfioric/pantry/intermediate/reference/txrevise/batch/txrevise.grp_2.upstream.8_100.gff3, /vscratch/grp-songyao/pnfioric/pantry/intermediate/reference/txrevise/batch/txrevise.grp_1.contained.8_100.gff3, /vscratch/grp-songyao/pnfioric/pantry/intermediate/reference/txrevise/batch/txrevise.grp_2.contained.8_100.gff3, /vscratch/grp-songyao/pnfioric/pantry/intermediate/reference/txrevise/batch/txrevise.grp_1.downstream.8_100.gff3, /vscratch/grp-songyao/pnfioric/pantry/intermediate/reference/txrevise/batch/txrevise.grp_2.downstream.8_100.gff3
    jobid: 16
    reason: Missing output files: /vscratch/grp-songyao/pnfioric/pantry/intermediate/reference/txrevise/batch/txrevise.grp_1.downstream.8_100.gff3, /vscratch/grp-songyao/pnfioric/pantry/intermediate/reference/txrevise/batch/txrevise.grp_2.upstream.8_100.gff3, /vscratch/grp-songyao/pnfioric/pantry/intermediate/reference/txrevise/batch/txrevise.grp_1.upstream.8_100.gff3, /vscratch/grp-songyao/pnfioric/pantry/intermediate/reference/txrevise/batch/txrevise.grp_2.downstream.8_100.gff3; Updated input files: /vscratch/grp-songyao/pnfioric/pantry/intermediate/reference/txrevise/txrevise_annotations.rds
    wildcards: batch=8, n_batches=100
    resources: mem_mb=32000, disk_mb=1000, tmpdir=<TBD>, runtime=960, slurm_extra=--qos=general-compute
INFO:snakemake.logging:rule txrevise_construct_events:
    input: /vscratch/grp-songyao/pnfioric/pantry/intermediate/reference/txrevise/txrevise_annotations.rds
    output: /vscratch/grp-songyao/pnfioric/pantry/intermediate/reference/txrevise/batch/txrevise.grp_1.upstream.8_100.gff3, /vscratch/grp-songyao/pnfioric/pantry/intermediate/reference/txrevise/batch/txrevise.grp_2.upstream.8_100.gff3, /vscratch/grp-songyao/pnfioric/pantry/intermediate/reference/txrevise/batch/txrevise.grp_1.contained.8_100.gff3, /vscratch/grp-songyao/pnfioric/pantry/intermediate/reference/txrevise/batch/txrevise.grp_2.contained.8_100.gff3, /vscratch/grp-songyao/pnfioric/pantry/intermediate/reference/txrevise/batch/txrevise.grp_1.downstream.8_100.gff3, /vscratch/grp-songyao/pnfioric/pantry/intermediate/reference/txrevise/batch/txrevise.grp_2.downstream.8_100.gff3
    jobid: 16
    reason: Missing output files: /vscratch/grp-songyao/pnfioric/pantry/intermediate/reference/txrevise/batch/txrevise.grp_1.downstream.8_100.gff3, /vscratch/grp-songyao/pnfioric/pantry/intermediate/reference/txrevise/batch/txrevise.grp_2.upstream.8_100.gff3, /vscratch/grp-songyao/pnfioric/pantry/intermediate/reference/txrevise/batch/txrevise.grp_1.upstream.8_100.gff3, /vscratch/grp-songyao/pnfioric/pantry/intermediate/reference/txrevise/batch/txrevise.grp_2.downstream.8_100.gff3; Updated input files: /vscratch/grp-songyao/pnfioric/pantry/intermediate/reference/txrevise/txrevise_annotations.rds
    wildcards: batch=8, n_batches=100
    resources: mem_mb=32000, disk_mb=1000, tmpdir=<TBD>, runtime=960, slurm_extra=--qos=general-compute

INFO:snakemake.logging:
Submitted job 16 with external jobid 'Submitted batch job 24690940'.
WARNING:snakemake.logging:Submitted job 16 with external jobid 'Submitted batch job 24690940'.

INFO:snakemake.logging:
[Mon May 25 15:46:18 2026]
INFO:snakemake.logging:[Mon May 25 15:46:18 2026]
rule run_featureCounts:
    input: /vscratch/grp-songyao/pnfioric/pantry/intermediate/bam/RS-04396637.bam, /vscratch/grp-songyao/pnfioric/pantry/intermediate/reference/constit_exons.gtf
    output: /vscratch/grp-songyao/pnfioric/pantry/intermediate/stability/RS-04396637.constit_exons.counts.txt
    jobid: 8498
    reason: Missing output files: /vscratch/grp-songyao/pnfioric/pantry/intermediate/stability/RS-04396637.constit_exons.counts.txt; Updated input files: /vscratch/grp-songyao/pnfioric/pantry/intermediate/bam/RS-04396637.bam, /vscratch/grp-songyao/pnfioric/pantry/intermediate/reference/constit_exons.gtf
    wildcards: sample_id=RS-04396637, feature_type=constit_exons
    threads: 8
    resources: mem_mb=60000, disk_mb=1000, tmpdir=<TBD>, runtime=04:00:00, slurm_extra=--qos=general-compute
INFO:snakemake.logging:rule run_featureCounts:
    input: /vscratch/grp-songyao/pnfioric/pantry/intermediate/bam/RS-04396637.bam, /vscratch/grp-songyao/pnfioric/pantry/intermediate/reference/constit_exons.gtf
    output: /vscratch/grp-songyao/pnfioric/pantry/intermediate/stability/RS-04396637.constit_exons.counts.txt
    jobid: 8498
    reason: Missing output files: /vscratch/grp-songyao/pnfioric/pantry/intermediate/stability/RS-04396637.constit_exons.counts.txt; Updated input files: /vscratch/grp-songyao/pnfioric/pantry/intermediate/bam/RS-04396637.bam, /vscratch/grp-songyao/pnfioric/pantry/intermediate/reference/constit_exons.gtf
    wildcards: sample_id=RS-04396637, feature_type=constit_exons
    threads: 8
    resources: mem_mb=60000, disk_mb=1000, tmpdir=<TBD>, runtime=04:00:00, slurm_extra=--qos=general-compute

INFO:snakemake.logging:
Submitted job 8498 with external jobid 'Submitted batch job 24690941'.
WARNING:snakemake.logging:Submitted job 8498 with external jobid 'Submitted batch job 24690941'.

INFO:snakemake.logging:
[Mon May 25 15:46:18 2026]
INFO:snakemake.logging:[Mon May 25 15:46:18 2026]
rule txrevise_construct_events:
    input: /vscratch/grp-songyao/pnfioric/pantry/intermediate/reference/txrevise/txrevise_annotations.rds
    output: /vscratch/grp-songyao/pnfioric/pantry/intermediate/reference/txrevise/batch/txrevise.grp_1.upstream.50_100.gff3, /vscratch/grp-songyao/pnfioric/pantry/intermediate/reference/txrevise/batch/txrevise.grp_2.upstream.50_100.gff3, /vscratch/grp-songyao/pnfioric/pantry/intermediate/reference/txrevise/batch/txrevise.grp_1.contained.50_100.gff3, /vscratch/grp-songyao/pnfioric/pantry/intermediate/reference/txrevise/batch/txrevise.grp_2.contained.50_100.gff3, /vscratch/grp-songyao/pnfioric/pantry/intermediate/reference/txrevise/batch/txrevise.grp_1.downstream.50_100.gff3, /vscratch/grp-songyao/pnfioric/pantry/intermediate/reference/txrevise/batch/txrevise.grp_2.downstream.50_100.gff3
    jobid: 58
    reason: Missing output files: /vscratch/grp-songyao/pnfioric/pantry/intermediate/reference/txrevise/batch/txrevise.grp_1.downstream.50_100.gff3, /vscratch/grp-songyao/pnfioric/pantry/intermediate/reference/txrevise/batch/txrevise.grp_2.downstream.50_100.gff3, /vscratch/grp-songyao/pnfioric/pantry/intermediate/reference/txrevise/batch/txrevise.grp_1.upstream.50_100.gff3, /vscratch/grp-songyao/pnfioric/pantry/intermediate/reference/txrevise/batch/txrevise.grp_2.upstream.50_100.gff3; Updated input files: /vscratch/grp-songyao/pnfioric/pantry/intermediate/reference/txrevise/txrevise_annotations.rds
    wildcards: batch=50, n_batches=100
    resources: mem_mb=32000, disk_mb=1000, tmpdir=<TBD>, runtime=960, slurm_extra=--qos=general-compute
INFO:snakemake.logging:rule txrevise_construct_events:
    input: /vscratch/grp-songyao/pnfioric/pantry/intermediate/reference/txrevise/txrevise_annotations.rds
    output: /vscratch/grp-songyao/pnfioric/pantry/intermediate/reference/txrevise/batch/txrevise.grp_1.upstream.50_100.gff3, /vscratch/grp-songyao/pnfioric/pantry/intermediate/reference/txrevise/batch/txrevise.grp_2.upstream.50_100.gff3, /vscratch/grp-songyao/pnfioric/pantry/intermediate/reference/txrevise/batch/txrevise.grp_1.contained.50_100.gff3, /vscratch/grp-songyao/pnfioric/pantry/intermediate/reference/txrevise/batch/txrevise.grp_2.contained.50_100.gff3, /vscratch/grp-songyao/pnfioric/pantry/intermediate/reference/txrevise/batch/txrevise.grp_1.downstream.50_100.gff3, /vscratch/grp-songyao/pnfioric/pantry/intermediate/reference/txrevise/batch/txrevise.grp_2.downstream.50_100.gff3
    jobid: 58
    reason: Missing output files: /vscratch/grp-songyao/pnfioric/pantry/intermediate/reference/txrevise/batch/txrevise.grp_1.downstream.50_100.gff3, /vscratch/grp-songyao/pnfioric/pantry/intermediate/reference/txrevise/batch/txrevise.grp_2.downstream.50_100.gff3, /vscratch/grp-songyao/pnfioric/pantry/intermediate/reference/txrevise/batch/txrevise.grp_1.upstream.50_100.gff3, /vscratch/grp-songyao/pnfioric/pantry/intermediate/reference/txrevise/batch/txrevise.grp_2.upstream.50_100.gff3; Updated input files: /vscratch/grp-songyao/pnfioric/pantry/intermediate/reference/txrevise/txrevise_annotations.rds
    wildcards: batch=50, n_batches=100
    resources: mem_mb=32000, disk_mb=1000, tmpdir=<TBD>, runtime=960, slurm_extra=--qos=general-compute

INFO:snakemake.logging:
Submitted job 58 with external jobid 'Submitted batch job 24690942'.
WARNING:snakemake.logging:Submitted job 58 with external jobid 'Submitted batch job 24690942'.

INFO:snakemake.logging:
[Mon May 25 15:46:18 2026]
INFO:snakemake.logging:[Mon May 25 15:46:18 2026]
rule txrevise_construct_events:
    input: /vscratch/grp-songyao/pnfioric/pantry/intermediate/reference/txrevise/txrevise_annotations.rds
    output: /vscratch/grp-songyao/pnfioric/pantry/intermediate/reference/txrevise/batch/txrevise.grp_1.upstream.78_100.gff3, /vscratch/grp-songyao/pnfioric/pantry/intermediate/reference/txrevise/batch/txrevise.grp_2.upstream.78_100.gff3, /vscratch/grp-songyao/pnfioric/pantry/intermediate/reference/txrevise/batch/txrevise.grp_1.contained.78_100.gff3, /vscratch/grp-songyao/pnfioric/pantry/intermediate/reference/txrevise/batch/txrevise.grp_2.contained.78_100.gff3, /vscratch/grp-songyao/pnfioric/pantry/intermediate/reference/txrevise/batch/txrevise.grp_1.downstream.78_100.gff3, /vscratch/grp-songyao/pnfioric/pantry/intermediate/reference/txrevise/batch/txrevise.grp_2.downstream.78_100.gff3
    jobid: 86
    reason: Missing output files: /vscratch/grp-songyao/pnfioric/pantry/intermediate/reference/txrevise/batch/txrevise.grp_1.downstream.78_100.gff3, /vscratch/grp-songyao/pnfioric/pantry/intermediate/reference/txrevise/batch/txrevise.grp_1.upstream.78_100.gff3, /vscratch/grp-songyao/pnfioric/pantry/intermediate/reference/txrevise/batch/txrevise.grp_2.upstream.78_100.gff3, /vscratch/grp-songyao/pnfioric/pantry/intermediate/reference/txrevise/batch/txrevise.grp_2.downstream.78_100.gff3; Updated input files: /vscratch/grp-songyao/pnfioric/pantry/intermediate/reference/txrevise/txrevise_annotations.rds
    wildcards: batch=78, n_batches=100
    resources: mem_mb=32000, disk_mb=1000, tmpdir=<TBD>, runtime=960, slurm_extra=--qos=general-compute
INFO:snakemake.logging:rule txrevise_construct_events:
    input: /vscratch/grp-songyao/pnfioric/pantry/intermediate/reference/txrevise/txrevise_annotations.rds
    output: /vscratch/grp-songyao/pnfioric/pantry/intermediate/reference/txrevise/batch/txrevise.grp_1.upstream.78_100.gff3, /vscratch/grp-songyao/pnfioric/pantry/intermediate/reference/txrevise/batch/txrevise.grp_2.upstream.78_100.gff3, /vscratch/grp-songyao/pnfioric/pantry/intermediate/reference/txrevise/batch/txrevise.grp_1.contained.78_100.gff3, /vscratch/grp-songyao/pnfioric/pantry/intermediate/reference/txrevise/batch/txrevise.grp_2.contained.78_100.gff3, /vscratch/grp-songyao/pnfioric/pantry/intermediate/reference/txrevise/batch/txrevise.grp_1.downstream.78_100.gff3, /vscratch/grp-songyao/pnfioric/pantry/intermediate/reference/txrevise/batch/txrevise.grp_2.downstream.78_100.gff3
    jobid: 86
    reason: Missing output files: /vscratch/grp-songyao/pnfioric/pantry/intermediate/reference/txrevise/batch/txrevise.grp_1.downstream.78_100.gff3, /vscratch/grp-songyao/pnfioric/pantry/intermediate/reference/txrevise/batch/txrevise.grp_1.upstream.78_100.gff3, /vscratch/grp-songyao/pnfioric/pantry/intermediate/reference/txrevise/batch/txrevise.grp_2.upstream.78_100.gff3, /vscratch/grp-songyao/pnfioric/pantry/intermediate/reference/txrevise/batch/txrevise.grp_2.downstream.78_100.gff3; Updated input files: /vscratch/grp-songyao/pnfioric/pantry/intermediate/reference/txrevise/txrevise_annotations.rds
    wildcards: batch=78, n_batches=100
    resources: mem_mb=32000, disk_mb=1000, tmpdir=<TBD>, runtime=960, slurm_extra=--qos=general-compute

INFO:snakemake.logging:
Submitted job 86 with external jobid 'Submitted batch job 24690943'.
WARNING:snakemake.logging:Submitted job 86 with external jobid 'Submitted batch job 24690943'.

INFO:snakemake.logging:
[Mon May 25 15:46:19 2026]
INFO:snakemake.logging:[Mon May 25 15:46:19 2026]
rule run_featureCounts:
    input: /vscratch/grp-songyao/pnfioric/pantry/intermediate/bam/RS-04367515.bam, /vscratch/grp-songyao/pnfioric/pantry/intermediate/reference/constit_exons.gtf
    output: /vscratch/grp-songyao/pnfioric/pantry/intermediate/stability/RS-04367515.constit_exons.counts.txt
    jobid: 8288
    reason: Missing output files: /vscratch/grp-songyao/pnfioric/pantry/intermediate/stability/RS-04367515.constit_exons.counts.txt; Updated input files: /vscratch/grp-songyao/pnfioric/pantry/intermediate/bam/RS-04367515.bam, /vscratch/grp-songyao/pnfioric/pantry/intermediate/reference/constit_exons.gtf
    wildcards: sample_id=RS-04367515, feature_type=constit_exons
    threads: 8
    resources: mem_mb=60000, disk_mb=6622, tmpdir=<TBD>, runtime=04:00:00, slurm_extra=--qos=general-compute
INFO:snakemake.logging:rule run_featureCounts:
    input: /vscratch/grp-songyao/pnfioric/pantry/intermediate/bam/RS-04367515.bam, /vscratch/grp-songyao/pnfioric/pantry/intermediate/reference/constit_exons.gtf
    output: /vscratch/grp-songyao/pnfioric/pantry/intermediate/stability/RS-04367515.constit_exons.counts.txt
    jobid: 8288
    reason: Missing output files: /vscratch/grp-songyao/pnfioric/pantry/intermediate/stability/RS-04367515.constit_exons.counts.txt; Updated input files: /vscratch/grp-songyao/pnfioric/pantry/intermediate/bam/RS-04367515.bam, /vscratch/grp-songyao/pnfioric/pantry/intermediate/reference/constit_exons.gtf
    wildcards: sample_id=RS-04367515, feature_type=constit_exons
    threads: 8
    resources: mem_mb=60000, disk_mb=6622, tmpdir=<TBD>, runtime=04:00:00, slurm_extra=--qos=general-compute

INFO:snakemake.logging:
Submitted job 8288 with external jobid 'Submitted batch job 24690944'.
WARNING:snakemake.logging:Submitted job 8288 with external jobid 'Submitted batch job 24690944'.

INFO:snakemake.logging:
[Mon May 25 15:46:19 2026]
INFO:snakemake.logging:[Mon May 25 15:46:19 2026]
rule index_bam:
    input: /vscratch/grp-songyao/pnfioric/pantry/intermediate/bam/RS-04396767.bam
    output: /vscratch/grp-songyao/pnfioric/pantry/intermediate/bam/RS-04396767.bam.bai
    jobid: 7182
    reason: Missing output files: /vscratch/grp-songyao/pnfioric/pantry/intermediate/bam/RS-04396767.bam.bai; Updated input files: /vscratch/grp-songyao/pnfioric/pantry/intermediate/bam/RS-04396767.bam
    wildcards: basename=/vscratch/grp-songyao/pnfioric/pantry/intermediate/bam/RS-04396767
    threads: 8
    resources: mem_mb=60000, disk_mb=1000, tmpdir=<TBD>, runtime=04:00:00, slurm_extra=--qos=general-compute
INFO:snakemake.logging:rule index_bam:
    input: /vscratch/grp-songyao/pnfioric/pantry/intermediate/bam/RS-04396767.bam
    output: /vscratch/grp-songyao/pnfioric/pantry/intermediate/bam/RS-04396767.bam.bai
    jobid: 7182
    reason: Missing output files: /vscratch/grp-songyao/pnfioric/pantry/intermediate/bam/RS-04396767.bam.bai; Updated input files: /vscratch/grp-songyao/pnfioric/pantry/intermediate/bam/RS-04396767.bam
    wildcards: basename=/vscratch/grp-songyao/pnfioric/pantry/intermediate/bam/RS-04396767
    threads: 8
    resources: mem_mb=60000, disk_mb=1000, tmpdir=<TBD>, runtime=04:00:00, slurm_extra=--qos=general-compute

INFO:snakemake.logging:
Submitted job 7182 with external jobid 'Submitted batch job 24690945'.
WARNING:snakemake.logging:Submitted job 7182 with external jobid 'Submitted batch job 24690945'.

INFO:snakemake.logging:
[Mon May 25 15:46:19 2026]
INFO:snakemake.logging:[Mon May 25 15:46:19 2026]
rule regtools_junctions:
    input: /vscratch/grp-songyao/pnfioric/pantry/intermediate/bam/RS-04378759.bam, /vscratch/grp-songyao/pnfioric/pantry/intermediate/bam/RS-04378759.bam.bai
    output: /vscratch/grp-songyao/pnfioric/pantry/intermediate/splicing/RS-04378759.junc
    jobid: 6595
    reason: Missing output files: /vscratch/grp-songyao/pnfioric/pantry/intermediate/splicing/RS-04378759.junc; Updated input files: /vscratch/grp-songyao/pnfioric/pantry/intermediate/bam/RS-04378759.bam, /vscratch/grp-songyao/pnfioric/pantry/intermediate/bam/RS-04378759.bam.bai
    wildcards: sample_id=RS-04378759
    resources: mem_mb=16000, disk_mb=1000, tmpdir=<TBD>, runtime=04:00:00, slurm_extra=--qos=general-compute
INFO:snakemake.logging:rule regtools_junctions:
    input: /vscratch/grp-songyao/pnfioric/pantry/intermediate/bam/RS-04378759.bam, /vscratch/grp-songyao/pnfioric/pantry/intermediate/bam/RS-04378759.bam.bai
    output: /vscratch/grp-songyao/pnfioric/pantry/intermediate/splicing/RS-04378759.junc
    jobid: 6595
    reason: Missing output files: /vscratch/grp-songyao/pnfioric/pantry/intermediate/splicing/RS-04378759.junc; Updated input files: /vscratch/grp-songyao/pnfioric/pantry/intermediate/bam/RS-04378759.bam, /vscratch/grp-songyao/pnfioric/pantry/intermediate/bam/RS-04378759.bam.bai
    wildcards: sample_id=RS-04378759
    resources: mem_mb=16000, disk_mb=1000, tmpdir=<TBD>, runtime=04:00:00, slurm_extra=--qos=general-compute

INFO:snakemake.logging:
Submitted job 6595 with external jobid 'Submitted batch job 24690946'.
WARNING:snakemake.logging:Submitted job 6595 with external jobid 'Submitted batch job 24690946'.

INFO:snakemake.logging:
[Mon May 25 15:46:19 2026]
INFO:snakemake.logging:[Mon May 25 15:46:19 2026]
rule txrevise_construct_events:
    input: /vscratch/grp-songyao/pnfioric/pantry/intermediate/reference/txrevise/txrevise_annotations.rds
    output: /vscratch/grp-songyao/pnfioric/pantry/intermediate/reference/txrevise/batch/txrevise.grp_1.upstream.79_100.gff3, /vscratch/grp-songyao/pnfioric/pantry/intermediate/reference/txrevise/batch/txrevise.grp_2.upstream.79_100.gff3, /vscratch/grp-songyao/pnfioric/pantry/intermediate/reference/txrevise/batch/txrevise.grp_1.contained.79_100.gff3, /vscratch/grp-songyao/pnfioric/pantry/intermediate/reference/txrevise/batch/txrevise.grp_2.contained.79_100.gff3, /vscratch/grp-songyao/pnfioric/pantry/intermediate/reference/txrevise/batch/txrevise.grp_1.downstream.79_100.gff3, /vscratch/grp-songyao/pnfioric/pantry/intermediate/reference/txrevise/batch/txrevise.grp_2.downstream.79_100.gff3
    jobid: 87
    reason: Missing output files: /vscratch/grp-songyao/pnfioric/pantry/intermediate/reference/txrevise/batch/txrevise.grp_1.upstream.79_100.gff3, /vscratch/grp-songyao/pnfioric/pantry/intermediate/reference/txrevise/batch/txrevise.grp_1.downstream.79_100.gff3, /vscratch/grp-songyao/pnfioric/pantry/intermediate/reference/txrevise/batch/txrevise.grp_2.upstream.79_100.gff3, /vscratch/grp-songyao/pnfioric/pantry/intermediate/reference/txrevise/batch/txrevise.grp_2.downstream.79_100.gff3; Updated input files: /vscratch/grp-songyao/pnfioric/pantry/intermediate/reference/txrevise/txrevise_annotations.rds
    wildcards: batch=79, n_batches=100
    resources: mem_mb=32000, disk_mb=1000, tmpdir=<TBD>, runtime=960, slurm_extra=--qos=general-compute
INFO:snakemake.logging:rule txrevise_construct_events:
    input: /vscratch/grp-songyao/pnfioric/pantry/intermediate/reference/txrevise/txrevise_annotations.rds
    output: /vscratch/grp-songyao/pnfioric/pantry/intermediate/reference/txrevise/batch/txrevise.grp_1.upstream.79_100.gff3, /vscratch/grp-songyao/pnfioric/pantry/intermediate/reference/txrevise/batch/txrevise.grp_2.upstream.79_100.gff3, /vscratch/grp-songyao/pnfioric/pantry/intermediate/reference/txrevise/batch/txrevise.grp_1.contained.79_100.gff3, /vscratch/grp-songyao/pnfioric/pantry/intermediate/reference/txrevise/batch/txrevise.grp_2.contained.79_100.gff3, /vscratch/grp-songyao/pnfioric/pantry/intermediate/reference/txrevise/batch/txrevise.grp_1.downstream.79_100.gff3, /vscratch/grp-songyao/pnfioric/pantry/intermediate/reference/txrevise/batch/txrevise.grp_2.downstream.79_100.gff3
    jobid: 87
    reason: Missing output files: /vscratch/grp-songyao/pnfioric/pantry/intermediate/reference/txrevise/batch/txrevise.grp_1.upstream.79_100.gff3, /vscratch/grp-songyao/pnfioric/pantry/intermediate/reference/txrevise/batch/txrevise.grp_1.downstream.79_100.gff3, /vscratch/grp-songyao/pnfioric/pantry/intermediate/reference/txrevise/batch/txrevise.grp_2.upstream.79_100.gff3, /vscratch/grp-songyao/pnfioric/pantry/intermediate/reference/txrevise/batch/txrevise.grp_2.downstream.79_100.gff3; Updated input files: /vscratch/grp-songyao/pnfioric/pantry/intermediate/reference/txrevise/txrevise_annotations.rds
    wildcards: batch=79, n_batches=100
    resources: mem_mb=32000, disk_mb=1000, tmpdir=<TBD>, runtime=960, slurm_extra=--qos=general-compute

INFO:snakemake.logging:
Submitted job 87 with external jobid 'Submitted batch job 24690947'.
WARNING:snakemake.logging:Submitted job 87 with external jobid 'Submitted batch job 24690947'.

INFO:snakemake.logging:
[Mon May 25 15:46:19 2026]
INFO:snakemake.logging:[Mon May 25 15:46:19 2026]
rule run_featureCounts:
    input: /vscratch/grp-songyao/pnfioric/pantry/intermediate/bam/RS-04396767.bam, /vscratch/grp-songyao/pnfioric/pantry/intermediate/reference/constit_exons.gtf
    output: /vscratch/grp-songyao/pnfioric/pantry/intermediate/stability/RS-04396767.constit_exons.counts.txt
    jobid: 8597
    reason: Missing output files: /vscratch/grp-songyao/pnfioric/pantry/intermediate/stability/RS-04396767.constit_exons.counts.txt; Updated input files: /vscratch/grp-songyao/pnfioric/pantry/intermediate/reference/constit_exons.gtf, /vscratch/grp-songyao/pnfioric/pantry/intermediate/bam/RS-04396767.bam
    wildcards: sample_id=RS-04396767, feature_type=constit_exons
    threads: 8
    resources: mem_mb=60000, disk_mb=1003, tmpdir=<TBD>, runtime=04:00:00, slurm_extra=--qos=general-compute
INFO:snakemake.logging:rule run_featureCounts:
    input: /vscratch/grp-songyao/pnfioric/pantry/intermediate/bam/RS-04396767.bam, /vscratch/grp-songyao/pnfioric/pantry/intermediate/reference/constit_exons.gtf
    output: /vscratch/grp-songyao/pnfioric/pantry/intermediate/stability/RS-04396767.constit_exons.counts.txt
    jobid: 8597
    reason: Missing output files: /vscratch/grp-songyao/pnfioric/pantry/intermediate/stability/RS-04396767.constit_exons.counts.txt; Updated input files: /vscratch/grp-songyao/pnfioric/pantry/intermediate/reference/constit_exons.gtf, /vscratch/grp-songyao/pnfioric/pantry/intermediate/bam/RS-04396767.bam
    wildcards: sample_id=RS-04396767, feature_type=constit_exons
    threads: 8
    resources: mem_mb=60000, disk_mb=1003, tmpdir=<TBD>, runtime=04:00:00, slurm_extra=--qos=general-compute

INFO:snakemake.logging:
Submitted job 8597 with external jobid 'Submitted batch job 24690948'.
WARNING:snakemake.logging:Submitted job 8597 with external jobid 'Submitted batch job 24690948'.

INFO:snakemake.logging:
[Mon May 25 15:46:19 2026]
INFO:snakemake.logging:[Mon May 25 15:46:19 2026]
rule run_featureCounts:
    input: /vscratch/grp-songyao/pnfioric/pantry/intermediate/bam/RS-04240729.bam, /vscratch/grp-songyao/pnfioric/pantry/intermediate/reference/constit_exons.gtf
    output: /vscratch/grp-songyao/pnfioric/pantry/intermediate/stability/RS-04240729.constit_exons.counts.txt
    jobid: 8093
    reason: Missing output files: /vscratch/grp-songyao/pnfioric/pantry/intermediate/stability/RS-04240729.constit_exons.counts.txt; Updated input files: /vscratch/grp-songyao/pnfioric/pantry/intermediate/bam/RS-04240729.bam, /vscratch/grp-songyao/pnfioric/pantry/intermediate/reference/constit_exons.gtf
    wildcards: sample_id=RS-04240729, feature_type=constit_exons
    threads: 8
    resources: mem_mb=60000, disk_mb=2501, tmpdir=<TBD>, runtime=04:00:00, slurm_extra=--qos=general-compute
INFO:snakemake.logging:rule run_featureCounts:
    input: /vscratch/grp-songyao/pnfioric/pantry/intermediate/bam/RS-04240729.bam, /vscratch/grp-songyao/pnfioric/pantry/intermediate/reference/constit_exons.gtf
    output: /vscratch/grp-songyao/pnfioric/pantry/intermediate/stability/RS-04240729.constit_exons.counts.txt
    jobid: 8093
    reason: Missing output files: /vscratch/grp-songyao/pnfioric/pantry/intermediate/stability/RS-04240729.constit_exons.counts.txt; Updated input files: /vscratch/grp-songyao/pnfioric/pantry/intermediate/bam/RS-04240729.bam, /vscratch/grp-songyao/pnfioric/pantry/intermediate/reference/constit_exons.gtf
    wildcards: sample_id=RS-04240729, feature_type=constit_exons
    threads: 8
    resources: mem_mb=60000, disk_mb=2501, tmpdir=<TBD>, runtime=04:00:00, slurm_extra=--qos=general-compute

INFO:snakemake.logging:
Submitted job 8093 with external jobid 'Submitted batch job 24690949'.
WARNING:snakemake.logging:Submitted job 8093 with external jobid 'Submitted batch job 24690949'.

INFO:snakemake.logging:
[Mon May 25 15:46:19 2026]
INFO:snakemake.logging:[Mon May 25 15:46:19 2026]
rule txrevise_construct_events:
    input: /vscratch/grp-songyao/pnfioric/pantry/intermediate/reference/txrevise/txrevise_annotations.rds
    output: /vscratch/grp-songyao/pnfioric/pantry/intermediate/reference/txrevise/batch/txrevise.grp_1.upstream.23_100.gff3, /vscratch/grp-songyao/pnfioric/pantry/intermediate/reference/txrevise/batch/txrevise.grp_2.upstream.23_100.gff3, /vscratch/grp-songyao/pnfioric/pantry/intermediate/reference/txrevise/batch/txrevise.grp_1.contained.23_100.gff3, /vscratch/grp-songyao/pnfioric/pantry/intermediate/reference/txrevise/batch/txrevise.grp_2.contained.23_100.gff3, /vscratch/grp-songyao/pnfioric/pantry/intermediate/reference/txrevise/batch/txrevise.grp_1.downstream.23_100.gff3, /vscratch/grp-songyao/pnfioric/pantry/intermediate/reference/txrevise/batch/txrevise.grp_2.downstream.23_100.gff3
    jobid: 31
    reason: Missing output files: /vscratch/grp-songyao/pnfioric/pantry/intermediate/reference/txrevise/batch/txrevise.grp_1.downstream.23_100.gff3, /vscratch/grp-songyao/pnfioric/pantry/intermediate/reference/txrevise/batch/txrevise.grp_1.upstream.23_100.gff3, /vscratch/grp-songyao/pnfioric/pantry/intermediate/reference/txrevise/batch/txrevise.grp_2.upstream.23_100.gff3, /vscratch/grp-songyao/pnfioric/pantry/intermediate/reference/txrevise/batch/txrevise.grp_2.downstream.23_100.gff3; Updated input files: /vscratch/grp-songyao/pnfioric/pantry/intermediate/reference/txrevise/txrevise_annotations.rds
    wildcards: batch=23, n_batches=100
    resources: mem_mb=32000, disk_mb=1000, tmpdir=<TBD>, runtime=960, slurm_extra=--qos=general-compute
INFO:snakemake.logging:rule txrevise_construct_events:
    input: /vscratch/grp-songyao/pnfioric/pantry/intermediate/reference/txrevise/txrevise_annotations.rds
    output: /vscratch/grp-songyao/pnfioric/pantry/intermediate/reference/txrevise/batch/txrevise.grp_1.upstream.23_100.gff3, /vscratch/grp-songyao/pnfioric/pantry/intermediate/reference/txrevise/batch/txrevise.grp_2.upstream.23_100.gff3, /vscratch/grp-songyao/pnfioric/pantry/intermediate/reference/txrevise/batch/txrevise.grp_1.contained.23_100.gff3, /vscratch/grp-songyao/pnfioric/pantry/intermediate/reference/txrevise/batch/txrevise.grp_2.contained.23_100.gff3, /vscratch/grp-songyao/pnfioric/pantry/intermediate/reference/txrevise/batch/txrevise.grp_1.downstream.23_100.gff3, /vscratch/grp-songyao/pnfioric/pantry/intermediate/reference/txrevise/batch/txrevise.grp_2.downstream.23_100.gff3
    jobid: 31
    reason: Missing output files: /vscratch/grp-songyao/pnfioric/pantry/intermediate/reference/txrevise/batch/txrevise.grp_1.downstream.23_100.gff3, /vscratch/grp-songyao/pnfioric/pantry/intermediate/reference/txrevise/batch/txrevise.grp_1.upstream.23_100.gff3, /vscratch/grp-songyao/pnfioric/pantry/intermediate/reference/txrevise/batch/txrevise.grp_2.upstream.23_100.gff3, /vscratch/grp-songyao/pnfioric/pantry/intermediate/reference/txrevise/batch/txrevise.grp_2.downstream.23_100.gff3; Updated input files: /vscratch/grp-songyao/pnfioric/pantry/intermediate/reference/txrevise/txrevise_annotations.rds
    wildcards: batch=23, n_batches=100
    resources: mem_mb=32000, disk_mb=1000, tmpdir=<TBD>, runtime=960, slurm_extra=--qos=general-compute

INFO:snakemake.logging:
Submitted job 31 with external jobid 'Submitted batch job 24690950'.
WARNING:snakemake.logging:Submitted job 31 with external jobid 'Submitted batch job 24690950'.

INFO:snakemake.logging:
[Mon May 25 15:46:19 2026]
INFO:snakemake.logging:[Mon May 25 15:46:19 2026]
rule txrevise_construct_events:
    input: /vscratch/grp-songyao/pnfioric/pantry/intermediate/reference/txrevise/txrevise_annotations.rds
    output: /vscratch/grp-songyao/pnfioric/pantry/intermediate/reference/txrevise/batch/txrevise.grp_1.upstream.80_100.gff3, /vscratch/grp-songyao/pnfioric/pantry/intermediate/reference/txrevise/batch/txrevise.grp_2.upstream.80_100.gff3, /vscratch/grp-songyao/pnfioric/pantry/intermediate/reference/txrevise/batch/txrevise.grp_1.contained.80_100.gff3, /vscratch/grp-songyao/pnfioric/pantry/intermediate/reference/txrevise/batch/txrevise.grp_2.contained.80_100.gff3, /vscratch/grp-songyao/pnfioric/pantry/intermediate/reference/txrevise/batch/txrevise.grp_1.downstream.80_100.gff3, /vscratch/grp-songyao/pnfioric/pantry/intermediate/reference/txrevise/batch/txrevise.grp_2.downstream.80_100.gff3
    jobid: 88
    reason: Missing output files: /vscratch/grp-songyao/pnfioric/pantry/intermediate/reference/txrevise/batch/txrevise.grp_2.downstream.80_100.gff3, /vscratch/grp-songyao/pnfioric/pantry/intermediate/reference/txrevise/batch/txrevise.grp_2.upstream.80_100.gff3, /vscratch/grp-songyao/pnfioric/pantry/intermediate/reference/txrevise/batch/txrevise.grp_1.upstream.80_100.gff3, /vscratch/grp-songyao/pnfioric/pantry/intermediate/reference/txrevise/batch/txrevise.grp_1.downstream.80_100.gff3; Updated input files: /vscratch/grp-songyao/pnfioric/pantry/intermediate/reference/txrevise/txrevise_annotations.rds
    wildcards: batch=80, n_batches=100
    resources: mem_mb=32000, disk_mb=1000, tmpdir=<TBD>, runtime=960, slurm_extra=--qos=general-compute
INFO:snakemake.logging:rule txrevise_construct_events:
    input: /vscratch/grp-songyao/pnfioric/pantry/intermediate/reference/txrevise/txrevise_annotations.rds
    output: /vscratch/grp-songyao/pnfioric/pantry/intermediate/reference/txrevise/batch/txrevise.grp_1.upstream.80_100.gff3, /vscratch/grp-songyao/pnfioric/pantry/intermediate/reference/txrevise/batch/txrevise.grp_2.upstream.80_100.gff3, /vscratch/grp-songyao/pnfioric/pantry/intermediate/reference/txrevise/batch/txrevise.grp_1.contained.80_100.gff3, /vscratch/grp-songyao/pnfioric/pantry/intermediate/reference/txrevise/batch/txrevise.grp_2.contained.80_100.gff3, /vscratch/grp-songyao/pnfioric/pantry/intermediate/reference/txrevise/batch/txrevise.grp_1.downstream.80_100.gff3, /vscratch/grp-songyao/pnfioric/pantry/intermediate/reference/txrevise/batch/txrevise.grp_2.downstream.80_100.gff3
    jobid: 88
    reason: Missing output files: /vscratch/grp-songyao/pnfioric/pantry/intermediate/reference/txrevise/batch/txrevise.grp_2.downstream.80_100.gff3, /vscratch/grp-songyao/pnfioric/pantry/intermediate/reference/txrevise/batch/txrevise.grp_2.upstream.80_100.gff3, /vscratch/grp-songyao/pnfioric/pantry/intermediate/reference/txrevise/batch/txrevise.grp_1.upstream.80_100.gff3, /vscratch/grp-songyao/pnfioric/pantry/intermediate/reference/txrevise/batch/txrevise.grp_1.downstream.80_100.gff3; Updated input files: /vscratch/grp-songyao/pnfioric/pantry/intermediate/reference/txrevise/txrevise_annotations.rds
    wildcards: batch=80, n_batches=100
    resources: mem_mb=32000, disk_mb=1000, tmpdir=<TBD>, runtime=960, slurm_extra=--qos=general-compute

INFO:snakemake.logging:
Submitted job 88 with external jobid 'Submitted batch job 24690951'.
WARNING:snakemake.logging:Submitted job 88 with external jobid 'Submitted batch job 24690951'.

INFO:snakemake.logging:
[Mon May 25 15:46:19 2026]
INFO:snakemake.logging:[Mon May 25 15:46:19 2026]
rule run_featureCounts:
    input: /vscratch/grp-songyao/pnfioric/pantry/intermediate/bam/RS-04199405.bam, /vscratch/grp-songyao/pnfioric/pantry/intermediate/reference/introns.gtf
    output: /vscratch/grp-songyao/pnfioric/pantry/intermediate/stability/RS-04199405.introns.counts.txt
    jobid: 8934
    reason: Missing output files: /vscratch/grp-songyao/pnfioric/pantry/intermediate/stability/RS-04199405.introns.counts.txt; Updated input files: /vscratch/grp-songyao/pnfioric/pantry/intermediate/bam/RS-04199405.bam, /vscratch/grp-songyao/pnfioric/pantry/intermediate/reference/introns.gtf
    wildcards: sample_id=RS-04199405, feature_type=introns
    threads: 8
    resources: mem_mb=60000, disk_mb=1000, tmpdir=<TBD>, runtime=04:00:00, slurm_extra=--qos=general-compute
INFO:snakemake.logging:rule run_featureCounts:
    input: /vscratch/grp-songyao/pnfioric/pantry/intermediate/bam/RS-04199405.bam, /vscratch/grp-songyao/pnfioric/pantry/intermediate/reference/introns.gtf
    output: /vscratch/grp-songyao/pnfioric/pantry/intermediate/stability/RS-04199405.introns.counts.txt
    jobid: 8934
    reason: Missing output files: /vscratch/grp-songyao/pnfioric/pantry/intermediate/stability/RS-04199405.introns.counts.txt; Updated input files: /vscratch/grp-songyao/pnfioric/pantry/intermediate/bam/RS-04199405.bam, /vscratch/grp-songyao/pnfioric/pantry/intermediate/reference/introns.gtf
    wildcards: sample_id=RS-04199405, feature_type=introns
    threads: 8
    resources: mem_mb=60000, disk_mb=1000, tmpdir=<TBD>, runtime=04:00:00, slurm_extra=--qos=general-compute

INFO:snakemake.logging:
Submitted job 8934 with external jobid 'Submitted batch job 24690952'.
WARNING:snakemake.logging:Submitted job 8934 with external jobid 'Submitted batch job 24690952'.

INFO:snakemake.logging:
[Mon May 25 15:46:19 2026]
INFO:snakemake.logging:[Mon May 25 15:46:19 2026]
rule txrevise_construct_events:
    input: /vscratch/grp-songyao/pnfioric/pantry/intermediate/reference/txrevise/txrevise_annotations.rds
    output: /vscratch/grp-songyao/pnfioric/pantry/intermediate/reference/txrevise/batch/txrevise.grp_1.upstream.24_100.gff3, /vscratch/grp-songyao/pnfioric/pantry/intermediate/reference/txrevise/batch/txrevise.grp_2.upstream.24_100.gff3, /vscratch/grp-songyao/pnfioric/pantry/intermediate/reference/txrevise/batch/txrevise.grp_1.contained.24_100.gff3, /vscratch/grp-songyao/pnfioric/pantry/intermediate/reference/txrevise/batch/txrevise.grp_2.contained.24_100.gff3, /vscratch/grp-songyao/pnfioric/pantry/intermediate/reference/txrevise/batch/txrevise.grp_1.downstream.24_100.gff3, /vscratch/grp-songyao/pnfioric/pantry/intermediate/reference/txrevise/batch/txrevise.grp_2.downstream.24_100.gff3
    jobid: 32
    reason: Missing output files: /vscratch/grp-songyao/pnfioric/pantry/intermediate/reference/txrevise/batch/txrevise.grp_1.downstream.24_100.gff3, /vscratch/grp-songyao/pnfioric/pantry/intermediate/reference/txrevise/batch/txrevise.grp_2.upstream.24_100.gff3, /vscratch/grp-songyao/pnfioric/pantry/intermediate/reference/txrevise/batch/txrevise.grp_1.upstream.24_100.gff3, /vscratch/grp-songyao/pnfioric/pantry/intermediate/reference/txrevise/batch/txrevise.grp_2.downstream.24_100.gff3; Updated input files: /vscratch/grp-songyao/pnfioric/pantry/intermediate/reference/txrevise/txrevise_annotations.rds
    wildcards: batch=24, n_batches=100
    resources: mem_mb=32000, disk_mb=1000, tmpdir=<TBD>, runtime=960, slurm_extra=--qos=general-compute
INFO:snakemake.logging:rule txrevise_construct_events:
    input: /vscratch/grp-songyao/pnfioric/pantry/intermediate/reference/txrevise/txrevise_annotations.rds
    output: /vscratch/grp-songyao/pnfioric/pantry/intermediate/reference/txrevise/batch/txrevise.grp_1.upstream.24_100.gff3, /vscratch/grp-songyao/pnfioric/pantry/intermediate/reference/txrevise/batch/txrevise.grp_2.upstream.24_100.gff3, /vscratch/grp-songyao/pnfioric/pantry/intermediate/reference/txrevise/batch/txrevise.grp_1.contained.24_100.gff3, /vscratch/grp-songyao/pnfioric/pantry/intermediate/reference/txrevise/batch/txrevise.grp_2.contained.24_100.gff3, /vscratch/grp-songyao/pnfioric/pantry/intermediate/reference/txrevise/batch/txrevise.grp_1.downstream.24_100.gff3, /vscratch/grp-songyao/pnfioric/pantry/intermediate/reference/txrevise/batch/txrevise.grp_2.downstream.24_100.gff3
    jobid: 32
    reason: Missing output files: /vscratch/grp-songyao/pnfioric/pantry/intermediate/reference/txrevise/batch/txrevise.grp_1.downstream.24_100.gff3, /vscratch/grp-songyao/pnfioric/pantry/intermediate/reference/txrevise/batch/txrevise.grp_2.upstream.24_100.gff3, /vscratch/grp-songyao/pnfioric/pantry/intermediate/reference/txrevise/batch/txrevise.grp_1.upstream.24_100.gff3, /vscratch/grp-songyao/pnfioric/pantry/intermediate/reference/txrevise/batch/txrevise.grp_2.downstream.24_100.gff3; Updated input files: /vscratch/grp-songyao/pnfioric/pantry/intermediate/reference/txrevise/txrevise_annotations.rds
    wildcards: batch=24, n_batches=100
    resources: mem_mb=32000, disk_mb=1000, tmpdir=<TBD>, runtime=960, slurm_extra=--qos=general-compute

INFO:snakemake.logging:
Submitted job 32 with external jobid 'Submitted batch job 24690953'.
WARNING:snakemake.logging:Submitted job 32 with external jobid 'Submitted batch job 24690953'.

INFO:snakemake.logging:
[Mon May 25 15:46:20 2026]
INFO:snakemake.logging:[Mon May 25 15:46:20 2026]
rule index_bam:
    input: /vscratch/grp-songyao/pnfioric/pantry/intermediate/bam/RS-04050572.bam
    output: /vscratch/grp-songyao/pnfioric/pantry/intermediate/bam/RS-04050572.bam.bai
    jobid: 4874
    reason: Missing output files: /vscratch/grp-songyao/pnfioric/pantry/intermediate/bam/RS-04050572.bam.bai; Updated input files: /vscratch/grp-songyao/pnfioric/pantry/intermediate/bam/RS-04050572.bam
    wildcards: basename=/vscratch/grp-songyao/pnfioric/pantry/intermediate/bam/RS-04050572
    threads: 8
    resources: mem_mb=60000, disk_mb=1566, tmpdir=<TBD>, runtime=04:00:00, slurm_extra=--qos=general-compute
INFO:snakemake.logging:rule index_bam:
    input: /vscratch/grp-songyao/pnfioric/pantry/intermediate/bam/RS-04050572.bam
    output: /vscratch/grp-songyao/pnfioric/pantry/intermediate/bam/RS-04050572.bam.bai
    jobid: 4874
    reason: Missing output files: /vscratch/grp-songyao/pnfioric/pantry/intermediate/bam/RS-04050572.bam.bai; Updated input files: /vscratch/grp-songyao/pnfioric/pantry/intermediate/bam/RS-04050572.bam
    wildcards: basename=/vscratch/grp-songyao/pnfioric/pantry/intermediate/bam/RS-04050572
    threads: 8
    resources: mem_mb=60000, disk_mb=1566, tmpdir=<TBD>, runtime=04:00:00, slurm_extra=--qos=general-compute

INFO:snakemake.logging:
Submitted job 4874 with external jobid 'Submitted batch job 24690954'.
WARNING:snakemake.logging:Submitted job 4874 with external jobid 'Submitted batch job 24690954'.

INFO:snakemake.logging:
[Mon May 25 15:46:20 2026]
INFO:snakemake.logging:[Mon May 25 15:46:20 2026]
rule run_featureCounts:
    input: /vscratch/grp-songyao/pnfioric/pantry/intermediate/bam/RS-04218233.bam, /vscratch/grp-songyao/pnfioric/pantry/intermediate/reference/constit_exons.gtf
    output: /vscratch/grp-songyao/pnfioric/pantry/intermediate/stability/RS-04218233.constit_exons.counts.txt
    jobid: 8081
    reason: Missing output files: /vscratch/grp-songyao/pnfioric/pantry/intermediate/stability/RS-04218233.constit_exons.counts.txt; Updated input files: /vscratch/grp-songyao/pnfioric/pantry/intermediate/bam/RS-04218233.bam, /vscratch/grp-songyao/pnfioric/pantry/intermediate/reference/constit_exons.gtf
    wildcards: sample_id=RS-04218233, feature_type=constit_exons
    threads: 8
    resources: mem_mb=60000, disk_mb=1092, tmpdir=<TBD>, runtime=04:00:00, slurm_extra=--qos=general-compute
INFO:snakemake.logging:rule run_featureCounts:
    input: /vscratch/grp-songyao/pnfioric/pantry/intermediate/bam/RS-04218233.bam, /vscratch/grp-songyao/pnfioric/pantry/intermediate/reference/constit_exons.gtf
    output: /vscratch/grp-songyao/pnfioric/pantry/intermediate/stability/RS-04218233.constit_exons.counts.txt
    jobid: 8081
    reason: Missing output files: /vscratch/grp-songyao/pnfioric/pantry/intermediate/stability/RS-04218233.constit_exons.counts.txt; Updated input files: /vscratch/grp-songyao/pnfioric/pantry/intermediate/bam/RS-04218233.bam, /vscratch/grp-songyao/pnfioric/pantry/intermediate/reference/constit_exons.gtf
    wildcards: sample_id=RS-04218233, feature_type=constit_exons
    threads: 8
    resources: mem_mb=60000, disk_mb=1092, tmpdir=<TBD>, runtime=04:00:00, slurm_extra=--qos=general-compute

INFO:snakemake.logging:
Submitted job 8081 with external jobid 'Submitted batch job 24690955'.
WARNING:snakemake.logging:Submitted job 8081 with external jobid 'Submitted batch job 24690955'.

INFO:snakemake.logging:
[Mon May 25 15:46:20 2026]
INFO:snakemake.logging:[Mon May 25 15:46:20 2026]
rule txrevise_construct_events:
    input: /vscratch/grp-songyao/pnfioric/pantry/intermediate/reference/txrevise/txrevise_annotations.rds
    output: /vscratch/grp-songyao/pnfioric/pantry/intermediate/reference/txrevise/batch/txrevise.grp_1.upstream.81_100.gff3, /vscratch/grp-songyao/pnfioric/pantry/intermediate/reference/txrevise/batch/txrevise.grp_2.upstream.81_100.gff3, /vscratch/grp-songyao/pnfioric/pantry/intermediate/reference/txrevise/batch/txrevise.grp_1.contained.81_100.gff3, /vscratch/grp-songyao/pnfioric/pantry/intermediate/reference/txrevise/batch/txrevise.grp_2.contained.81_100.gff3, /vscratch/grp-songyao/pnfioric/pantry/intermediate/reference/txrevise/batch/txrevise.grp_1.downstream.81_100.gff3, /vscratch/grp-songyao/pnfioric/pantry/intermediate/reference/txrevise/batch/txrevise.grp_2.downstream.81_100.gff3
    jobid: 89
    reason: Missing output files: /vscratch/grp-songyao/pnfioric/pantry/intermediate/reference/txrevise/batch/txrevise.grp_2.upstream.81_100.gff3, /vscratch/grp-songyao/pnfioric/pantry/intermediate/reference/txrevise/batch/txrevise.grp_1.downstream.81_100.gff3, /vscratch/grp-songyao/pnfioric/pantry/intermediate/reference/txrevise/batch/txrevise.grp_2.downstream.81_100.gff3, /vscratch/grp-songyao/pnfioric/pantry/intermediate/reference/txrevise/batch/txrevise.grp_1.upstream.81_100.gff3; Updated input files: /vscratch/grp-songyao/pnfioric/pantry/intermediate/reference/txrevise/txrevise_annotations.rds
    wildcards: batch=81, n_batches=100
    resources: mem_mb=32000, disk_mb=1000, tmpdir=<TBD>, runtime=960, slurm_extra=--qos=general-compute
INFO:snakemake.logging:rule txrevise_construct_events:
    input: /vscratch/grp-songyao/pnfioric/pantry/intermediate/reference/txrevise/txrevise_annotations.rds
    output: /vscratch/grp-songyao/pnfioric/pantry/intermediate/reference/txrevise/batch/txrevise.grp_1.upstream.81_100.gff3, /vscratch/grp-songyao/pnfioric/pantry/intermediate/reference/txrevise/batch/txrevise.grp_2.upstream.81_100.gff3, /vscratch/grp-songyao/pnfioric/pantry/intermediate/reference/txrevise/batch/txrevise.grp_1.contained.81_100.gff3, /vscratch/grp-songyao/pnfioric/pantry/intermediate/reference/txrevise/batch/txrevise.grp_2.contained.81_100.gff3, /vscratch/grp-songyao/pnfioric/pantry/intermediate/reference/txrevise/batch/txrevise.grp_1.downstream.81_100.gff3, /vscratch/grp-songyao/pnfioric/pantry/intermediate/reference/txrevise/batch/txrevise.grp_2.downstream.81_100.gff3
    jobid: 89
    reason: Missing output files: /vscratch/grp-songyao/pnfioric/pantry/intermediate/reference/txrevise/batch/txrevise.grp_2.upstream.81_100.gff3, /vscratch/grp-songyao/pnfioric/pantry/intermediate/reference/txrevise/batch/txrevise.grp_1.downstream.81_100.gff3, /vscratch/grp-songyao/pnfioric/pantry/intermediate/reference/txrevise/batch/txrevise.grp_2.downstream.81_100.gff3, /vscratch/grp-songyao/pnfioric/pantry/intermediate/reference/txrevise/batch/txrevise.grp_1.upstream.81_100.gff3; Updated input files: /vscratch/grp-songyao/pnfioric/pantry/intermediate/reference/txrevise/txrevise_annotations.rds
    wildcards: batch=81, n_batches=100
    resources: mem_mb=32000, disk_mb=1000, tmpdir=<TBD>, runtime=960, slurm_extra=--qos=general-compute

INFO:snakemake.logging:
Submitted job 89 with external jobid 'Submitted batch job 24690956'.
WARNING:snakemake.logging:Submitted job 89 with external jobid 'Submitted batch job 24690956'.

INFO:snakemake.logging:
[Mon May 25 15:46:20 2026]
INFO:snakemake.logging:[Mon May 25 15:46:20 2026]
rule txrevise_construct_events:
    input: /vscratch/grp-songyao/pnfioric/pantry/intermediate/reference/txrevise/txrevise_annotations.rds
    output: /vscratch/grp-songyao/pnfioric/pantry/intermediate/reference/txrevise/batch/txrevise.grp_1.upstream.25_100.gff3, /vscratch/grp-songyao/pnfioric/pantry/intermediate/reference/txrevise/batch/txrevise.grp_2.upstream.25_100.gff3, /vscratch/grp-songyao/pnfioric/pantry/intermediate/reference/txrevise/batch/txrevise.grp_1.contained.25_100.gff3, /vscratch/grp-songyao/pnfioric/pantry/intermediate/reference/txrevise/batch/txrevise.grp_2.contained.25_100.gff3, /vscratch/grp-songyao/pnfioric/pantry/intermediate/reference/txrevise/batch/txrevise.grp_1.downstream.25_100.gff3, /vscratch/grp-songyao/pnfioric/pantry/intermediate/reference/txrevise/batch/txrevise.grp_2.downstream.25_100.gff3
    jobid: 33
    reason: Missing output files: /vscratch/grp-songyao/pnfioric/pantry/intermediate/reference/txrevise/batch/txrevise.grp_1.downstream.25_100.gff3, /vscratch/grp-songyao/pnfioric/pantry/intermediate/reference/txrevise/batch/txrevise.grp_2.upstream.25_100.gff3, /vscratch/grp-songyao/pnfioric/pantry/intermediate/reference/txrevise/batch/txrevise.grp_2.downstream.25_100.gff3, /vscratch/grp-songyao/pnfioric/pantry/intermediate/reference/txrevise/batch/txrevise.grp_1.upstream.25_100.gff3; Updated input files: /vscratch/grp-songyao/pnfioric/pantry/intermediate/reference/txrevise/txrevise_annotations.rds
    wildcards: batch=25, n_batches=100
    resources: mem_mb=32000, disk_mb=1000, tmpdir=<TBD>, runtime=960, slurm_extra=--qos=general-compute
INFO:snakemake.logging:rule txrevise_construct_events:
    input: /vscratch/grp-songyao/pnfioric/pantry/intermediate/reference/txrevise/txrevise_annotations.rds
    output: /vscratch/grp-songyao/pnfioric/pantry/intermediate/reference/txrevise/batch/txrevise.grp_1.upstream.25_100.gff3, /vscratch/grp-songyao/pnfioric/pantry/intermediate/reference/txrevise/batch/txrevise.grp_2.upstream.25_100.gff3, /vscratch/grp-songyao/pnfioric/pantry/intermediate/reference/txrevise/batch/txrevise.grp_1.contained.25_100.gff3, /vscratch/grp-songyao/pnfioric/pantry/intermediate/reference/txrevise/batch/txrevise.grp_2.contained.25_100.gff3, /vscratch/grp-songyao/pnfioric/pantry/intermediate/reference/txrevise/batch/txrevise.grp_1.downstream.25_100.gff3, /vscratch/grp-songyao/pnfioric/pantry/intermediate/reference/txrevise/batch/txrevise.grp_2.downstream.25_100.gff3
    jobid: 33
    reason: Missing output files: /vscratch/grp-songyao/pnfioric/pantry/intermediate/reference/txrevise/batch/txrevise.grp_1.downstream.25_100.gff3, /vscratch/grp-songyao/pnfioric/pantry/intermediate/reference/txrevise/batch/txrevise.grp_2.upstream.25_100.gff3, /vscratch/grp-songyao/pnfioric/pantry/intermediate/reference/txrevise/batch/txrevise.grp_2.downstream.25_100.gff3, /vscratch/grp-songyao/pnfioric/pantry/intermediate/reference/txrevise/batch/txrevise.grp_1.upstream.25_100.gff3; Updated input files: /vscratch/grp-songyao/pnfioric/pantry/intermediate/reference/txrevise/txrevise_annotations.rds
    wildcards: batch=25, n_batches=100
    resources: mem_mb=32000, disk_mb=1000, tmpdir=<TBD>, runtime=960, slurm_extra=--qos=general-compute

INFO:snakemake.logging:
Submitted job 33 with external jobid 'Submitted batch job 24690957'.
WARNING:snakemake.logging:Submitted job 33 with external jobid 'Submitted batch job 24690957'.

INFO:snakemake.logging:
[Mon May 25 15:46:20 2026]
INFO:snakemake.logging:[Mon May 25 15:46:20 2026]
rule run_featureCounts:
    input: /vscratch/grp-songyao/pnfioric/pantry/intermediate/bam/RS-04218234.bam, /vscratch/grp-songyao/pnfioric/pantry/intermediate/reference/constit_exons.gtf
    output: /vscratch/grp-songyao/pnfioric/pantry/intermediate/stability/RS-04218234.constit_exons.counts.txt
    jobid: 8082
    reason: Missing output files: /vscratch/grp-songyao/pnfioric/pantry/intermediate/stability/RS-04218234.constit_exons.counts.txt; Updated input files: /vscratch/grp-songyao/pnfioric/pantry/intermediate/bam/RS-04218234.bam, /vscratch/grp-songyao/pnfioric/pantry/intermediate/reference/constit_exons.gtf
    wildcards: sample_id=RS-04218234, feature_type=constit_exons
    threads: 8
    resources: mem_mb=60000, disk_mb=1179, tmpdir=<TBD>, runtime=04:00:00, slurm_extra=--qos=general-compute
INFO:snakemake.logging:rule run_featureCounts:
    input: /vscratch/grp-songyao/pnfioric/pantry/intermediate/bam/RS-04218234.bam, /vscratch/grp-songyao/pnfioric/pantry/intermediate/reference/constit_exons.gtf
    output: /vscratch/grp-songyao/pnfioric/pantry/intermediate/stability/RS-04218234.constit_exons.counts.txt
    jobid: 8082
    reason: Missing output files: /vscratch/grp-songyao/pnfioric/pantry/intermediate/stability/RS-04218234.constit_exons.counts.txt; Updated input files: /vscratch/grp-songyao/pnfioric/pantry/intermediate/bam/RS-04218234.bam, /vscratch/grp-songyao/pnfioric/pantry/intermediate/reference/constit_exons.gtf
    wildcards: sample_id=RS-04218234, feature_type=constit_exons
    threads: 8
    resources: mem_mb=60000, disk_mb=1179, tmpdir=<TBD>, runtime=04:00:00, slurm_extra=--qos=general-compute

INFO:snakemake.logging:
Submitted job 8082 with external jobid 'Submitted batch job 24690958'.
WARNING:snakemake.logging:Submitted job 8082 with external jobid 'Submitted batch job 24690958'.

INFO:snakemake.logging:
[Mon May 25 15:46:20 2026]
INFO:snakemake.logging:[Mon May 25 15:46:20 2026]
rule txrevise_construct_events:
    input: /vscratch/grp-songyao/pnfioric/pantry/intermediate/reference/txrevise/txrevise_annotations.rds
    output: /vscratch/grp-songyao/pnfioric/pantry/intermediate/reference/txrevise/batch/txrevise.grp_1.upstream.82_100.gff3, /vscratch/grp-songyao/pnfioric/pantry/intermediate/reference/txrevise/batch/txrevise.grp_2.upstream.82_100.gff3, /vscratch/grp-songyao/pnfioric/pantry/intermediate/reference/txrevise/batch/txrevise.grp_1.contained.82_100.gff3, /vscratch/grp-songyao/pnfioric/pantry/intermediate/reference/txrevise/batch/txrevise.grp_2.contained.82_100.gff3, /vscratch/grp-songyao/pnfioric/pantry/intermediate/reference/txrevise/batch/txrevise.grp_1.downstream.82_100.gff3, /vscratch/grp-songyao/pnfioric/pantry/intermediate/reference/txrevise/batch/txrevise.grp_2.downstream.82_100.gff3
    jobid: 90
    reason: Missing output files: /vscratch/grp-songyao/pnfioric/pantry/intermediate/reference/txrevise/batch/txrevise.grp_2.upstream.82_100.gff3, /vscratch/grp-songyao/pnfioric/pantry/intermediate/reference/txrevise/batch/txrevise.grp_1.downstream.82_100.gff3, /vscratch/grp-songyao/pnfioric/pantry/intermediate/reference/txrevise/batch/txrevise.grp_1.upstream.82_100.gff3, /vscratch/grp-songyao/pnfioric/pantry/intermediate/reference/txrevise/batch/txrevise.grp_2.downstream.82_100.gff3; Updated input files: /vscratch/grp-songyao/pnfioric/pantry/intermediate/reference/txrevise/txrevise_annotations.rds
    wildcards: batch=82, n_batches=100
    resources: mem_mb=32000, disk_mb=1000, tmpdir=<TBD>, runtime=960, slurm_extra=--qos=general-compute
INFO:snakemake.logging:rule txrevise_construct_events:
    input: /vscratch/grp-songyao/pnfioric/pantry/intermediate/reference/txrevise/txrevise_annotations.rds
    output: /vscratch/grp-songyao/pnfioric/pantry/intermediate/reference/txrevise/batch/txrevise.grp_1.upstream.82_100.gff3, /vscratch/grp-songyao/pnfioric/pantry/intermediate/reference/txrevise/batch/txrevise.grp_2.upstream.82_100.gff3, /vscratch/grp-songyao/pnfioric/pantry/intermediate/reference/txrevise/batch/txrevise.grp_1.contained.82_100.gff3, /vscratch/grp-songyao/pnfioric/pantry/intermediate/reference/txrevise/batch/txrevise.grp_2.contained.82_100.gff3, /vscratch/grp-songyao/pnfioric/pantry/intermediate/reference/txrevise/batch/txrevise.grp_1.downstream.82_100.gff3, /vscratch/grp-songyao/pnfioric/pantry/intermediate/reference/txrevise/batch/txrevise.grp_2.downstream.82_100.gff3
    jobid: 90
    reason: Missing output files: /vscratch/grp-songyao/pnfioric/pantry/intermediate/reference/txrevise/batch/txrevise.grp_2.upstream.82_100.gff3, /vscratch/grp-songyao/pnfioric/pantry/intermediate/reference/txrevise/batch/txrevise.grp_1.downstream.82_100.gff3, /vscratch/grp-songyao/pnfioric/pantry/intermediate/reference/txrevise/batch/txrevise.grp_1.upstream.82_100.gff3, /vscratch/grp-songyao/pnfioric/pantry/intermediate/reference/txrevise/batch/txrevise.grp_2.downstream.82_100.gff3; Updated input files: /vscratch/grp-songyao/pnfioric/pantry/intermediate/reference/txrevise/txrevise_annotations.rds
    wildcards: batch=82, n_batches=100
    resources: mem_mb=32000, disk_mb=1000, tmpdir=<TBD>, runtime=960, slurm_extra=--qos=general-compute

INFO:snakemake.logging:
Submitted job 90 with external jobid 'Submitted batch job 24690959'.
WARNING:snakemake.logging:Submitted job 90 with external jobid 'Submitted batch job 24690959'.

INFO:snakemake.logging:
[Mon May 25 15:46:20 2026]
INFO:snakemake.logging:[Mon May 25 15:46:20 2026]
rule txrevise_construct_events:
    input: /vscratch/grp-songyao/pnfioric/pantry/intermediate/reference/txrevise/txrevise_annotations.rds
    output: /vscratch/grp-songyao/pnfioric/pantry/intermediate/reference/txrevise/batch/txrevise.grp_1.upstream.26_100.gff3, /vscratch/grp-songyao/pnfioric/pantry/intermediate/reference/txrevise/batch/txrevise.grp_2.upstream.26_100.gff3, /vscratch/grp-songyao/pnfioric/pantry/intermediate/reference/txrevise/batch/txrevise.grp_1.contained.26_100.gff3, /vscratch/grp-songyao/pnfioric/pantry/intermediate/reference/txrevise/batch/txrevise.grp_2.contained.26_100.gff3, /vscratch/grp-songyao/pnfioric/pantry/intermediate/reference/txrevise/batch/txrevise.grp_1.downstream.26_100.gff3, /vscratch/grp-songyao/pnfioric/pantry/intermediate/reference/txrevise/batch/txrevise.grp_2.downstream.26_100.gff3
    jobid: 34
    reason: Missing output files: /vscratch/grp-songyao/pnfioric/pantry/intermediate/reference/txrevise/batch/txrevise.grp_2.upstream.26_100.gff3, /vscratch/grp-songyao/pnfioric/pantry/intermediate/reference/txrevise/batch/txrevise.grp_1.downstream.26_100.gff3, /vscratch/grp-songyao/pnfioric/pantry/intermediate/reference/txrevise/batch/txrevise.grp_2.downstream.26_100.gff3, /vscratch/grp-songyao/pnfioric/pantry/intermediate/reference/txrevise/batch/txrevise.grp_1.upstream.26_100.gff3; Updated input files: /vscratch/grp-songyao/pnfioric/pantry/intermediate/reference/txrevise/txrevise_annotations.rds
    wildcards: batch=26, n_batches=100
    resources: mem_mb=32000, disk_mb=1000, tmpdir=<TBD>, runtime=960, slurm_extra=--qos=general-compute
INFO:snakemake.logging:rule txrevise_construct_events:
    input: /vscratch/grp-songyao/pnfioric/pantry/intermediate/reference/txrevise/txrevise_annotations.rds
    output: /vscratch/grp-songyao/pnfioric/pantry/intermediate/reference/txrevise/batch/txrevise.grp_1.upstream.26_100.gff3, /vscratch/grp-songyao/pnfioric/pantry/intermediate/reference/txrevise/batch/txrevise.grp_2.upstream.26_100.gff3, /vscratch/grp-songyao/pnfioric/pantry/intermediate/reference/txrevise/batch/txrevise.grp_1.contained.26_100.gff3, /vscratch/grp-songyao/pnfioric/pantry/intermediate/reference/txrevise/batch/txrevise.grp_2.contained.26_100.gff3, /vscratch/grp-songyao/pnfioric/pantry/intermediate/reference/txrevise/batch/txrevise.grp_1.downstream.26_100.gff3, /vscratch/grp-songyao/pnfioric/pantry/intermediate/reference/txrevise/batch/txrevise.grp_2.downstream.26_100.gff3
    jobid: 34
    reason: Missing output files: /vscratch/grp-songyao/pnfioric/pantry/intermediate/reference/txrevise/batch/txrevise.grp_2.upstream.26_100.gff3, /vscratch/grp-songyao/pnfioric/pantry/intermediate/reference/txrevise/batch/txrevise.grp_1.downstream.26_100.gff3, /vscratch/grp-songyao/pnfioric/pantry/intermediate/reference/txrevise/batch/txrevise.grp_2.downstream.26_100.gff3, /vscratch/grp-songyao/pnfioric/pantry/intermediate/reference/txrevise/batch/txrevise.grp_1.upstream.26_100.gff3; Updated input files: /vscratch/grp-songyao/pnfioric/pantry/intermediate/reference/txrevise/txrevise_annotations.rds
    wildcards: batch=26, n_batches=100
    resources: mem_mb=32000, disk_mb=1000, tmpdir=<TBD>, runtime=960, slurm_extra=--qos=general-compute

INFO:snakemake.logging:
Submitted job 34 with external jobid 'Submitted batch job 24690960'.
WARNING:snakemake.logging:Submitted job 34 with external jobid 'Submitted batch job 24690960'.

INFO:snakemake.logging:
[Mon May 25 15:46:20 2026]
INFO:snakemake.logging:[Mon May 25 15:46:20 2026]
rule txrevise_construct_events:
    input: /vscratch/grp-songyao/pnfioric/pantry/intermediate/reference/txrevise/txrevise_annotations.rds
    output: /vscratch/grp-songyao/pnfioric/pantry/intermediate/reference/txrevise/batch/txrevise.grp_1.upstream.83_100.gff3, /vscratch/grp-songyao/pnfioric/pantry/intermediate/reference/txrevise/batch/txrevise.grp_2.upstream.83_100.gff3, /vscratch/grp-songyao/pnfioric/pantry/intermediate/reference/txrevise/batch/txrevise.grp_1.contained.83_100.gff3, /vscratch/grp-songyao/pnfioric/pantry/intermediate/reference/txrevise/batch/txrevise.grp_2.contained.83_100.gff3, /vscratch/grp-songyao/pnfioric/pantry/intermediate/reference/txrevise/batch/txrevise.grp_1.downstream.83_100.gff3, /vscratch/grp-songyao/pnfioric/pantry/intermediate/reference/txrevise/batch/txrevise.grp_2.downstream.83_100.gff3
    jobid: 91
    reason: Missing output files: /vscratch/grp-songyao/pnfioric/pantry/intermediate/reference/txrevise/batch/txrevise.grp_1.downstream.83_100.gff3, /vscratch/grp-songyao/pnfioric/pantry/intermediate/reference/txrevise/batch/txrevise.grp_1.upstream.83_100.gff3, /vscratch/grp-songyao/pnfioric/pantry/intermediate/reference/txrevise/batch/txrevise.grp_2.downstream.83_100.gff3, /vscratch/grp-songyao/pnfioric/pantry/intermediate/reference/txrevise/batch/txrevise.grp_2.upstream.83_100.gff3; Updated input files: /vscratch/grp-songyao/pnfioric/pantry/intermediate/reference/txrevise/txrevise_annotations.rds
    wildcards: batch=83, n_batches=100
    resources: mem_mb=32000, disk_mb=1000, tmpdir=<TBD>, runtime=960, slurm_extra=--qos=general-compute
INFO:snakemake.logging:rule txrevise_construct_events:
    input: /vscratch/grp-songyao/pnfioric/pantry/intermediate/reference/txrevise/txrevise_annotations.rds
    output: /vscratch/grp-songyao/pnfioric/pantry/intermediate/reference/txrevise/batch/txrevise.grp_1.upstream.83_100.gff3, /vscratch/grp-songyao/pnfioric/pantry/intermediate/reference/txrevise/batch/txrevise.grp_2.upstream.83_100.gff3, /vscratch/grp-songyao/pnfioric/pantry/intermediate/reference/txrevise/batch/txrevise.grp_1.contained.83_100.gff3, /vscratch/grp-songyao/pnfioric/pantry/intermediate/reference/txrevise/batch/txrevise.grp_2.contained.83_100.gff3, /vscratch/grp-songyao/pnfioric/pantry/intermediate/reference/txrevise/batch/txrevise.grp_1.downstream.83_100.gff3, /vscratch/grp-songyao/pnfioric/pantry/intermediate/reference/txrevise/batch/txrevise.grp_2.downstream.83_100.gff3
    jobid: 91
    reason: Missing output files: /vscratch/grp-songyao/pnfioric/pantry/intermediate/reference/txrevise/batch/txrevise.grp_1.downstream.83_100.gff3, /vscratch/grp-songyao/pnfioric/pantry/intermediate/reference/txrevise/batch/txrevise.grp_1.upstream.83_100.gff3, /vscratch/grp-songyao/pnfioric/pantry/intermediate/reference/txrevise/batch/txrevise.grp_2.downstream.83_100.gff3, /vscratch/grp-songyao/pnfioric/pantry/intermediate/reference/txrevise/batch/txrevise.grp_2.upstream.83_100.gff3; Updated input files: /vscratch/grp-songyao/pnfioric/pantry/intermediate/reference/txrevise/txrevise_annotations.rds
    wildcards: batch=83, n_batches=100
    resources: mem_mb=32000, disk_mb=1000, tmpdir=<TBD>, runtime=960, slurm_extra=--qos=general-compute

INFO:snakemake.logging:
Submitted job 91 with external jobid 'Submitted batch job 24690961'.
WARNING:snakemake.logging:Submitted job 91 with external jobid 'Submitted batch job 24690961'.

INFO:snakemake.logging:
[Mon May 25 15:46:20 2026]
INFO:snakemake.logging:[Mon May 25 15:46:20 2026]
rule txrevise_construct_events:
    input: /vscratch/grp-songyao/pnfioric/pantry/intermediate/reference/txrevise/txrevise_annotations.rds
    output: /vscratch/grp-songyao/pnfioric/pantry/intermediate/reference/txrevise/batch/txrevise.grp_1.upstream.27_100.gff3, /vscratch/grp-songyao/pnfioric/pantry/intermediate/reference/txrevise/batch/txrevise.grp_2.upstream.27_100.gff3, /vscratch/grp-songyao/pnfioric/pantry/intermediate/reference/txrevise/batch/txrevise.grp_1.contained.27_100.gff3, /vscratch/grp-songyao/pnfioric/pantry/intermediate/reference/txrevise/batch/txrevise.grp_2.contained.27_100.gff3, /vscratch/grp-songyao/pnfioric/pantry/intermediate/reference/txrevise/batch/txrevise.grp_1.downstream.27_100.gff3, /vscratch/grp-songyao/pnfioric/pantry/intermediate/reference/txrevise/batch/txrevise.grp_2.downstream.27_100.gff3
    jobid: 35
    reason: Missing output files: /vscratch/grp-songyao/pnfioric/pantry/intermediate/reference/txrevise/batch/txrevise.grp_2.downstream.27_100.gff3, /vscratch/grp-songyao/pnfioric/pantry/intermediate/reference/txrevise/batch/txrevise.grp_2.upstream.27_100.gff3, /vscratch/grp-songyao/pnfioric/pantry/intermediate/reference/txrevise/batch/txrevise.grp_1.upstream.27_100.gff3, /vscratch/grp-songyao/pnfioric/pantry/intermediate/reference/txrevise/batch/txrevise.grp_1.downstream.27_100.gff3; Updated input files: /vscratch/grp-songyao/pnfioric/pantry/intermediate/reference/txrevise/txrevise_annotations.rds
    wildcards: batch=27, n_batches=100
    resources: mem_mb=32000, disk_mb=1000, tmpdir=<TBD>, runtime=960, slurm_extra=--qos=general-compute
INFO:snakemake.logging:rule txrevise_construct_events:
    input: /vscratch/grp-songyao/pnfioric/pantry/intermediate/reference/txrevise/txrevise_annotations.rds
    output: /vscratch/grp-songyao/pnfioric/pantry/intermediate/reference/txrevise/batch/txrevise.grp_1.upstream.27_100.gff3, /vscratch/grp-songyao/pnfioric/pantry/intermediate/reference/txrevise/batch/txrevise.grp_2.upstream.27_100.gff3, /vscratch/grp-songyao/pnfioric/pantry/intermediate/reference/txrevise/batch/txrevise.grp_1.contained.27_100.gff3, /vscratch/grp-songyao/pnfioric/pantry/intermediate/reference/txrevise/batch/txrevise.grp_2.contained.27_100.gff3, /vscratch/grp-songyao/pnfioric/pantry/intermediate/reference/txrevise/batch/txrevise.grp_1.downstream.27_100.gff3, /vscratch/grp-songyao/pnfioric/pantry/intermediate/reference/txrevise/batch/txrevise.grp_2.downstream.27_100.gff3
    jobid: 35
    reason: Missing output files: /vscratch/grp-songyao/pnfioric/pantry/intermediate/reference/txrevise/batch/txrevise.grp_2.downstream.27_100.gff3, /vscratch/grp-songyao/pnfioric/pantry/intermediate/reference/txrevise/batch/txrevise.grp_2.upstream.27_100.gff3, /vscratch/grp-songyao/pnfioric/pantry/intermediate/reference/txrevise/batch/txrevise.grp_1.upstream.27_100.gff3, /vscratch/grp-songyao/pnfioric/pantry/intermediate/reference/txrevise/batch/txrevise.grp_1.downstream.27_100.gff3; Updated input files: /vscratch/grp-songyao/pnfioric/pantry/intermediate/reference/txrevise/txrevise_annotations.rds
    wildcards: batch=27, n_batches=100
    resources: mem_mb=32000, disk_mb=1000, tmpdir=<TBD>, runtime=960, slurm_extra=--qos=general-compute

INFO:snakemake.logging:
Submitted job 35 with external jobid 'Submitted batch job 24690962'.
WARNING:snakemake.logging:Submitted job 35 with external jobid 'Submitted batch job 24690962'.

INFO:snakemake.logging:
[Mon May 25 15:46:20 2026]
INFO:snakemake.logging:[Mon May 25 15:46:20 2026]
rule txrevise_construct_events:
    input: /vscratch/grp-songyao/pnfioric/pantry/intermediate/reference/txrevise/txrevise_annotations.rds
    output: /vscratch/grp-songyao/pnfioric/pantry/intermediate/reference/txrevise/batch/txrevise.grp_1.upstream.84_100.gff3, /vscratch/grp-songyao/pnfioric/pantry/intermediate/reference/txrevise/batch/txrevise.grp_2.upstream.84_100.gff3, /vscratch/grp-songyao/pnfioric/pantry/intermediate/reference/txrevise/batch/txrevise.grp_1.contained.84_100.gff3, /vscratch/grp-songyao/pnfioric/pantry/intermediate/reference/txrevise/batch/txrevise.grp_2.contained.84_100.gff3, /vscratch/grp-songyao/pnfioric/pantry/intermediate/reference/txrevise/batch/txrevise.grp_1.downstream.84_100.gff3, /vscratch/grp-songyao/pnfioric/pantry/intermediate/reference/txrevise/batch/txrevise.grp_2.downstream.84_100.gff3
    jobid: 92
    reason: Missing output files: /vscratch/grp-songyao/pnfioric/pantry/intermediate/reference/txrevise/batch/txrevise.grp_2.downstream.84_100.gff3, /vscratch/grp-songyao/pnfioric/pantry/intermediate/reference/txrevise/batch/txrevise.grp_1.downstream.84_100.gff3, /vscratch/grp-songyao/pnfioric/pantry/intermediate/reference/txrevise/batch/txrevise.grp_1.upstream.84_100.gff3, /vscratch/grp-songyao/pnfioric/pantry/intermediate/reference/txrevise/batch/txrevise.grp_2.upstream.84_100.gff3; Updated input files: /vscratch/grp-songyao/pnfioric/pantry/intermediate/reference/txrevise/txrevise_annotations.rds
    wildcards: batch=84, n_batches=100
    resources: mem_mb=32000, disk_mb=1000, tmpdir=<TBD>, runtime=960, slurm_extra=--qos=general-compute
INFO:snakemake.logging:rule txrevise_construct_events:
    input: /vscratch/grp-songyao/pnfioric/pantry/intermediate/reference/txrevise/txrevise_annotations.rds
    output: /vscratch/grp-songyao/pnfioric/pantry/intermediate/reference/txrevise/batch/txrevise.grp_1.upstream.84_100.gff3, /vscratch/grp-songyao/pnfioric/pantry/intermediate/reference/txrevise/batch/txrevise.grp_2.upstream.84_100.gff3, /vscratch/grp-songyao/pnfioric/pantry/intermediate/reference/txrevise/batch/txrevise.grp_1.contained.84_100.gff3, /vscratch/grp-songyao/pnfioric/pantry/intermediate/reference/txrevise/batch/txrevise.grp_2.contained.84_100.gff3, /vscratch/grp-songyao/pnfioric/pantry/intermediate/reference/txrevise/batch/txrevise.grp_1.downstream.84_100.gff3, /vscratch/grp-songyao/pnfioric/pantry/intermediate/reference/txrevise/batch/txrevise.grp_2.downstream.84_100.gff3
    jobid: 92
    reason: Missing output files: /vscratch/grp-songyao/pnfioric/pantry/intermediate/reference/txrevise/batch/txrevise.grp_2.downstream.84_100.gff3, /vscratch/grp-songyao/pnfioric/pantry/intermediate/reference/txrevise/batch/txrevise.grp_1.downstream.84_100.gff3, /vscratch/grp-songyao/pnfioric/pantry/intermediate/reference/txrevise/batch/txrevise.grp_1.upstream.84_100.gff3, /vscratch/grp-songyao/pnfioric/pantry/intermediate/reference/txrevise/batch/txrevise.grp_2.upstream.84_100.gff3; Updated input files: /vscratch/grp-songyao/pnfioric/pantry/intermediate/reference/txrevise/txrevise_annotations.rds
    wildcards: batch=84, n_batches=100
    resources: mem_mb=32000, disk_mb=1000, tmpdir=<TBD>, runtime=960, slurm_extra=--qos=general-compute

INFO:snakemake.logging:
Submitted job 92 with external jobid 'Submitted batch job 24690963'.
WARNING:snakemake.logging:Submitted job 92 with external jobid 'Submitted batch job 24690963'.

INFO:snakemake.logging:
[Mon May 25 15:46:21 2026]
INFO:snakemake.logging:[Mon May 25 15:46:21 2026]
rule txrevise_construct_events:
    input: /vscratch/grp-songyao/pnfioric/pantry/intermediate/reference/txrevise/txrevise_annotations.rds
    output: /vscratch/grp-songyao/pnfioric/pantry/intermediate/reference/txrevise/batch/txrevise.grp_1.upstream.28_100.gff3, /vscratch/grp-songyao/pnfioric/pantry/intermediate/reference/txrevise/batch/txrevise.grp_2.upstream.28_100.gff3, /vscratch/grp-songyao/pnfioric/pantry/intermediate/reference/txrevise/batch/txrevise.grp_1.contained.28_100.gff3, /vscratch/grp-songyao/pnfioric/pantry/intermediate/reference/txrevise/batch/txrevise.grp_2.contained.28_100.gff3, /vscratch/grp-songyao/pnfioric/pantry/intermediate/reference/txrevise/batch/txrevise.grp_1.downstream.28_100.gff3, /vscratch/grp-songyao/pnfioric/pantry/intermediate/reference/txrevise/batch/txrevise.grp_2.downstream.28_100.gff3
    jobid: 36
    reason: Missing output files: /vscratch/grp-songyao/pnfioric/pantry/intermediate/reference/txrevise/batch/txrevise.grp_2.upstream.28_100.gff3, /vscratch/grp-songyao/pnfioric/pantry/intermediate/reference/txrevise/batch/txrevise.grp_2.downstream.28_100.gff3, /vscratch/grp-songyao/pnfioric/pantry/intermediate/reference/txrevise/batch/txrevise.grp_1.upstream.28_100.gff3, /vscratch/grp-songyao/pnfioric/pantry/intermediate/reference/txrevise/batch/txrevise.grp_1.downstream.28_100.gff3; Updated input files: /vscratch/grp-songyao/pnfioric/pantry/intermediate/reference/txrevise/txrevise_annotations.rds
    wildcards: batch=28, n_batches=100
    resources: mem_mb=32000, disk_mb=1000, tmpdir=<TBD>, runtime=960, slurm_extra=--qos=general-compute
INFO:snakemake.logging:rule txrevise_construct_events:
    input: /vscratch/grp-songyao/pnfioric/pantry/intermediate/reference/txrevise/txrevise_annotations.rds
    output: /vscratch/grp-songyao/pnfioric/pantry/intermediate/reference/txrevise/batch/txrevise.grp_1.upstream.28_100.gff3, /vscratch/grp-songyao/pnfioric/pantry/intermediate/reference/txrevise/batch/txrevise.grp_2.upstream.28_100.gff3, /vscratch/grp-songyao/pnfioric/pantry/intermediate/reference/txrevise/batch/txrevise.grp_1.contained.28_100.gff3, /vscratch/grp-songyao/pnfioric/pantry/intermediate/reference/txrevise/batch/txrevise.grp_2.contained.28_100.gff3, /vscratch/grp-songyao/pnfioric/pantry/intermediate/reference/txrevise/batch/txrevise.grp_1.downstream.28_100.gff3, /vscratch/grp-songyao/pnfioric/pantry/intermediate/reference/txrevise/batch/txrevise.grp_2.downstream.28_100.gff3
    jobid: 36
    reason: Missing output files: /vscratch/grp-songyao/pnfioric/pantry/intermediate/reference/txrevise/batch/txrevise.grp_2.upstream.28_100.gff3, /vscratch/grp-songyao/pnfioric/pantry/intermediate/reference/txrevise/batch/txrevise.grp_2.downstream.28_100.gff3, /vscratch/grp-songyao/pnfioric/pantry/intermediate/reference/txrevise/batch/txrevise.grp_1.upstream.28_100.gff3, /vscratch/grp-songyao/pnfioric/pantry/intermediate/reference/txrevise/batch/txrevise.grp_1.downstream.28_100.gff3; Updated input files: /vscratch/grp-songyao/pnfioric/pantry/intermediate/reference/txrevise/txrevise_annotations.rds
    wildcards: batch=28, n_batches=100
    resources: mem_mb=32000, disk_mb=1000, tmpdir=<TBD>, runtime=960, slurm_extra=--qos=general-compute

INFO:snakemake.logging:
Submitted job 36 with external jobid 'Submitted batch job 24690964'.
WARNING:snakemake.logging:Submitted job 36 with external jobid 'Submitted batch job 24690964'.

INFO:snakemake.logging:
[Mon May 25 15:46:21 2026]
INFO:snakemake.logging:[Mon May 25 15:46:21 2026]
rule index_bam:
    input: /vscratch/grp-songyao/pnfioric/pantry/intermediate/bam/RS-04396807.bam
    output: /vscratch/grp-songyao/pnfioric/pantry/intermediate/bam/RS-04396807.bam.bai
    jobid: 7342
    reason: Missing output files: /vscratch/grp-songyao/pnfioric/pantry/intermediate/bam/RS-04396807.bam.bai; Updated input files: /vscratch/grp-songyao/pnfioric/pantry/intermediate/bam/RS-04396807.bam
    wildcards: basename=/vscratch/grp-songyao/pnfioric/pantry/intermediate/bam/RS-04396807
    threads: 8
    resources: mem_mb=60000, disk_mb=1000, tmpdir=<TBD>, runtime=04:00:00, slurm_extra=--qos=general-compute
INFO:snakemake.logging:rule index_bam:
    input: /vscratch/grp-songyao/pnfioric/pantry/intermediate/bam/RS-04396807.bam
    output: /vscratch/grp-songyao/pnfioric/pantry/intermediate/bam/RS-04396807.bam.bai
    jobid: 7342
    reason: Missing output files: /vscratch/grp-songyao/pnfioric/pantry/intermediate/bam/RS-04396807.bam.bai; Updated input files: /vscratch/grp-songyao/pnfioric/pantry/intermediate/bam/RS-04396807.bam
    wildcards: basename=/vscratch/grp-songyao/pnfioric/pantry/intermediate/bam/RS-04396807
    threads: 8
    resources: mem_mb=60000, disk_mb=1000, tmpdir=<TBD>, runtime=04:00:00, slurm_extra=--qos=general-compute

INFO:snakemake.logging:
Submitted job 7342 with external jobid 'Submitted batch job 24690965'.
WARNING:snakemake.logging:Submitted job 7342 with external jobid 'Submitted batch job 24690965'.

INFO:snakemake.logging:
[Mon May 25 15:46:21 2026]
INFO:snakemake.logging:[Mon May 25 15:46:21 2026]
rule txrevise_construct_events:
    input: /vscratch/grp-songyao/pnfioric/pantry/intermediate/reference/txrevise/txrevise_annotations.rds
    output: /vscratch/grp-songyao/pnfioric/pantry/intermediate/reference/txrevise/batch/txrevise.grp_1.upstream.85_100.gff3, /vscratch/grp-songyao/pnfioric/pantry/intermediate/reference/txrevise/batch/txrevise.grp_2.upstream.85_100.gff3, /vscratch/grp-songyao/pnfioric/pantry/intermediate/reference/txrevise/batch/txrevise.grp_1.contained.85_100.gff3, /vscratch/grp-songyao/pnfioric/pantry/intermediate/reference/txrevise/batch/txrevise.grp_2.contained.85_100.gff3, /vscratch/grp-songyao/pnfioric/pantry/intermediate/reference/txrevise/batch/txrevise.grp_1.downstream.85_100.gff3, /vscratch/grp-songyao/pnfioric/pantry/intermediate/reference/txrevise/batch/txrevise.grp_2.downstream.85_100.gff3
    jobid: 93
    reason: Missing output files: /vscratch/grp-songyao/pnfioric/pantry/intermediate/reference/txrevise/batch/txrevise.grp_2.upstream.85_100.gff3, /vscratch/grp-songyao/pnfioric/pantry/intermediate/reference/txrevise/batch/txrevise.grp_1.downstream.85_100.gff3, /vscratch/grp-songyao/pnfioric/pantry/intermediate/reference/txrevise/batch/txrevise.grp_1.upstream.85_100.gff3, /vscratch/grp-songyao/pnfioric/pantry/intermediate/reference/txrevise/batch/txrevise.grp_2.downstream.85_100.gff3; Updated input files: /vscratch/grp-songyao/pnfioric/pantry/intermediate/reference/txrevise/txrevise_annotations.rds
    wildcards: batch=85, n_batches=100
    resources: mem_mb=32000, disk_mb=1000, tmpdir=<TBD>, runtime=960, slurm_extra=--qos=general-compute
INFO:snakemake.logging:rule txrevise_construct_events:
    input: /vscratch/grp-songyao/pnfioric/pantry/intermediate/reference/txrevise/txrevise_annotations.rds
    output: /vscratch/grp-songyao/pnfioric/pantry/intermediate/reference/txrevise/batch/txrevise.grp_1.upstream.85_100.gff3, /vscratch/grp-songyao/pnfioric/pantry/intermediate/reference/txrevise/batch/txrevise.grp_2.upstream.85_100.gff3, /vscratch/grp-songyao/pnfioric/pantry/intermediate/reference/txrevise/batch/txrevise.grp_1.contained.85_100.gff3, /vscratch/grp-songyao/pnfioric/pantry/intermediate/reference/txrevise/batch/txrevise.grp_2.contained.85_100.gff3, /vscratch/grp-songyao/pnfioric/pantry/intermediate/reference/txrevise/batch/txrevise.grp_1.downstream.85_100.gff3, /vscratch/grp-songyao/pnfioric/pantry/intermediate/reference/txrevise/batch/txrevise.grp_2.downstream.85_100.gff3
    jobid: 93
    reason: Missing output files: /vscratch/grp-songyao/pnfioric/pantry/intermediate/reference/txrevise/batch/txrevise.grp_2.upstream.85_100.gff3, /vscratch/grp-songyao/pnfioric/pantry/intermediate/reference/txrevise/batch/txrevise.grp_1.downstream.85_100.gff3, /vscratch/grp-songyao/pnfioric/pantry/intermediate/reference/txrevise/batch/txrevise.grp_1.upstream.85_100.gff3, /vscratch/grp-songyao/pnfioric/pantry/intermediate/reference/txrevise/batch/txrevise.grp_2.downstream.85_100.gff3; Updated input files: /vscratch/grp-songyao/pnfioric/pantry/intermediate/reference/txrevise/txrevise_annotations.rds
    wildcards: batch=85, n_batches=100
    resources: mem_mb=32000, disk_mb=1000, tmpdir=<TBD>, runtime=960, slurm_extra=--qos=general-compute

INFO:snakemake.logging:
Submitted job 93 with external jobid 'Submitted batch job 24690966'.
WARNING:snakemake.logging:Submitted job 93 with external jobid 'Submitted batch job 24690966'.

INFO:snakemake.logging:
[Mon May 25 15:46:21 2026]
INFO:snakemake.logging:[Mon May 25 15:46:21 2026]
rule run_featureCounts:
    input: /vscratch/grp-songyao/pnfioric/pantry/intermediate/bam/RS-04367484.bam, /vscratch/grp-songyao/pnfioric/pantry/intermediate/reference/introns.gtf
    output: /vscratch/grp-songyao/pnfioric/pantry/intermediate/stability/RS-04367484.introns.counts.txt
    jobid: 9121
    reason: Missing output files: /vscratch/grp-songyao/pnfioric/pantry/intermediate/stability/RS-04367484.introns.counts.txt; Updated input files: /vscratch/grp-songyao/pnfioric/pantry/intermediate/bam/RS-04367484.bam, /vscratch/grp-songyao/pnfioric/pantry/intermediate/reference/introns.gtf
    wildcards: sample_id=RS-04367484, feature_type=introns
    threads: 8
    resources: mem_mb=60000, disk_mb=7729, tmpdir=<TBD>, runtime=04:00:00, slurm_extra=--qos=general-compute
INFO:snakemake.logging:rule run_featureCounts:
    input: /vscratch/grp-songyao/pnfioric/pantry/intermediate/bam/RS-04367484.bam, /vscratch/grp-songyao/pnfioric/pantry/intermediate/reference/introns.gtf
    output: /vscratch/grp-songyao/pnfioric/pantry/intermediate/stability/RS-04367484.introns.counts.txt
    jobid: 9121
    reason: Missing output files: /vscratch/grp-songyao/pnfioric/pantry/intermediate/stability/RS-04367484.introns.counts.txt; Updated input files: /vscratch/grp-songyao/pnfioric/pantry/intermediate/bam/RS-04367484.bam, /vscratch/grp-songyao/pnfioric/pantry/intermediate/reference/introns.gtf
    wildcards: sample_id=RS-04367484, feature_type=introns
    threads: 8
    resources: mem_mb=60000, disk_mb=7729, tmpdir=<TBD>, runtime=04:00:00, slurm_extra=--qos=general-compute

INFO:snakemake.logging:
Submitted job 9121 with external jobid 'Submitted batch job 24690967'.
WARNING:snakemake.logging:Submitted job 9121 with external jobid 'Submitted batch job 24690967'.

INFO:snakemake.logging:
[Mon May 25 15:46:21 2026]
INFO:snakemake.logging:[Mon May 25 15:46:21 2026]
rule txrevise_construct_events:
    input: /vscratch/grp-songyao/pnfioric/pantry/intermediate/reference/txrevise/txrevise_annotations.rds
    output: /vscratch/grp-songyao/pnfioric/pantry/intermediate/reference/txrevise/batch/txrevise.grp_1.upstream.29_100.gff3, /vscratch/grp-songyao/pnfioric/pantry/intermediate/reference/txrevise/batch/txrevise.grp_2.upstream.29_100.gff3, /vscratch/grp-songyao/pnfioric/pantry/intermediate/reference/txrevise/batch/txrevise.grp_1.contained.29_100.gff3, /vscratch/grp-songyao/pnfioric/pantry/intermediate/reference/txrevise/batch/txrevise.grp_2.contained.29_100.gff3, /vscratch/grp-songyao/pnfioric/pantry/intermediate/reference/txrevise/batch/txrevise.grp_1.downstream.29_100.gff3, /vscratch/grp-songyao/pnfioric/pantry/intermediate/reference/txrevise/batch/txrevise.grp_2.downstream.29_100.gff3
    jobid: 37
    reason: Missing output files: /vscratch/grp-songyao/pnfioric/pantry/intermediate/reference/txrevise/batch/txrevise.grp_1.upstream.29_100.gff3, /vscratch/grp-songyao/pnfioric/pantry/intermediate/reference/txrevise/batch/txrevise.grp_2.downstream.29_100.gff3, /vscratch/grp-songyao/pnfioric/pantry/intermediate/reference/txrevise/batch/txrevise.grp_1.downstream.29_100.gff3, /vscratch/grp-songyao/pnfioric/pantry/intermediate/reference/txrevise/batch/txrevise.grp_2.upstream.29_100.gff3; Updated input files: /vscratch/grp-songyao/pnfioric/pantry/intermediate/reference/txrevise/txrevise_annotations.rds
    wildcards: batch=29, n_batches=100
    resources: mem_mb=32000, disk_mb=1000, tmpdir=<TBD>, runtime=960, slurm_extra=--qos=general-compute
INFO:snakemake.logging:rule txrevise_construct_events:
    input: /vscratch/grp-songyao/pnfioric/pantry/intermediate/reference/txrevise/txrevise_annotations.rds
    output: /vscratch/grp-songyao/pnfioric/pantry/intermediate/reference/txrevise/batch/txrevise.grp_1.upstream.29_100.gff3, /vscratch/grp-songyao/pnfioric/pantry/intermediate/reference/txrevise/batch/txrevise.grp_2.upstream.29_100.gff3, /vscratch/grp-songyao/pnfioric/pantry/intermediate/reference/txrevise/batch/txrevise.grp_1.contained.29_100.gff3, /vscratch/grp-songyao/pnfioric/pantry/intermediate/reference/txrevise/batch/txrevise.grp_2.contained.29_100.gff3, /vscratch/grp-songyao/pnfioric/pantry/intermediate/reference/txrevise/batch/txrevise.grp_1.downstream.29_100.gff3, /vscratch/grp-songyao/pnfioric/pantry/intermediate/reference/txrevise/batch/txrevise.grp_2.downstream.29_100.gff3
    jobid: 37
    reason: Missing output files: /vscratch/grp-songyao/pnfioric/pantry/intermediate/reference/txrevise/batch/txrevise.grp_1.upstream.29_100.gff3, /vscratch/grp-songyao/pnfioric/pantry/intermediate/reference/txrevise/batch/txrevise.grp_2.downstream.29_100.gff3, /vscratch/grp-songyao/pnfioric/pantry/intermediate/reference/txrevise/batch/txrevise.grp_1.downstream.29_100.gff3, /vscratch/grp-songyao/pnfioric/pantry/intermediate/reference/txrevise/batch/txrevise.grp_2.upstream.29_100.gff3; Updated input files: /vscratch/grp-songyao/pnfioric/pantry/intermediate/reference/txrevise/txrevise_annotations.rds
    wildcards: batch=29, n_batches=100
    resources: mem_mb=32000, disk_mb=1000, tmpdir=<TBD>, runtime=960, slurm_extra=--qos=general-compute

INFO:snakemake.logging:
Submitted job 37 with external jobid 'Submitted batch job 24690968'.
WARNING:snakemake.logging:Submitted job 37 with external jobid 'Submitted batch job 24690968'.

INFO:snakemake.logging:
[Mon May 25 15:46:21 2026]
INFO:snakemake.logging:[Mon May 25 15:46:21 2026]
rule txrevise_construct_events:
    input: /vscratch/grp-songyao/pnfioric/pantry/intermediate/reference/txrevise/txrevise_annotations.rds
    output: /vscratch/grp-songyao/pnfioric/pantry/intermediate/reference/txrevise/batch/txrevise.grp_1.upstream.86_100.gff3, /vscratch/grp-songyao/pnfioric/pantry/intermediate/reference/txrevise/batch/txrevise.grp_2.upstream.86_100.gff3, /vscratch/grp-songyao/pnfioric/pantry/intermediate/reference/txrevise/batch/txrevise.grp_1.contained.86_100.gff3, /vscratch/grp-songyao/pnfioric/pantry/intermediate/reference/txrevise/batch/txrevise.grp_2.contained.86_100.gff3, /vscratch/grp-songyao/pnfioric/pantry/intermediate/reference/txrevise/batch/txrevise.grp_1.downstream.86_100.gff3, /vscratch/grp-songyao/pnfioric/pantry/intermediate/reference/txrevise/batch/txrevise.grp_2.downstream.86_100.gff3
    jobid: 94
    reason: Missing output files: /vscratch/grp-songyao/pnfioric/pantry/intermediate/reference/txrevise/batch/txrevise.grp_2.upstream.86_100.gff3, /vscratch/grp-songyao/pnfioric/pantry/intermediate/reference/txrevise/batch/txrevise.grp_2.downstream.86_100.gff3, /vscratch/grp-songyao/pnfioric/pantry/intermediate/reference/txrevise/batch/txrevise.grp_1.downstream.86_100.gff3, /vscratch/grp-songyao/pnfioric/pantry/intermediate/reference/txrevise/batch/txrevise.grp_1.upstream.86_100.gff3; Updated input files: /vscratch/grp-songyao/pnfioric/pantry/intermediate/reference/txrevise/txrevise_annotations.rds
    wildcards: batch=86, n_batches=100
    resources: mem_mb=32000, disk_mb=1000, tmpdir=<TBD>, runtime=960, slurm_extra=--qos=general-compute
INFO:snakemake.logging:rule txrevise_construct_events:
    input: /vscratch/grp-songyao/pnfioric/pantry/intermediate/reference/txrevise/txrevise_annotations.rds
    output: /vscratch/grp-songyao/pnfioric/pantry/intermediate/reference/txrevise/batch/txrevise.grp_1.upstream.86_100.gff3, /vscratch/grp-songyao/pnfioric/pantry/intermediate/reference/txrevise/batch/txrevise.grp_2.upstream.86_100.gff3, /vscratch/grp-songyao/pnfioric/pantry/intermediate/reference/txrevise/batch/txrevise.grp_1.contained.86_100.gff3, /vscratch/grp-songyao/pnfioric/pantry/intermediate/reference/txrevise/batch/txrevise.grp_2.contained.86_100.gff3, /vscratch/grp-songyao/pnfioric/pantry/intermediate/reference/txrevise/batch/txrevise.grp_1.downstream.86_100.gff3, /vscratch/grp-songyao/pnfioric/pantry/intermediate/reference/txrevise/batch/txrevise.grp_2.downstream.86_100.gff3
    jobid: 94
    reason: Missing output files: /vscratch/grp-songyao/pnfioric/pantry/intermediate/reference/txrevise/batch/txrevise.grp_2.upstream.86_100.gff3, /vscratch/grp-songyao/pnfioric/pantry/intermediate/reference/txrevise/batch/txrevise.grp_2.downstream.86_100.gff3, /vscratch/grp-songyao/pnfioric/pantry/intermediate/reference/txrevise/batch/txrevise.grp_1.downstream.86_100.gff3, /vscratch/grp-songyao/pnfioric/pantry/intermediate/reference/txrevise/batch/txrevise.grp_1.upstream.86_100.gff3; Updated input files: /vscratch/grp-songyao/pnfioric/pantry/intermediate/reference/txrevise/txrevise_annotations.rds
    wildcards: batch=86, n_batches=100
    resources: mem_mb=32000, disk_mb=1000, tmpdir=<TBD>, runtime=960, slurm_extra=--qos=general-compute

INFO:snakemake.logging:
Submitted job 94 with external jobid 'Submitted batch job 24690969'.
WARNING:snakemake.logging:Submitted job 94 with external jobid 'Submitted batch job 24690969'.

INFO:snakemake.logging:
[Mon May 25 15:46:21 2026]
INFO:snakemake.logging:[Mon May 25 15:46:21 2026]
rule run_featureCounts:
    input: /vscratch/grp-songyao/pnfioric/pantry/intermediate/bam/RS-04050572.bam, /vscratch/grp-songyao/pnfioric/pantry/intermediate/reference/introns.gtf
    output: /vscratch/grp-songyao/pnfioric/pantry/intermediate/stability/RS-04050572.introns.counts.txt
    jobid: 8884
    reason: Missing output files: /vscratch/grp-songyao/pnfioric/pantry/intermediate/stability/RS-04050572.introns.counts.txt; Updated input files: /vscratch/grp-songyao/pnfioric/pantry/intermediate/bam/RS-04050572.bam, /vscratch/grp-songyao/pnfioric/pantry/intermediate/reference/introns.gtf
    wildcards: sample_id=RS-04050572, feature_type=introns
    threads: 8
    resources: mem_mb=60000, disk_mb=1570, tmpdir=<TBD>, runtime=04:00:00, slurm_extra=--qos=general-compute
INFO:snakemake.logging:rule run_featureCounts:
    input: /vscratch/grp-songyao/pnfioric/pantry/intermediate/bam/RS-04050572.bam, /vscratch/grp-songyao/pnfioric/pantry/intermediate/reference/introns.gtf
    output: /vscratch/grp-songyao/pnfioric/pantry/intermediate/stability/RS-04050572.introns.counts.txt
    jobid: 8884
    reason: Missing output files: /vscratch/grp-songyao/pnfioric/pantry/intermediate/stability/RS-04050572.introns.counts.txt; Updated input files: /vscratch/grp-songyao/pnfioric/pantry/intermediate/bam/RS-04050572.bam, /vscratch/grp-songyao/pnfioric/pantry/intermediate/reference/introns.gtf
    wildcards: sample_id=RS-04050572, feature_type=introns
    threads: 8
    resources: mem_mb=60000, disk_mb=1570, tmpdir=<TBD>, runtime=04:00:00, slurm_extra=--qos=general-compute

INFO:snakemake.logging:
Submitted job 8884 with external jobid 'Submitted batch job 24690970'.
WARNING:snakemake.logging:Submitted job 8884 with external jobid 'Submitted batch job 24690970'.

INFO:snakemake.logging:
[Mon May 25 15:46:21 2026]
INFO:snakemake.logging:[Mon May 25 15:46:21 2026]
rule txrevise_construct_events:
    input: /vscratch/grp-songyao/pnfioric/pantry/intermediate/reference/txrevise/txrevise_annotations.rds
    output: /vscratch/grp-songyao/pnfioric/pantry/intermediate/reference/txrevise/batch/txrevise.grp_1.upstream.30_100.gff3, /vscratch/grp-songyao/pnfioric/pantry/intermediate/reference/txrevise/batch/txrevise.grp_2.upstream.30_100.gff3, /vscratch/grp-songyao/pnfioric/pantry/intermediate/reference/txrevise/batch/txrevise.grp_1.contained.30_100.gff3, /vscratch/grp-songyao/pnfioric/pantry/intermediate/reference/txrevise/batch/txrevise.grp_2.contained.30_100.gff3, /vscratch/grp-songyao/pnfioric/pantry/intermediate/reference/txrevise/batch/txrevise.grp_1.downstream.30_100.gff3, /vscratch/grp-songyao/pnfioric/pantry/intermediate/reference/txrevise/batch/txrevise.grp_2.downstream.30_100.gff3
    jobid: 38
    reason: Missing output files: /vscratch/grp-songyao/pnfioric/pantry/intermediate/reference/txrevise/batch/txrevise.grp_2.upstream.30_100.gff3, /vscratch/grp-songyao/pnfioric/pantry/intermediate/reference/txrevise/batch/txrevise.grp_1.upstream.30_100.gff3, /vscratch/grp-songyao/pnfioric/pantry/intermediate/reference/txrevise/batch/txrevise.grp_2.downstream.30_100.gff3, /vscratch/grp-songyao/pnfioric/pantry/intermediate/reference/txrevise/batch/txrevise.grp_1.downstream.30_100.gff3; Updated input files: /vscratch/grp-songyao/pnfioric/pantry/intermediate/reference/txrevise/txrevise_annotations.rds
    wildcards: batch=30, n_batches=100
    resources: mem_mb=32000, disk_mb=1000, tmpdir=<TBD>, runtime=960, slurm_extra=--qos=general-compute
INFO:snakemake.logging:rule txrevise_construct_events:
    input: /vscratch/grp-songyao/pnfioric/pantry/intermediate/reference/txrevise/txrevise_annotations.rds
    output: /vscratch/grp-songyao/pnfioric/pantry/intermediate/reference/txrevise/batch/txrevise.grp_1.upstream.30_100.gff3, /vscratch/grp-songyao/pnfioric/pantry/intermediate/reference/txrevise/batch/txrevise.grp_2.upstream.30_100.gff3, /vscratch/grp-songyao/pnfioric/pantry/intermediate/reference/txrevise/batch/txrevise.grp_1.contained.30_100.gff3, /vscratch/grp-songyao/pnfioric/pantry/intermediate/reference/txrevise/batch/txrevise.grp_2.contained.30_100.gff3, /vscratch/grp-songyao/pnfioric/pantry/intermediate/reference/txrevise/batch/txrevise.grp_1.downstream.30_100.gff3, /vscratch/grp-songyao/pnfioric/pantry/intermediate/reference/txrevise/batch/txrevise.grp_2.downstream.30_100.gff3
    jobid: 38
    reason: Missing output files: /vscratch/grp-songyao/pnfioric/pantry/intermediate/reference/txrevise/batch/txrevise.grp_2.upstream.30_100.gff3, /vscratch/grp-songyao/pnfioric/pantry/intermediate/reference/txrevise/batch/txrevise.grp_1.upstream.30_100.gff3, /vscratch/grp-songyao/pnfioric/pantry/intermediate/reference/txrevise/batch/txrevise.grp_2.downstream.30_100.gff3, /vscratch/grp-songyao/pnfioric/pantry/intermediate/reference/txrevise/batch/txrevise.grp_1.downstream.30_100.gff3; Updated input files: /vscratch/grp-songyao/pnfioric/pantry/intermediate/reference/txrevise/txrevise_annotations.rds
    wildcards: batch=30, n_batches=100
    resources: mem_mb=32000, disk_mb=1000, tmpdir=<TBD>, runtime=960, slurm_extra=--qos=general-compute

INFO:snakemake.logging:
Submitted job 38 with external jobid 'Submitted batch job 24690971'.
WARNING:snakemake.logging:Submitted job 38 with external jobid 'Submitted batch job 24690971'.

INFO:snakemake.logging:
[Mon May 25 15:46:21 2026]
INFO:snakemake.logging:[Mon May 25 15:46:21 2026]
rule txrevise_construct_events:
    input: /vscratch/grp-songyao/pnfioric/pantry/intermediate/reference/txrevise/txrevise_annotations.rds
    output: /vscratch/grp-songyao/pnfioric/pantry/intermediate/reference/txrevise/batch/txrevise.grp_1.upstream.87_100.gff3, /vscratch/grp-songyao/pnfioric/pantry/intermediate/reference/txrevise/batch/txrevise.grp_2.upstream.87_100.gff3, /vscratch/grp-songyao/pnfioric/pantry/intermediate/reference/txrevise/batch/txrevise.grp_1.contained.87_100.gff3, /vscratch/grp-songyao/pnfioric/pantry/intermediate/reference/txrevise/batch/txrevise.grp_2.contained.87_100.gff3, /vscratch/grp-songyao/pnfioric/pantry/intermediate/reference/txrevise/batch/txrevise.grp_1.downstream.87_100.gff3, /vscratch/grp-songyao/pnfioric/pantry/intermediate/reference/txrevise/batch/txrevise.grp_2.downstream.87_100.gff3
    jobid: 95
    reason: Missing output files: /vscratch/grp-songyao/pnfioric/pantry/intermediate/reference/txrevise/batch/txrevise.grp_2.upstream.87_100.gff3, /vscratch/grp-songyao/pnfioric/pantry/intermediate/reference/txrevise/batch/txrevise.grp_1.upstream.87_100.gff3, /vscratch/grp-songyao/pnfioric/pantry/intermediate/reference/txrevise/batch/txrevise.grp_2.downstream.87_100.gff3, /vscratch/grp-songyao/pnfioric/pantry/intermediate/reference/txrevise/batch/txrevise.grp_1.downstream.87_100.gff3; Updated input files: /vscratch/grp-songyao/pnfioric/pantry/intermediate/reference/txrevise/txrevise_annotations.rds
    wildcards: batch=87, n_batches=100
    resources: mem_mb=32000, disk_mb=1000, tmpdir=<TBD>, runtime=960, slurm_extra=--qos=general-compute
INFO:snakemake.logging:rule txrevise_construct_events:
    input: /vscratch/grp-songyao/pnfioric/pantry/intermediate/reference/txrevise/txrevise_annotations.rds
    output: /vscratch/grp-songyao/pnfioric/pantry/intermediate/reference/txrevise/batch/txrevise.grp_1.upstream.87_100.gff3, /vscratch/grp-songyao/pnfioric/pantry/intermediate/reference/txrevise/batch/txrevise.grp_2.upstream.87_100.gff3, /vscratch/grp-songyao/pnfioric/pantry/intermediate/reference/txrevise/batch/txrevise.grp_1.contained.87_100.gff3, /vscratch/grp-songyao/pnfioric/pantry/intermediate/reference/txrevise/batch/txrevise.grp_2.contained.87_100.gff3, /vscratch/grp-songyao/pnfioric/pantry/intermediate/reference/txrevise/batch/txrevise.grp_1.downstream.87_100.gff3, /vscratch/grp-songyao/pnfioric/pantry/intermediate/reference/txrevise/batch/txrevise.grp_2.downstream.87_100.gff3
    jobid: 95
    reason: Missing output files: /vscratch/grp-songyao/pnfioric/pantry/intermediate/reference/txrevise/batch/txrevise.grp_2.upstream.87_100.gff3, /vscratch/grp-songyao/pnfioric/pantry/intermediate/reference/txrevise/batch/txrevise.grp_1.upstream.87_100.gff3, /vscratch/grp-songyao/pnfioric/pantry/intermediate/reference/txrevise/batch/txrevise.grp_2.downstream.87_100.gff3, /vscratch/grp-songyao/pnfioric/pantry/intermediate/reference/txrevise/batch/txrevise.grp_1.downstream.87_100.gff3; Updated input files: /vscratch/grp-songyao/pnfioric/pantry/intermediate/reference/txrevise/txrevise_annotations.rds
    wildcards: batch=87, n_batches=100
    resources: mem_mb=32000, disk_mb=1000, tmpdir=<TBD>, runtime=960, slurm_extra=--qos=general-compute

INFO:snakemake.logging:
Submitted job 95 with external jobid 'Submitted batch job 24690972'.
WARNING:snakemake.logging:Submitted job 95 with external jobid 'Submitted batch job 24690972'.

INFO:snakemake.logging:
[Mon May 25 15:46:21 2026]
INFO:snakemake.logging:[Mon May 25 15:46:21 2026]
rule txrevise_construct_events:
    input: /vscratch/grp-songyao/pnfioric/pantry/intermediate/reference/txrevise/txrevise_annotations.rds
    output: /vscratch/grp-songyao/pnfioric/pantry/intermediate/reference/txrevise/batch/txrevise.grp_1.upstream.31_100.gff3, /vscratch/grp-songyao/pnfioric/pantry/intermediate/reference/txrevise/batch/txrevise.grp_2.upstream.31_100.gff3, /vscratch/grp-songyao/pnfioric/pantry/intermediate/reference/txrevise/batch/txrevise.grp_1.contained.31_100.gff3, /vscratch/grp-songyao/pnfioric/pantry/intermediate/reference/txrevise/batch/txrevise.grp_2.contained.31_100.gff3, /vscratch/grp-songyao/pnfioric/pantry/intermediate/reference/txrevise/batch/txrevise.grp_1.downstream.31_100.gff3, /vscratch/grp-songyao/pnfioric/pantry/intermediate/reference/txrevise/batch/txrevise.grp_2.downstream.31_100.gff3
    jobid: 39
    reason: Missing output files: /vscratch/grp-songyao/pnfioric/pantry/intermediate/reference/txrevise/batch/txrevise.grp_1.upstream.31_100.gff3, /vscratch/grp-songyao/pnfioric/pantry/intermediate/reference/txrevise/batch/txrevise.grp_2.upstream.31_100.gff3, /vscratch/grp-songyao/pnfioric/pantry/intermediate/reference/txrevise/batch/txrevise.grp_1.downstream.31_100.gff3, /vscratch/grp-songyao/pnfioric/pantry/intermediate/reference/txrevise/batch/txrevise.grp_2.downstream.31_100.gff3; Updated input files: /vscratch/grp-songyao/pnfioric/pantry/intermediate/reference/txrevise/txrevise_annotations.rds
    wildcards: batch=31, n_batches=100
    resources: mem_mb=32000, disk_mb=1000, tmpdir=<TBD>, runtime=960, slurm_extra=--qos=general-compute
INFO:snakemake.logging:rule txrevise_construct_events:
    input: /vscratch/grp-songyao/pnfioric/pantry/intermediate/reference/txrevise/txrevise_annotations.rds
    output: /vscratch/grp-songyao/pnfioric/pantry/intermediate/reference/txrevise/batch/txrevise.grp_1.upstream.31_100.gff3, /vscratch/grp-songyao/pnfioric/pantry/intermediate/reference/txrevise/batch/txrevise.grp_2.upstream.31_100.gff3, /vscratch/grp-songyao/pnfioric/pantry/intermediate/reference/txrevise/batch/txrevise.grp_1.contained.31_100.gff3, /vscratch/grp-songyao/pnfioric/pantry/intermediate/reference/txrevise/batch/txrevise.grp_2.contained.31_100.gff3, /vscratch/grp-songyao/pnfioric/pantry/intermediate/reference/txrevise/batch/txrevise.grp_1.downstream.31_100.gff3, /vscratch/grp-songyao/pnfioric/pantry/intermediate/reference/txrevise/batch/txrevise.grp_2.downstream.31_100.gff3
    jobid: 39
    reason: Missing output files: /vscratch/grp-songyao/pnfioric/pantry/intermediate/reference/txrevise/batch/txrevise.grp_1.upstream.31_100.gff3, /vscratch/grp-songyao/pnfioric/pantry/intermediate/reference/txrevise/batch/txrevise.grp_2.upstream.31_100.gff3, /vscratch/grp-songyao/pnfioric/pantry/intermediate/reference/txrevise/batch/txrevise.grp_1.downstream.31_100.gff3, /vscratch/grp-songyao/pnfioric/pantry/intermediate/reference/txrevise/batch/txrevise.grp_2.downstream.31_100.gff3; Updated input files: /vscratch/grp-songyao/pnfioric/pantry/intermediate/reference/txrevise/txrevise_annotations.rds
    wildcards: batch=31, n_batches=100
    resources: mem_mb=32000, disk_mb=1000, tmpdir=<TBD>, runtime=960, slurm_extra=--qos=general-compute

INFO:snakemake.logging:
Submitted job 39 with external jobid 'Submitted batch job 24690973'.
WARNING:snakemake.logging:Submitted job 39 with external jobid 'Submitted batch job 24690973'.

INFO:snakemake.logging:
[Mon May 25 15:46:21 2026]
INFO:snakemake.logging:[Mon May 25 15:46:21 2026]
rule index_bam:
    input: /vscratch/grp-songyao/pnfioric/pantry/intermediate/bam/RS-04367515.bam
    output: /vscratch/grp-songyao/pnfioric/pantry/intermediate/bam/RS-04367515.bam.bai
    jobid: 5946
    reason: Missing output files: /vscratch/grp-songyao/pnfioric/pantry/intermediate/bam/RS-04367515.bam.bai; Updated input files: /vscratch/grp-songyao/pnfioric/pantry/intermediate/bam/RS-04367515.bam
    wildcards: basename=/vscratch/grp-songyao/pnfioric/pantry/intermediate/bam/RS-04367515
    threads: 8
    resources: mem_mb=60000, disk_mb=6617, tmpdir=<TBD>, runtime=04:00:00, slurm_extra=--qos=general-compute
INFO:snakemake.logging:rule index_bam:
    input: /vscratch/grp-songyao/pnfioric/pantry/intermediate/bam/RS-04367515.bam
    output: /vscratch/grp-songyao/pnfioric/pantry/intermediate/bam/RS-04367515.bam.bai
    jobid: 5946
    reason: Missing output files: /vscratch/grp-songyao/pnfioric/pantry/intermediate/bam/RS-04367515.bam.bai; Updated input files: /vscratch/grp-songyao/pnfioric/pantry/intermediate/bam/RS-04367515.bam
    wildcards: basename=/vscratch/grp-songyao/pnfioric/pantry/intermediate/bam/RS-04367515
    threads: 8
    resources: mem_mb=60000, disk_mb=6617, tmpdir=<TBD>, runtime=04:00:00, slurm_extra=--qos=general-compute

INFO:snakemake.logging:
Submitted job 5946 with external jobid 'Submitted batch job 24690974'.
WARNING:snakemake.logging:Submitted job 5946 with external jobid 'Submitted batch job 24690974'.

INFO:snakemake.logging:
[Mon May 25 15:46:21 2026]
INFO:snakemake.logging:[Mon May 25 15:46:21 2026]
rule txrevise_construct_events:
    input: /vscratch/grp-songyao/pnfioric/pantry/intermediate/reference/txrevise/txrevise_annotations.rds
    output: /vscratch/grp-songyao/pnfioric/pantry/intermediate/reference/txrevise/batch/txrevise.grp_1.upstream.88_100.gff3, /vscratch/grp-songyao/pnfioric/pantry/intermediate/reference/txrevise/batch/txrevise.grp_2.upstream.88_100.gff3, /vscratch/grp-songyao/pnfioric/pantry/intermediate/reference/txrevise/batch/txrevise.grp_1.contained.88_100.gff3, /vscratch/grp-songyao/pnfioric/pantry/intermediate/reference/txrevise/batch/txrevise.grp_2.contained.88_100.gff3, /vscratch/grp-songyao/pnfioric/pantry/intermediate/reference/txrevise/batch/txrevise.grp_1.downstream.88_100.gff3, /vscratch/grp-songyao/pnfioric/pantry/intermediate/reference/txrevise/batch/txrevise.grp_2.downstream.88_100.gff3
    jobid: 96
    reason: Missing output files: /vscratch/grp-songyao/pnfioric/pantry/intermediate/reference/txrevise/batch/txrevise.grp_1.downstream.88_100.gff3, /vscratch/grp-songyao/pnfioric/pantry/intermediate/reference/txrevise/batch/txrevise.grp_1.upstream.88_100.gff3, /vscratch/grp-songyao/pnfioric/pantry/intermediate/reference/txrevise/batch/txrevise.grp_2.upstream.88_100.gff3, /vscratch/grp-songyao/pnfioric/pantry/intermediate/reference/txrevise/batch/txrevise.grp_2.downstream.88_100.gff3; Updated input files: /vscratch/grp-songyao/pnfioric/pantry/intermediate/reference/txrevise/txrevise_annotations.rds
    wildcards: batch=88, n_batches=100
    resources: mem_mb=32000, disk_mb=1000, tmpdir=<TBD>, runtime=960, slurm_extra=--qos=general-compute
INFO:snakemake.logging:rule txrevise_construct_events:
    input: /vscratch/grp-songyao/pnfioric/pantry/intermediate/reference/txrevise/txrevise_annotations.rds
    output: /vscratch/grp-songyao/pnfioric/pantry/intermediate/reference/txrevise/batch/txrevise.grp_1.upstream.88_100.gff3, /vscratch/grp-songyao/pnfioric/pantry/intermediate/reference/txrevise/batch/txrevise.grp_2.upstream.88_100.gff3, /vscratch/grp-songyao/pnfioric/pantry/intermediate/reference/txrevise/batch/txrevise.grp_1.contained.88_100.gff3, /vscratch/grp-songyao/pnfioric/pantry/intermediate/reference/txrevise/batch/txrevise.grp_2.contained.88_100.gff3, /vscratch/grp-songyao/pnfioric/pantry/intermediate/reference/txrevise/batch/txrevise.grp_1.downstream.88_100.gff3, /vscratch/grp-songyao/pnfioric/pantry/intermediate/reference/txrevise/batch/txrevise.grp_2.downstream.88_100.gff3
    jobid: 96
    reason: Missing output files: /vscratch/grp-songyao/pnfioric/pantry/intermediate/reference/txrevise/batch/txrevise.grp_1.downstream.88_100.gff3, /vscratch/grp-songyao/pnfioric/pantry/intermediate/reference/txrevise/batch/txrevise.grp_1.upstream.88_100.gff3, /vscratch/grp-songyao/pnfioric/pantry/intermediate/reference/txrevise/batch/txrevise.grp_2.upstream.88_100.gff3, /vscratch/grp-songyao/pnfioric/pantry/intermediate/reference/txrevise/batch/txrevise.grp_2.downstream.88_100.gff3; Updated input files: /vscratch/grp-songyao/pnfioric/pantry/intermediate/reference/txrevise/txrevise_annotations.rds
    wildcards: batch=88, n_batches=100
    resources: mem_mb=32000, disk_mb=1000, tmpdir=<TBD>, runtime=960, slurm_extra=--qos=general-compute

INFO:snakemake.logging:
Submitted job 96 with external jobid 'Submitted batch job 24690975'.
WARNING:snakemake.logging:Submitted job 96 with external jobid 'Submitted batch job 24690975'.

INFO:snakemake.logging:
[Mon May 25 15:46:22 2026]
INFO:snakemake.logging:[Mon May 25 15:46:22 2026]
rule index_bam:
    input: /vscratch/grp-songyao/pnfioric/pantry/intermediate/bam/RS-04396637.bam
    output: /vscratch/grp-songyao/pnfioric/pantry/intermediate/bam/RS-04396637.bam.bai
    jobid: 6786
    reason: Missing output files: /vscratch/grp-songyao/pnfioric/pantry/intermediate/bam/RS-04396637.bam.bai; Updated input files: /vscratch/grp-songyao/pnfioric/pantry/intermediate/bam/RS-04396637.bam
    wildcards: basename=/vscratch/grp-songyao/pnfioric/pantry/intermediate/bam/RS-04396637
    threads: 8
    resources: mem_mb=60000, disk_mb=1000, tmpdir=<TBD>, runtime=04:00:00, slurm_extra=--qos=general-compute
INFO:snakemake.logging:rule index_bam:
    input: /vscratch/grp-songyao/pnfioric/pantry/intermediate/bam/RS-04396637.bam
    output: /vscratch/grp-songyao/pnfioric/pantry/intermediate/bam/RS-04396637.bam.bai
    jobid: 6786
    reason: Missing output files: /vscratch/grp-songyao/pnfioric/pantry/intermediate/bam/RS-04396637.bam.bai; Updated input files: /vscratch/grp-songyao/pnfioric/pantry/intermediate/bam/RS-04396637.bam
    wildcards: basename=/vscratch/grp-songyao/pnfioric/pantry/intermediate/bam/RS-04396637
    threads: 8
    resources: mem_mb=60000, disk_mb=1000, tmpdir=<TBD>, runtime=04:00:00, slurm_extra=--qos=general-compute

INFO:snakemake.logging:
Submitted job 6786 with external jobid 'Submitted batch job 24690976'.
WARNING:snakemake.logging:Submitted job 6786 with external jobid 'Submitted batch job 24690976'.

INFO:snakemake.logging:
[Mon May 25 15:46:22 2026]
INFO:snakemake.logging:[Mon May 25 15:46:22 2026]
rule txrevise_construct_events:
    input: /vscratch/grp-songyao/pnfioric/pantry/intermediate/reference/txrevise/txrevise_annotations.rds
    output: /vscratch/grp-songyao/pnfioric/pantry/intermediate/reference/txrevise/batch/txrevise.grp_1.upstream.32_100.gff3, /vscratch/grp-songyao/pnfioric/pantry/intermediate/reference/txrevise/batch/txrevise.grp_2.upstream.32_100.gff3, /vscratch/grp-songyao/pnfioric/pantry/intermediate/reference/txrevise/batch/txrevise.grp_1.contained.32_100.gff3, /vscratch/grp-songyao/pnfioric/pantry/intermediate/reference/txrevise/batch/txrevise.grp_2.contained.32_100.gff3, /vscratch/grp-songyao/pnfioric/pantry/intermediate/reference/txrevise/batch/txrevise.grp_1.downstream.32_100.gff3, /vscratch/grp-songyao/pnfioric/pantry/intermediate/reference/txrevise/batch/txrevise.grp_2.downstream.32_100.gff3
    jobid: 40
    reason: Missing output files: /vscratch/grp-songyao/pnfioric/pantry/intermediate/reference/txrevise/batch/txrevise.grp_2.upstream.32_100.gff3, /vscratch/grp-songyao/pnfioric/pantry/intermediate/reference/txrevise/batch/txrevise.grp_2.downstream.32_100.gff3, /vscratch/grp-songyao/pnfioric/pantry/intermediate/reference/txrevise/batch/txrevise.grp_1.upstream.32_100.gff3, /vscratch/grp-songyao/pnfioric/pantry/intermediate/reference/txrevise/batch/txrevise.grp_1.downstream.32_100.gff3; Updated input files: /vscratch/grp-songyao/pnfioric/pantry/intermediate/reference/txrevise/txrevise_annotations.rds
    wildcards: batch=32, n_batches=100
    resources: mem_mb=32000, disk_mb=1000, tmpdir=<TBD>, runtime=960, slurm_extra=--qos=general-compute
INFO:snakemake.logging:rule txrevise_construct_events:
    input: /vscratch/grp-songyao/pnfioric/pantry/intermediate/reference/txrevise/txrevise_annotations.rds
    output: /vscratch/grp-songyao/pnfioric/pantry/intermediate/reference/txrevise/batch/txrevise.grp_1.upstream.32_100.gff3, /vscratch/grp-songyao/pnfioric/pantry/intermediate/reference/txrevise/batch/txrevise.grp_2.upstream.32_100.gff3, /vscratch/grp-songyao/pnfioric/pantry/intermediate/reference/txrevise/batch/txrevise.grp_1.contained.32_100.gff3, /vscratch/grp-songyao/pnfioric/pantry/intermediate/reference/txrevise/batch/txrevise.grp_2.contained.32_100.gff3, /vscratch/grp-songyao/pnfioric/pantry/intermediate/reference/txrevise/batch/txrevise.grp_1.downstream.32_100.gff3, /vscratch/grp-songyao/pnfioric/pantry/intermediate/reference/txrevise/batch/txrevise.grp_2.downstream.32_100.gff3
    jobid: 40
    reason: Missing output files: /vscratch/grp-songyao/pnfioric/pantry/intermediate/reference/txrevise/batch/txrevise.grp_2.upstream.32_100.gff3, /vscratch/grp-songyao/pnfioric/pantry/intermediate/reference/txrevise/batch/txrevise.grp_2.downstream.32_100.gff3, /vscratch/grp-songyao/pnfioric/pantry/intermediate/reference/txrevise/batch/txrevise.grp_1.upstream.32_100.gff3, /vscratch/grp-songyao/pnfioric/pantry/intermediate/reference/txrevise/batch/txrevise.grp_1.downstream.32_100.gff3; Updated input files: /vscratch/grp-songyao/pnfioric/pantry/intermediate/reference/txrevise/txrevise_annotations.rds
    wildcards: batch=32, n_batches=100
    resources: mem_mb=32000, disk_mb=1000, tmpdir=<TBD>, runtime=960, slurm_extra=--qos=general-compute

INFO:snakemake.logging:
Submitted job 40 with external jobid 'Submitted batch job 24690977'.
WARNING:snakemake.logging:Submitted job 40 with external jobid 'Submitted batch job 24690977'.

INFO:snakemake.logging:
[Mon May 25 15:46:22 2026]
INFO:snakemake.logging:[Mon May 25 15:46:22 2026]
rule run_featureCounts:
    input: /vscratch/grp-songyao/pnfioric/pantry/intermediate/bam/RS-04367484.bam, /vscratch/grp-songyao/pnfioric/pantry/intermediate/reference/constit_exons.gtf
    output: /vscratch/grp-songyao/pnfioric/pantry/intermediate/stability/RS-04367484.constit_exons.counts.txt
    jobid: 8257
    reason: Missing output files: /vscratch/grp-songyao/pnfioric/pantry/intermediate/stability/RS-04367484.constit_exons.counts.txt; Updated input files: /vscratch/grp-songyao/pnfioric/pantry/intermediate/bam/RS-04367484.bam, /vscratch/grp-songyao/pnfioric/pantry/intermediate/reference/constit_exons.gtf
    wildcards: sample_id=RS-04367484, feature_type=constit_exons
    threads: 8
    resources: mem_mb=60000, disk_mb=7729, tmpdir=<TBD>, runtime=04:00:00, slurm_extra=--qos=general-compute
INFO:snakemake.logging:rule run_featureCounts:
    input: /vscratch/grp-songyao/pnfioric/pantry/intermediate/bam/RS-04367484.bam, /vscratch/grp-songyao/pnfioric/pantry/intermediate/reference/constit_exons.gtf
    output: /vscratch/grp-songyao/pnfioric/pantry/intermediate/stability/RS-04367484.constit_exons.counts.txt
    jobid: 8257
    reason: Missing output files: /vscratch/grp-songyao/pnfioric/pantry/intermediate/stability/RS-04367484.constit_exons.counts.txt; Updated input files: /vscratch/grp-songyao/pnfioric/pantry/intermediate/bam/RS-04367484.bam, /vscratch/grp-songyao/pnfioric/pantry/intermediate/reference/constit_exons.gtf
    wildcards: sample_id=RS-04367484, feature_type=constit_exons
    threads: 8
    resources: mem_mb=60000, disk_mb=7729, tmpdir=<TBD>, runtime=04:00:00, slurm_extra=--qos=general-compute

INFO:snakemake.logging:
Submitted job 8257 with external jobid 'Submitted batch job 24690978'.
WARNING:snakemake.logging:Submitted job 8257 with external jobid 'Submitted batch job 24690978'.

INFO:snakemake.logging:
[Mon May 25 15:46:22 2026]
INFO:snakemake.logging:[Mon May 25 15:46:22 2026]
rule txrevise_construct_events:
    input: /vscratch/grp-songyao/pnfioric/pantry/intermediate/reference/txrevise/txrevise_annotations.rds
    output: /vscratch/grp-songyao/pnfioric/pantry/intermediate/reference/txrevise/batch/txrevise.grp_1.upstream.89_100.gff3, /vscratch/grp-songyao/pnfioric/pantry/intermediate/reference/txrevise/batch/txrevise.grp_2.upstream.89_100.gff3, /vscratch/grp-songyao/pnfioric/pantry/intermediate/reference/txrevise/batch/txrevise.grp_1.contained.89_100.gff3, /vscratch/grp-songyao/pnfioric/pantry/intermediate/reference/txrevise/batch/txrevise.grp_2.contained.89_100.gff3, /vscratch/grp-songyao/pnfioric/pantry/intermediate/reference/txrevise/batch/txrevise.grp_1.downstream.89_100.gff3, /vscratch/grp-songyao/pnfioric/pantry/intermediate/reference/txrevise/batch/txrevise.grp_2.downstream.89_100.gff3
    jobid: 97
    reason: Missing output files: /vscratch/grp-songyao/pnfioric/pantry/intermediate/reference/txrevise/batch/txrevise.grp_2.upstream.89_100.gff3, /vscratch/grp-songyao/pnfioric/pantry/intermediate/reference/txrevise/batch/txrevise.grp_1.upstream.89_100.gff3, /vscratch/grp-songyao/pnfioric/pantry/intermediate/reference/txrevise/batch/txrevise.grp_2.downstream.89_100.gff3, /vscratch/grp-songyao/pnfioric/pantry/intermediate/reference/txrevise/batch/txrevise.grp_1.downstream.89_100.gff3; Updated input files: /vscratch/grp-songyao/pnfioric/pantry/intermediate/reference/txrevise/txrevise_annotations.rds
    wildcards: batch=89, n_batches=100
    resources: mem_mb=32000, disk_mb=1000, tmpdir=<TBD>, runtime=960, slurm_extra=--qos=general-compute
INFO:snakemake.logging:rule txrevise_construct_events:
    input: /vscratch/grp-songyao/pnfioric/pantry/intermediate/reference/txrevise/txrevise_annotations.rds
    output: /vscratch/grp-songyao/pnfioric/pantry/intermediate/reference/txrevise/batch/txrevise.grp_1.upstream.89_100.gff3, /vscratch/grp-songyao/pnfioric/pantry/intermediate/reference/txrevise/batch/txrevise.grp_2.upstream.89_100.gff3, /vscratch/grp-songyao/pnfioric/pantry/intermediate/reference/txrevise/batch/txrevise.grp_1.contained.89_100.gff3, /vscratch/grp-songyao/pnfioric/pantry/intermediate/reference/txrevise/batch/txrevise.grp_2.contained.89_100.gff3, /vscratch/grp-songyao/pnfioric/pantry/intermediate/reference/txrevise/batch/txrevise.grp_1.downstream.89_100.gff3, /vscratch/grp-songyao/pnfioric/pantry/intermediate/reference/txrevise/batch/txrevise.grp_2.downstream.89_100.gff3
    jobid: 97
    reason: Missing output files: /vscratch/grp-songyao/pnfioric/pantry/intermediate/reference/txrevise/batch/txrevise.grp_2.upstream.89_100.gff3, /vscratch/grp-songyao/pnfioric/pantry/intermediate/reference/txrevise/batch/txrevise.grp_1.upstream.89_100.gff3, /vscratch/grp-songyao/pnfioric/pantry/intermediate/reference/txrevise/batch/txrevise.grp_2.downstream.89_100.gff3, /vscratch/grp-songyao/pnfioric/pantry/intermediate/reference/txrevise/batch/txrevise.grp_1.downstream.89_100.gff3; Updated input files: /vscratch/grp-songyao/pnfioric/pantry/intermediate/reference/txrevise/txrevise_annotations.rds
    wildcards: batch=89, n_batches=100
    resources: mem_mb=32000, disk_mb=1000, tmpdir=<TBD>, runtime=960, slurm_extra=--qos=general-compute

INFO:snakemake.logging:
Submitted job 97 with external jobid 'Submitted batch job 24690979'.
WARNING:snakemake.logging:Submitted job 97 with external jobid 'Submitted batch job 24690979'.

INFO:snakemake.logging:
[Mon May 25 15:46:22 2026]
INFO:snakemake.logging:[Mon May 25 15:46:22 2026]
rule run_featureCounts:
    input: /vscratch/grp-songyao/pnfioric/pantry/intermediate/bam/RS-04396767.bam, /vscratch/grp-songyao/pnfioric/pantry/intermediate/reference/introns.gtf
    output: /vscratch/grp-songyao/pnfioric/pantry/intermediate/stability/RS-04396767.introns.counts.txt
    jobid: 9461
    reason: Missing output files: /vscratch/grp-songyao/pnfioric/pantry/intermediate/stability/RS-04396767.introns.counts.txt; Updated input files: /vscratch/grp-songyao/pnfioric/pantry/intermediate/reference/introns.gtf, /vscratch/grp-songyao/pnfioric/pantry/intermediate/bam/RS-04396767.bam
    wildcards: sample_id=RS-04396767, feature_type=introns
    threads: 8
    resources: mem_mb=60000, disk_mb=1003, tmpdir=<TBD>, runtime=04:00:00, slurm_extra=--qos=general-compute
INFO:snakemake.logging:rule run_featureCounts:
    input: /vscratch/grp-songyao/pnfioric/pantry/intermediate/bam/RS-04396767.bam, /vscratch/grp-songyao/pnfioric/pantry/intermediate/reference/introns.gtf
    output: /vscratch/grp-songyao/pnfioric/pantry/intermediate/stability/RS-04396767.introns.counts.txt
    jobid: 9461
    reason: Missing output files: /vscratch/grp-songyao/pnfioric/pantry/intermediate/stability/RS-04396767.introns.counts.txt; Updated input files: /vscratch/grp-songyao/pnfioric/pantry/intermediate/reference/introns.gtf, /vscratch/grp-songyao/pnfioric/pantry/intermediate/bam/RS-04396767.bam
    wildcards: sample_id=RS-04396767, feature_type=introns
    threads: 8
    resources: mem_mb=60000, disk_mb=1003, tmpdir=<TBD>, runtime=04:00:00, slurm_extra=--qos=general-compute

INFO:snakemake.logging:
Submitted job 9461 with external jobid 'Submitted batch job 24690980'.
WARNING:snakemake.logging:Submitted job 9461 with external jobid 'Submitted batch job 24690980'.

INFO:snakemake.logging:
[Mon May 25 15:46:22 2026]
INFO:snakemake.logging:[Mon May 25 15:46:22 2026]
rule run_featureCounts:
    input: /vscratch/grp-songyao/pnfioric/pantry/intermediate/bam/RS-04240729.bam, /vscratch/grp-songyao/pnfioric/pantry/intermediate/reference/introns.gtf
    output: /vscratch/grp-songyao/pnfioric/pantry/intermediate/stability/RS-04240729.introns.counts.txt
    jobid: 8957
    reason: Missing output files: /vscratch/grp-songyao/pnfioric/pantry/intermediate/stability/RS-04240729.introns.counts.txt; Updated input files: /vscratch/grp-songyao/pnfioric/pantry/intermediate/bam/RS-04240729.bam, /vscratch/grp-songyao/pnfioric/pantry/intermediate/reference/introns.gtf
    wildcards: sample_id=RS-04240729, feature_type=introns
    threads: 8
    resources: mem_mb=60000, disk_mb=2500, tmpdir=<TBD>, runtime=04:00:00, slurm_extra=--qos=general-compute
INFO:snakemake.logging:rule run_featureCounts:
    input: /vscratch/grp-songyao/pnfioric/pantry/intermediate/bam/RS-04240729.bam, /vscratch/grp-songyao/pnfioric/pantry/intermediate/reference/introns.gtf
    output: /vscratch/grp-songyao/pnfioric/pantry/intermediate/stability/RS-04240729.introns.counts.txt
    jobid: 8957
    reason: Missing output files: /vscratch/grp-songyao/pnfioric/pantry/intermediate/stability/RS-04240729.introns.counts.txt; Updated input files: /vscratch/grp-songyao/pnfioric/pantry/intermediate/bam/RS-04240729.bam, /vscratch/grp-songyao/pnfioric/pantry/intermediate/reference/introns.gtf
    wildcards: sample_id=RS-04240729, feature_type=introns
    threads: 8
    resources: mem_mb=60000, disk_mb=2500, tmpdir=<TBD>, runtime=04:00:00, slurm_extra=--qos=general-compute

INFO:snakemake.logging:
Submitted job 8957 with external jobid 'Submitted batch job 24690981'.
WARNING:snakemake.logging:Submitted job 8957 with external jobid 'Submitted batch job 24690981'.

INFO:snakemake.logging:
[Mon May 25 15:46:22 2026]
INFO:snakemake.logging:[Mon May 25 15:46:22 2026]
rule txrevise_construct_events:
    input: /vscratch/grp-songyao/pnfioric/pantry/intermediate/reference/txrevise/txrevise_annotations.rds
    output: /vscratch/grp-songyao/pnfioric/pantry/intermediate/reference/txrevise/batch/txrevise.grp_1.upstream.33_100.gff3, /vscratch/grp-songyao/pnfioric/pantry/intermediate/reference/txrevise/batch/txrevise.grp_2.upstream.33_100.gff3, /vscratch/grp-songyao/pnfioric/pantry/intermediate/reference/txrevise/batch/txrevise.grp_1.contained.33_100.gff3, /vscratch/grp-songyao/pnfioric/pantry/intermediate/reference/txrevise/batch/txrevise.grp_2.contained.33_100.gff3, /vscratch/grp-songyao/pnfioric/pantry/intermediate/reference/txrevise/batch/txrevise.grp_1.downstream.33_100.gff3, /vscratch/grp-songyao/pnfioric/pantry/intermediate/reference/txrevise/batch/txrevise.grp_2.downstream.33_100.gff3
    jobid: 41
    reason: Missing output files: /vscratch/grp-songyao/pnfioric/pantry/intermediate/reference/txrevise/batch/txrevise.grp_1.upstream.33_100.gff3, /vscratch/grp-songyao/pnfioric/pantry/intermediate/reference/txrevise/batch/txrevise.grp_2.downstream.33_100.gff3, /vscratch/grp-songyao/pnfioric/pantry/intermediate/reference/txrevise/batch/txrevise.grp_2.upstream.33_100.gff3, /vscratch/grp-songyao/pnfioric/pantry/intermediate/reference/txrevise/batch/txrevise.grp_1.downstream.33_100.gff3; Updated input files: /vscratch/grp-songyao/pnfioric/pantry/intermediate/reference/txrevise/txrevise_annotations.rds
    wildcards: batch=33, n_batches=100
    resources: mem_mb=32000, disk_mb=1000, tmpdir=<TBD>, runtime=960, slurm_extra=--qos=general-compute
INFO:snakemake.logging:rule txrevise_construct_events:
    input: /vscratch/grp-songyao/pnfioric/pantry/intermediate/reference/txrevise/txrevise_annotations.rds
    output: /vscratch/grp-songyao/pnfioric/pantry/intermediate/reference/txrevise/batch/txrevise.grp_1.upstream.33_100.gff3, /vscratch/grp-songyao/pnfioric/pantry/intermediate/reference/txrevise/batch/txrevise.grp_2.upstream.33_100.gff3, /vscratch/grp-songyao/pnfioric/pantry/intermediate/reference/txrevise/batch/txrevise.grp_1.contained.33_100.gff3, /vscratch/grp-songyao/pnfioric/pantry/intermediate/reference/txrevise/batch/txrevise.grp_2.contained.33_100.gff3, /vscratch/grp-songyao/pnfioric/pantry/intermediate/reference/txrevise/batch/txrevise.grp_1.downstream.33_100.gff3, /vscratch/grp-songyao/pnfioric/pantry/intermediate/reference/txrevise/batch/txrevise.grp_2.downstream.33_100.gff3
    jobid: 41
    reason: Missing output files: /vscratch/grp-songyao/pnfioric/pantry/intermediate/reference/txrevise/batch/txrevise.grp_1.upstream.33_100.gff3, /vscratch/grp-songyao/pnfioric/pantry/intermediate/reference/txrevise/batch/txrevise.grp_2.downstream.33_100.gff3, /vscratch/grp-songyao/pnfioric/pantry/intermediate/reference/txrevise/batch/txrevise.grp_2.upstream.33_100.gff3, /vscratch/grp-songyao/pnfioric/pantry/intermediate/reference/txrevise/batch/txrevise.grp_1.downstream.33_100.gff3; Updated input files: /vscratch/grp-songyao/pnfioric/pantry/intermediate/reference/txrevise/txrevise_annotations.rds
    wildcards: batch=33, n_batches=100
    resources: mem_mb=32000, disk_mb=1000, tmpdir=<TBD>, runtime=960, slurm_extra=--qos=general-compute

INFO:snakemake.logging:
Submitted job 41 with external jobid 'Submitted batch job 24690982'.
WARNING:snakemake.logging:Submitted job 41 with external jobid 'Submitted batch job 24690982'.

INFO:snakemake.logging:
[Mon May 25 15:46:22 2026]
INFO:snakemake.logging:[Mon May 25 15:46:22 2026]
rule run_featureCounts:
    input: /vscratch/grp-songyao/pnfioric/pantry/intermediate/bam/RS-04050572.bam, /vscratch/grp-songyao/pnfioric/pantry/intermediate/reference/constit_exons.gtf
    output: /vscratch/grp-songyao/pnfioric/pantry/intermediate/stability/RS-04050572.constit_exons.counts.txt
    jobid: 8020
    reason: Missing output files: /vscratch/grp-songyao/pnfioric/pantry/intermediate/stability/RS-04050572.constit_exons.counts.txt; Updated input files: /vscratch/grp-songyao/pnfioric/pantry/intermediate/bam/RS-04050572.bam, /vscratch/grp-songyao/pnfioric/pantry/intermediate/reference/constit_exons.gtf
    wildcards: sample_id=RS-04050572, feature_type=constit_exons
    threads: 8
    resources: mem_mb=60000, disk_mb=1571, tmpdir=<TBD>, runtime=04:00:00, slurm_extra=--qos=general-compute
INFO:snakemake.logging:rule run_featureCounts:
    input: /vscratch/grp-songyao/pnfioric/pantry/intermediate/bam/RS-04050572.bam, /vscratch/grp-songyao/pnfioric/pantry/intermediate/reference/constit_exons.gtf
    output: /vscratch/grp-songyao/pnfioric/pantry/intermediate/stability/RS-04050572.constit_exons.counts.txt
    jobid: 8020
    reason: Missing output files: /vscratch/grp-songyao/pnfioric/pantry/intermediate/stability/RS-04050572.constit_exons.counts.txt; Updated input files: /vscratch/grp-songyao/pnfioric/pantry/intermediate/bam/RS-04050572.bam, /vscratch/grp-songyao/pnfioric/pantry/intermediate/reference/constit_exons.gtf
    wildcards: sample_id=RS-04050572, feature_type=constit_exons
    threads: 8
    resources: mem_mb=60000, disk_mb=1571, tmpdir=<TBD>, runtime=04:00:00, slurm_extra=--qos=general-compute

INFO:snakemake.logging:
Submitted job 8020 with external jobid 'Submitted batch job 24690983'.
WARNING:snakemake.logging:Submitted job 8020 with external jobid 'Submitted batch job 24690983'.

INFO:snakemake.logging:
[Mon May 25 15:46:22 2026]
INFO:snakemake.logging:[Mon May 25 15:46:22 2026]
rule txrevise_construct_events:
    input: /vscratch/grp-songyao/pnfioric/pantry/intermediate/reference/txrevise/txrevise_annotations.rds
    output: /vscratch/grp-songyao/pnfioric/pantry/intermediate/reference/txrevise/batch/txrevise.grp_1.upstream.90_100.gff3, /vscratch/grp-songyao/pnfioric/pantry/intermediate/reference/txrevise/batch/txrevise.grp_2.upstream.90_100.gff3, /vscratch/grp-songyao/pnfioric/pantry/intermediate/reference/txrevise/batch/txrevise.grp_1.contained.90_100.gff3, /vscratch/grp-songyao/pnfioric/pantry/intermediate/reference/txrevise/batch/txrevise.grp_2.contained.90_100.gff3, /vscratch/grp-songyao/pnfioric/pantry/intermediate/reference/txrevise/batch/txrevise.grp_1.downstream.90_100.gff3, /vscratch/grp-songyao/pnfioric/pantry/intermediate/reference/txrevise/batch/txrevise.grp_2.downstream.90_100.gff3
    jobid: 98
    reason: Missing output files: /vscratch/grp-songyao/pnfioric/pantry/intermediate/reference/txrevise/batch/txrevise.grp_1.upstream.90_100.gff3, /vscratch/grp-songyao/pnfioric/pantry/intermediate/reference/txrevise/batch/txrevise.grp_2.downstream.90_100.gff3, /vscratch/grp-songyao/pnfioric/pantry/intermediate/reference/txrevise/batch/txrevise.grp_2.upstream.90_100.gff3, /vscratch/grp-songyao/pnfioric/pantry/intermediate/reference/txrevise/batch/txrevise.grp_1.downstream.90_100.gff3; Updated input files: /vscratch/grp-songyao/pnfioric/pantry/intermediate/reference/txrevise/txrevise_annotations.rds
    wildcards: batch=90, n_batches=100
    resources: mem_mb=32000, disk_mb=1000, tmpdir=<TBD>, runtime=960, slurm_extra=--qos=general-compute
INFO:snakemake.logging:rule txrevise_construct_events:
    input: /vscratch/grp-songyao/pnfioric/pantry/intermediate/reference/txrevise/txrevise_annotations.rds
    output: /vscratch/grp-songyao/pnfioric/pantry/intermediate/reference/txrevise/batch/txrevise.grp_1.upstream.90_100.gff3, /vscratch/grp-songyao/pnfioric/pantry/intermediate/reference/txrevise/batch/txrevise.grp_2.upstream.90_100.gff3, /vscratch/grp-songyao/pnfioric/pantry/intermediate/reference/txrevise/batch/txrevise.grp_1.contained.90_100.gff3, /vscratch/grp-songyao/pnfioric/pantry/intermediate/reference/txrevise/batch/txrevise.grp_2.contained.90_100.gff3, /vscratch/grp-songyao/pnfioric/pantry/intermediate/reference/txrevise/batch/txrevise.grp_1.downstream.90_100.gff3, /vscratch/grp-songyao/pnfioric/pantry/intermediate/reference/txrevise/batch/txrevise.grp_2.downstream.90_100.gff3
    jobid: 98
    reason: Missing output files: /vscratch/grp-songyao/pnfioric/pantry/intermediate/reference/txrevise/batch/txrevise.grp_1.upstream.90_100.gff3, /vscratch/grp-songyao/pnfioric/pantry/intermediate/reference/txrevise/batch/txrevise.grp_2.downstream.90_100.gff3, /vscratch/grp-songyao/pnfioric/pantry/intermediate/reference/txrevise/batch/txrevise.grp_2.upstream.90_100.gff3, /vscratch/grp-songyao/pnfioric/pantry/intermediate/reference/txrevise/batch/txrevise.grp_1.downstream.90_100.gff3; Updated input files: /vscratch/grp-songyao/pnfioric/pantry/intermediate/reference/txrevise/txrevise_annotations.rds
    wildcards: batch=90, n_batches=100
    resources: mem_mb=32000, disk_mb=1000, tmpdir=<TBD>, runtime=960, slurm_extra=--qos=general-compute

INFO:snakemake.logging:
Submitted job 98 with external jobid 'Submitted batch job 24690984'.
WARNING:snakemake.logging:Submitted job 98 with external jobid 'Submitted batch job 24690984'.

INFO:snakemake.logging:
[Mon May 25 15:46:22 2026]
INFO:snakemake.logging:[Mon May 25 15:46:22 2026]
rule txrevise_construct_events:
    input: /vscratch/grp-songyao/pnfioric/pantry/intermediate/reference/txrevise/txrevise_annotations.rds
    output: /vscratch/grp-songyao/pnfioric/pantry/intermediate/reference/txrevise/batch/txrevise.grp_1.upstream.34_100.gff3, /vscratch/grp-songyao/pnfioric/pantry/intermediate/reference/txrevise/batch/txrevise.grp_2.upstream.34_100.gff3, /vscratch/grp-songyao/pnfioric/pantry/intermediate/reference/txrevise/batch/txrevise.grp_1.contained.34_100.gff3, /vscratch/grp-songyao/pnfioric/pantry/intermediate/reference/txrevise/batch/txrevise.grp_2.contained.34_100.gff3, /vscratch/grp-songyao/pnfioric/pantry/intermediate/reference/txrevise/batch/txrevise.grp_1.downstream.34_100.gff3, /vscratch/grp-songyao/pnfioric/pantry/intermediate/reference/txrevise/batch/txrevise.grp_2.downstream.34_100.gff3
    jobid: 42
    reason: Missing output files: /vscratch/grp-songyao/pnfioric/pantry/intermediate/reference/txrevise/batch/txrevise.grp_1.upstream.34_100.gff3, /vscratch/grp-songyao/pnfioric/pantry/intermediate/reference/txrevise/batch/txrevise.grp_2.upstream.34_100.gff3, /vscratch/grp-songyao/pnfioric/pantry/intermediate/reference/txrevise/batch/txrevise.grp_2.downstream.34_100.gff3, /vscratch/grp-songyao/pnfioric/pantry/intermediate/reference/txrevise/batch/txrevise.grp_1.downstream.34_100.gff3; Updated input files: /vscratch/grp-songyao/pnfioric/pantry/intermediate/reference/txrevise/txrevise_annotations.rds
    wildcards: batch=34, n_batches=100
    resources: mem_mb=32000, disk_mb=1000, tmpdir=<TBD>, runtime=960, slurm_extra=--qos=general-compute
INFO:snakemake.logging:rule txrevise_construct_events:
    input: /vscratch/grp-songyao/pnfioric/pantry/intermediate/reference/txrevise/txrevise_annotations.rds
    output: /vscratch/grp-songyao/pnfioric/pantry/intermediate/reference/txrevise/batch/txrevise.grp_1.upstream.34_100.gff3, /vscratch/grp-songyao/pnfioric/pantry/intermediate/reference/txrevise/batch/txrevise.grp_2.upstream.34_100.gff3, /vscratch/grp-songyao/pnfioric/pantry/intermediate/reference/txrevise/batch/txrevise.grp_1.contained.34_100.gff3, /vscratch/grp-songyao/pnfioric/pantry/intermediate/reference/txrevise/batch/txrevise.grp_2.contained.34_100.gff3, /vscratch/grp-songyao/pnfioric/pantry/intermediate/reference/txrevise/batch/txrevise.grp_1.downstream.34_100.gff3, /vscratch/grp-songyao/pnfioric/pantry/intermediate/reference/txrevise/batch/txrevise.grp_2.downstream.34_100.gff3
    jobid: 42
    reason: Missing output files: /vscratch/grp-songyao/pnfioric/pantry/intermediate/reference/txrevise/batch/txrevise.grp_1.upstream.34_100.gff3, /vscratch/grp-songyao/pnfioric/pantry/intermediate/reference/txrevise/batch/txrevise.grp_2.upstream.34_100.gff3, /vscratch/grp-songyao/pnfioric/pantry/intermediate/reference/txrevise/batch/txrevise.grp_2.downstream.34_100.gff3, /vscratch/grp-songyao/pnfioric/pantry/intermediate/reference/txrevise/batch/txrevise.grp_1.downstream.34_100.gff3; Updated input files: /vscratch/grp-songyao/pnfioric/pantry/intermediate/reference/txrevise/txrevise_annotations.rds
    wildcards: batch=34, n_batches=100
    resources: mem_mb=32000, disk_mb=1000, tmpdir=<TBD>, runtime=960, slurm_extra=--qos=general-compute

INFO:snakemake.logging:
Submitted job 42 with external jobid 'Submitted batch job 24690985'.
WARNING:snakemake.logging:Submitted job 42 with external jobid 'Submitted batch job 24690985'.

INFO:snakemake.logging:
[Mon May 25 15:46:22 2026]
INFO:snakemake.logging:[Mon May 25 15:46:22 2026]
rule txrevise_construct_events:
    input: /vscratch/grp-songyao/pnfioric/pantry/intermediate/reference/txrevise/txrevise_annotations.rds
    output: /vscratch/grp-songyao/pnfioric/pantry/intermediate/reference/txrevise/batch/txrevise.grp_1.upstream.91_100.gff3, /vscratch/grp-songyao/pnfioric/pantry/intermediate/reference/txrevise/batch/txrevise.grp_2.upstream.91_100.gff3, /vscratch/grp-songyao/pnfioric/pantry/intermediate/reference/txrevise/batch/txrevise.grp_1.contained.91_100.gff3, /vscratch/grp-songyao/pnfioric/pantry/intermediate/reference/txrevise/batch/txrevise.grp_2.contained.91_100.gff3, /vscratch/grp-songyao/pnfioric/pantry/intermediate/reference/txrevise/batch/txrevise.grp_1.downstream.91_100.gff3, /vscratch/grp-songyao/pnfioric/pantry/intermediate/reference/txrevise/batch/txrevise.grp_2.downstream.91_100.gff3
    jobid: 99
    reason: Missing output files: /vscratch/grp-songyao/pnfioric/pantry/intermediate/reference/txrevise/batch/txrevise.grp_1.downstream.91_100.gff3, /vscratch/grp-songyao/pnfioric/pantry/intermediate/reference/txrevise/batch/txrevise.grp_1.upstream.91_100.gff3, /vscratch/grp-songyao/pnfioric/pantry/intermediate/reference/txrevise/batch/txrevise.grp_2.upstream.91_100.gff3, /vscratch/grp-songyao/pnfioric/pantry/intermediate/reference/txrevise/batch/txrevise.grp_2.downstream.91_100.gff3; Updated input files: /vscratch/grp-songyao/pnfioric/pantry/intermediate/reference/txrevise/txrevise_annotations.rds
    wildcards: batch=91, n_batches=100
    resources: mem_mb=32000, disk_mb=1000, tmpdir=<TBD>, runtime=960, slurm_extra=--qos=general-compute
INFO:snakemake.logging:rule txrevise_construct_events:
    input: /vscratch/grp-songyao/pnfioric/pantry/intermediate/reference/txrevise/txrevise_annotations.rds
    output: /vscratch/grp-songyao/pnfioric/pantry/intermediate/reference/txrevise/batch/txrevise.grp_1.upstream.91_100.gff3, /vscratch/grp-songyao/pnfioric/pantry/intermediate/reference/txrevise/batch/txrevise.grp_2.upstream.91_100.gff3, /vscratch/grp-songyao/pnfioric/pantry/intermediate/reference/txrevise/batch/txrevise.grp_1.contained.91_100.gff3, /vscratch/grp-songyao/pnfioric/pantry/intermediate/reference/txrevise/batch/txrevise.grp_2.contained.91_100.gff3, /vscratch/grp-songyao/pnfioric/pantry/intermediate/reference/txrevise/batch/txrevise.grp_1.downstream.91_100.gff3, /vscratch/grp-songyao/pnfioric/pantry/intermediate/reference/txrevise/batch/txrevise.grp_2.downstream.91_100.gff3
    jobid: 99
    reason: Missing output files: /vscratch/grp-songyao/pnfioric/pantry/intermediate/reference/txrevise/batch/txrevise.grp_1.downstream.91_100.gff3, /vscratch/grp-songyao/pnfioric/pantry/intermediate/reference/txrevise/batch/txrevise.grp_1.upstream.91_100.gff3, /vscratch/grp-songyao/pnfioric/pantry/intermediate/reference/txrevise/batch/txrevise.grp_2.upstream.91_100.gff3, /vscratch/grp-songyao/pnfioric/pantry/intermediate/reference/txrevise/batch/txrevise.grp_2.downstream.91_100.gff3; Updated input files: /vscratch/grp-songyao/pnfioric/pantry/intermediate/reference/txrevise/txrevise_annotations.rds
    wildcards: batch=91, n_batches=100
    resources: mem_mb=32000, disk_mb=1000, tmpdir=<TBD>, runtime=960, slurm_extra=--qos=general-compute

INFO:snakemake.logging:
Submitted job 99 with external jobid 'Submitted batch job 24690986'.
WARNING:snakemake.logging:Submitted job 99 with external jobid 'Submitted batch job 24690986'.

INFO:snakemake.logging:
[Mon May 25 15:46:22 2026]
INFO:snakemake.logging:[Mon May 25 15:46:22 2026]
rule run_featureCounts:
    input: /vscratch/grp-songyao/pnfioric/pantry/intermediate/bam/RS-04218233.bam, /vscratch/grp-songyao/pnfioric/pantry/intermediate/reference/introns.gtf
    output: /vscratch/grp-songyao/pnfioric/pantry/intermediate/stability/RS-04218233.introns.counts.txt
    jobid: 8945
    reason: Missing output files: /vscratch/grp-songyao/pnfioric/pantry/intermediate/stability/RS-04218233.introns.counts.txt; Updated input files: /vscratch/grp-songyao/pnfioric/pantry/intermediate/bam/RS-04218233.bam, /vscratch/grp-songyao/pnfioric/pantry/intermediate/reference/introns.gtf
    wildcards: sample_id=RS-04218233, feature_type=introns
    threads: 8
    resources: mem_mb=60000, disk_mb=1092, tmpdir=<TBD>, runtime=04:00:00, slurm_extra=--qos=general-compute
INFO:snakemake.logging:rule run_featureCounts:
    input: /vscratch/grp-songyao/pnfioric/pantry/intermediate/bam/RS-04218233.bam, /vscratch/grp-songyao/pnfioric/pantry/intermediate/reference/introns.gtf
    output: /vscratch/grp-songyao/pnfioric/pantry/intermediate/stability/RS-04218233.introns.counts.txt
    jobid: 8945
    reason: Missing output files: /vscratch/grp-songyao/pnfioric/pantry/intermediate/stability/RS-04218233.introns.counts.txt; Updated input files: /vscratch/grp-songyao/pnfioric/pantry/intermediate/bam/RS-04218233.bam, /vscratch/grp-songyao/pnfioric/pantry/intermediate/reference/introns.gtf
    wildcards: sample_id=RS-04218233, feature_type=introns
    threads: 8
    resources: mem_mb=60000, disk_mb=1092, tmpdir=<TBD>, runtime=04:00:00, slurm_extra=--qos=general-compute

INFO:snakemake.logging:
Submitted job 8945 with external jobid 'Submitted batch job 24690987'.
WARNING:snakemake.logging:Submitted job 8945 with external jobid 'Submitted batch job 24690987'.

INFO:snakemake.logging:
[Mon May 25 15:46:23 2026]
INFO:snakemake.logging:[Mon May 25 15:46:23 2026]
rule txrevise_construct_events:
    input: /vscratch/grp-songyao/pnfioric/pantry/intermediate/reference/txrevise/txrevise_annotations.rds
    output: /vscratch/grp-songyao/pnfioric/pantry/intermediate/reference/txrevise/batch/txrevise.grp_1.upstream.35_100.gff3, /vscratch/grp-songyao/pnfioric/pantry/intermediate/reference/txrevise/batch/txrevise.grp_2.upstream.35_100.gff3, /vscratch/grp-songyao/pnfioric/pantry/intermediate/reference/txrevise/batch/txrevise.grp_1.contained.35_100.gff3, /vscratch/grp-songyao/pnfioric/pantry/intermediate/reference/txrevise/batch/txrevise.grp_2.contained.35_100.gff3, /vscratch/grp-songyao/pnfioric/pantry/intermediate/reference/txrevise/batch/txrevise.grp_1.downstream.35_100.gff3, /vscratch/grp-songyao/pnfioric/pantry/intermediate/reference/txrevise/batch/txrevise.grp_2.downstream.35_100.gff3
    jobid: 43
    reason: Missing output files: /vscratch/grp-songyao/pnfioric/pantry/intermediate/reference/txrevise/batch/txrevise.grp_1.downstream.35_100.gff3, /vscratch/grp-songyao/pnfioric/pantry/intermediate/reference/txrevise/batch/txrevise.grp_1.upstream.35_100.gff3, /vscratch/grp-songyao/pnfioric/pantry/intermediate/reference/txrevise/batch/txrevise.grp_2.upstream.35_100.gff3, /vscratch/grp-songyao/pnfioric/pantry/intermediate/reference/txrevise/batch/txrevise.grp_2.downstream.35_100.gff3; Updated input files: /vscratch/grp-songyao/pnfioric/pantry/intermediate/reference/txrevise/txrevise_annotations.rds
    wildcards: batch=35, n_batches=100
    resources: mem_mb=32000, disk_mb=1000, tmpdir=<TBD>, runtime=960, slurm_extra=--qos=general-compute
INFO:snakemake.logging:rule txrevise_construct_events:
    input: /vscratch/grp-songyao/pnfioric/pantry/intermediate/reference/txrevise/txrevise_annotations.rds
    output: /vscratch/grp-songyao/pnfioric/pantry/intermediate/reference/txrevise/batch/txrevise.grp_1.upstream.35_100.gff3, /vscratch/grp-songyao/pnfioric/pantry/intermediate/reference/txrevise/batch/txrevise.grp_2.upstream.35_100.gff3, /vscratch/grp-songyao/pnfioric/pantry/intermediate/reference/txrevise/batch/txrevise.grp_1.contained.35_100.gff3, /vscratch/grp-songyao/pnfioric/pantry/intermediate/reference/txrevise/batch/txrevise.grp_2.contained.35_100.gff3, /vscratch/grp-songyao/pnfioric/pantry/intermediate/reference/txrevise/batch/txrevise.grp_1.downstream.35_100.gff3, /vscratch/grp-songyao/pnfioric/pantry/intermediate/reference/txrevise/batch/txrevise.grp_2.downstream.35_100.gff3
    jobid: 43
    reason: Missing output files: /vscratch/grp-songyao/pnfioric/pantry/intermediate/reference/txrevise/batch/txrevise.grp_1.downstream.35_100.gff3, /vscratch/grp-songyao/pnfioric/pantry/intermediate/reference/txrevise/batch/txrevise.grp_1.upstream.35_100.gff3, /vscratch/grp-songyao/pnfioric/pantry/intermediate/reference/txrevise/batch/txrevise.grp_2.upstream.35_100.gff3, /vscratch/grp-songyao/pnfioric/pantry/intermediate/reference/txrevise/batch/txrevise.grp_2.downstream.35_100.gff3; Updated input files: /vscratch/grp-songyao/pnfioric/pantry/intermediate/reference/txrevise/txrevise_annotations.rds
    wildcards: batch=35, n_batches=100
    resources: mem_mb=32000, disk_mb=1000, tmpdir=<TBD>, runtime=960, slurm_extra=--qos=general-compute

INFO:snakemake.logging:
Submitted job 43 with external jobid 'Submitted batch job 24690988'.
WARNING:snakemake.logging:Submitted job 43 with external jobid 'Submitted batch job 24690988'.

INFO:snakemake.logging:
[Mon May 25 15:46:23 2026]
INFO:snakemake.logging:[Mon May 25 15:46:23 2026]
rule run_featureCounts:
    input: /vscratch/grp-songyao/pnfioric/pantry/intermediate/bam/RS-04396807.bam, /vscratch/grp-songyao/pnfioric/pantry/intermediate/reference/constit_exons.gtf
    output: /vscratch/grp-songyao/pnfioric/pantry/intermediate/stability/RS-04396807.constit_exons.counts.txt
    jobid: 8637
    reason: Missing output files: /vscratch/grp-songyao/pnfioric/pantry/intermediate/stability/RS-04396807.constit_exons.counts.txt; Updated input files: /vscratch/grp-songyao/pnfioric/pantry/intermediate/bam/RS-04396807.bam, /vscratch/grp-songyao/pnfioric/pantry/intermediate/reference/constit_exons.gtf
    wildcards: sample_id=RS-04396807, feature_type=constit_exons
    threads: 8
    resources: mem_mb=60000, disk_mb=1000, tmpdir=<TBD>, runtime=04:00:00, slurm_extra=--qos=general-compute
INFO:snakemake.logging:rule run_featureCounts:
    input: /vscratch/grp-songyao/pnfioric/pantry/intermediate/bam/RS-04396807.bam, /vscratch/grp-songyao/pnfioric/pantry/intermediate/reference/constit_exons.gtf
    output: /vscratch/grp-songyao/pnfioric/pantry/intermediate/stability/RS-04396807.constit_exons.counts.txt
    jobid: 8637
    reason: Missing output files: /vscratch/grp-songyao/pnfioric/pantry/intermediate/stability/RS-04396807.constit_exons.counts.txt; Updated input files: /vscratch/grp-songyao/pnfioric/pantry/intermediate/bam/RS-04396807.bam, /vscratch/grp-songyao/pnfioric/pantry/intermediate/reference/constit_exons.gtf
    wildcards: sample_id=RS-04396807, feature_type=constit_exons
    threads: 8
    resources: mem_mb=60000, disk_mb=1000, tmpdir=<TBD>, runtime=04:00:00, slurm_extra=--qos=general-compute

INFO:snakemake.logging:
Submitted job 8637 with external jobid 'Submitted batch job 24690989'.
WARNING:snakemake.logging:Submitted job 8637 with external jobid 'Submitted batch job 24690989'.

INFO:snakemake.logging:
[Mon May 25 15:46:23 2026]
INFO:snakemake.logging:[Mon May 25 15:46:23 2026]
rule txrevise_construct_events:
    input: /vscratch/grp-songyao/pnfioric/pantry/intermediate/reference/txrevise/txrevise_annotations.rds
    output: /vscratch/grp-songyao/pnfioric/pantry/intermediate/reference/txrevise/batch/txrevise.grp_1.upstream.92_100.gff3, /vscratch/grp-songyao/pnfioric/pantry/intermediate/reference/txrevise/batch/txrevise.grp_2.upstream.92_100.gff3, /vscratch/grp-songyao/pnfioric/pantry/intermediate/reference/txrevise/batch/txrevise.grp_1.contained.92_100.gff3, /vscratch/grp-songyao/pnfioric/pantry/intermediate/reference/txrevise/batch/txrevise.grp_2.contained.92_100.gff3, /vscratch/grp-songyao/pnfioric/pantry/intermediate/reference/txrevise/batch/txrevise.grp_1.downstream.92_100.gff3, /vscratch/grp-songyao/pnfioric/pantry/intermediate/reference/txrevise/batch/txrevise.grp_2.downstream.92_100.gff3
    jobid: 100
    reason: Missing output files: /vscratch/grp-songyao/pnfioric/pantry/intermediate/reference/txrevise/batch/txrevise.grp_2.upstream.92_100.gff3, /vscratch/grp-songyao/pnfioric/pantry/intermediate/reference/txrevise/batch/txrevise.grp_2.downstream.92_100.gff3, /vscratch/grp-songyao/pnfioric/pantry/intermediate/reference/txrevise/batch/txrevise.grp_1.upstream.92_100.gff3, /vscratch/grp-songyao/pnfioric/pantry/intermediate/reference/txrevise/batch/txrevise.grp_1.downstream.92_100.gff3; Updated input files: /vscratch/grp-songyao/pnfioric/pantry/intermediate/reference/txrevise/txrevise_annotations.rds
    wildcards: batch=92, n_batches=100
    resources: mem_mb=32000, disk_mb=1000, tmpdir=<TBD>, runtime=960, slurm_extra=--qos=general-compute
INFO:snakemake.logging:rule txrevise_construct_events:
    input: /vscratch/grp-songyao/pnfioric/pantry/intermediate/reference/txrevise/txrevise_annotations.rds
    output: /vscratch/grp-songyao/pnfioric/pantry/intermediate/reference/txrevise/batch/txrevise.grp_1.upstream.92_100.gff3, /vscratch/grp-songyao/pnfioric/pantry/intermediate/reference/txrevise/batch/txrevise.grp_2.upstream.92_100.gff3, /vscratch/grp-songyao/pnfioric/pantry/intermediate/reference/txrevise/batch/txrevise.grp_1.contained.92_100.gff3, /vscratch/grp-songyao/pnfioric/pantry/intermediate/reference/txrevise/batch/txrevise.grp_2.contained.92_100.gff3, /vscratch/grp-songyao/pnfioric/pantry/intermediate/reference/txrevise/batch/txrevise.grp_1.downstream.92_100.gff3, /vscratch/grp-songyao/pnfioric/pantry/intermediate/reference/txrevise/batch/txrevise.grp_2.downstream.92_100.gff3
    jobid: 100
    reason: Missing output files: /vscratch/grp-songyao/pnfioric/pantry/intermediate/reference/txrevise/batch/txrevise.grp_2.upstream.92_100.gff3, /vscratch/grp-songyao/pnfioric/pantry/intermediate/reference/txrevise/batch/txrevise.grp_2.downstream.92_100.gff3, /vscratch/grp-songyao/pnfioric/pantry/intermediate/reference/txrevise/batch/txrevise.grp_1.upstream.92_100.gff3, /vscratch/grp-songyao/pnfioric/pantry/intermediate/reference/txrevise/batch/txrevise.grp_1.downstream.92_100.gff3; Updated input files: /vscratch/grp-songyao/pnfioric/pantry/intermediate/reference/txrevise/txrevise_annotations.rds
    wildcards: batch=92, n_batches=100
    resources: mem_mb=32000, disk_mb=1000, tmpdir=<TBD>, runtime=960, slurm_extra=--qos=general-compute

INFO:snakemake.logging:
Submitted job 100 with external jobid 'Submitted batch job 24690990'.
WARNING:snakemake.logging:Submitted job 100 with external jobid 'Submitted batch job 24690990'.

INFO:snakemake.logging:
[Mon May 25 15:46:23 2026]
INFO:snakemake.logging:[Mon May 25 15:46:23 2026]
rule run_featureCounts:
    input: /vscratch/grp-songyao/pnfioric/pantry/intermediate/bam/RS-04218234.bam, /vscratch/grp-songyao/pnfioric/pantry/intermediate/reference/introns.gtf
    output: /vscratch/grp-songyao/pnfioric/pantry/intermediate/stability/RS-04218234.introns.counts.txt
    jobid: 8946
    reason: Missing output files: /vscratch/grp-songyao/pnfioric/pantry/intermediate/stability/RS-04218234.introns.counts.txt; Updated input files: /vscratch/grp-songyao/pnfioric/pantry/intermediate/bam/RS-04218234.bam, /vscratch/grp-songyao/pnfioric/pantry/intermediate/reference/introns.gtf
    wildcards: sample_id=RS-04218234, feature_type=introns
    threads: 8
    resources: mem_mb=60000, disk_mb=1178, tmpdir=<TBD>, runtime=04:00:00, slurm_extra=--qos=general-compute
INFO:snakemake.logging:rule run_featureCounts:
    input: /vscratch/grp-songyao/pnfioric/pantry/intermediate/bam/RS-04218234.bam, /vscratch/grp-songyao/pnfioric/pantry/intermediate/reference/introns.gtf
    output: /vscratch/grp-songyao/pnfioric/pantry/intermediate/stability/RS-04218234.introns.counts.txt
    jobid: 8946
    reason: Missing output files: /vscratch/grp-songyao/pnfioric/pantry/intermediate/stability/RS-04218234.introns.counts.txt; Updated input files: /vscratch/grp-songyao/pnfioric/pantry/intermediate/bam/RS-04218234.bam, /vscratch/grp-songyao/pnfioric/pantry/intermediate/reference/introns.gtf
    wildcards: sample_id=RS-04218234, feature_type=introns
    threads: 8
    resources: mem_mb=60000, disk_mb=1178, tmpdir=<TBD>, runtime=04:00:00, slurm_extra=--qos=general-compute

INFO:snakemake.logging:
Submitted job 8946 with external jobid 'Submitted batch job 24690991'.
WARNING:snakemake.logging:Submitted job 8946 with external jobid 'Submitted batch job 24690991'.

INFO:snakemake.logging:
[Mon May 25 15:46:23 2026]
INFO:snakemake.logging:[Mon May 25 15:46:23 2026]
rule txrevise_construct_events:
    input: /vscratch/grp-songyao/pnfioric/pantry/intermediate/reference/txrevise/txrevise_annotations.rds
    output: /vscratch/grp-songyao/pnfioric/pantry/intermediate/reference/txrevise/batch/txrevise.grp_1.upstream.36_100.gff3, /vscratch/grp-songyao/pnfioric/pantry/intermediate/reference/txrevise/batch/txrevise.grp_2.upstream.36_100.gff3, /vscratch/grp-songyao/pnfioric/pantry/intermediate/reference/txrevise/batch/txrevise.grp_1.contained.36_100.gff3, /vscratch/grp-songyao/pnfioric/pantry/intermediate/reference/txrevise/batch/txrevise.grp_2.contained.36_100.gff3, /vscratch/grp-songyao/pnfioric/pantry/intermediate/reference/txrevise/batch/txrevise.grp_1.downstream.36_100.gff3, /vscratch/grp-songyao/pnfioric/pantry/intermediate/reference/txrevise/batch/txrevise.grp_2.downstream.36_100.gff3
    jobid: 44
    reason: Missing output files: /vscratch/grp-songyao/pnfioric/pantry/intermediate/reference/txrevise/batch/txrevise.grp_1.upstream.36_100.gff3, /vscratch/grp-songyao/pnfioric/pantry/intermediate/reference/txrevise/batch/txrevise.grp_1.downstream.36_100.gff3, /vscratch/grp-songyao/pnfioric/pantry/intermediate/reference/txrevise/batch/txrevise.grp_2.upstream.36_100.gff3, /vscratch/grp-songyao/pnfioric/pantry/intermediate/reference/txrevise/batch/txrevise.grp_2.downstream.36_100.gff3; Updated input files: /vscratch/grp-songyao/pnfioric/pantry/intermediate/reference/txrevise/txrevise_annotations.rds
    wildcards: batch=36, n_batches=100
    resources: mem_mb=32000, disk_mb=1000, tmpdir=<TBD>, runtime=960, slurm_extra=--qos=general-compute
INFO:snakemake.logging:rule txrevise_construct_events:
    input: /vscratch/grp-songyao/pnfioric/pantry/intermediate/reference/txrevise/txrevise_annotations.rds
    output: /vscratch/grp-songyao/pnfioric/pantry/intermediate/reference/txrevise/batch/txrevise.grp_1.upstream.36_100.gff3, /vscratch/grp-songyao/pnfioric/pantry/intermediate/reference/txrevise/batch/txrevise.grp_2.upstream.36_100.gff3, /vscratch/grp-songyao/pnfioric/pantry/intermediate/reference/txrevise/batch/txrevise.grp_1.contained.36_100.gff3, /vscratch/grp-songyao/pnfioric/pantry/intermediate/reference/txrevise/batch/txrevise.grp_2.contained.36_100.gff3, /vscratch/grp-songyao/pnfioric/pantry/intermediate/reference/txrevise/batch/txrevise.grp_1.downstream.36_100.gff3, /vscratch/grp-songyao/pnfioric/pantry/intermediate/reference/txrevise/batch/txrevise.grp_2.downstream.36_100.gff3
    jobid: 44
    reason: Missing output files: /vscratch/grp-songyao/pnfioric/pantry/intermediate/reference/txrevise/batch/txrevise.grp_1.upstream.36_100.gff3, /vscratch/grp-songyao/pnfioric/pantry/intermediate/reference/txrevise/batch/txrevise.grp_1.downstream.36_100.gff3, /vscratch/grp-songyao/pnfioric/pantry/intermediate/reference/txrevise/batch/txrevise.grp_2.upstream.36_100.gff3, /vscratch/grp-songyao/pnfioric/pantry/intermediate/reference/txrevise/batch/txrevise.grp_2.downstream.36_100.gff3; Updated input files: /vscratch/grp-songyao/pnfioric/pantry/intermediate/reference/txrevise/txrevise_annotations.rds
    wildcards: batch=36, n_batches=100
    resources: mem_mb=32000, disk_mb=1000, tmpdir=<TBD>, runtime=960, slurm_extra=--qos=general-compute

INFO:snakemake.logging:
Submitted job 44 with external jobid 'Submitted batch job 24690992'.
WARNING:snakemake.logging:Submitted job 44 with external jobid 'Submitted batch job 24690992'.
Waiting at most 60 seconds for missing files.
WARNING:snakemake.logging:Waiting at most 60 seconds for missing files.
[Mon May 25 15:46:31 2026]
INFO:snakemake.logging:[Mon May 25 15:46:31 2026]
Finished job 8070.
INFO:snakemake.logging:Finished job 8070.
1 of 3642 steps (0.0%) done
INFO:snakemake.logging:1 of 3642 steps (0.0%) done
[Mon May 25 15:46:31 2026]
INFO:snakemake.logging:[Mon May 25 15:46:31 2026]
Finished job 5074.
INFO:snakemake.logging:Finished job 5074.
2 of 3642 steps (0.1%) done
INFO:snakemake.logging:2 of 3642 steps (0.1%) done
Select jobs to execute...
WARNING:snakemake.logging:Select jobs to execute...

INFO:snakemake.logging:
[Mon May 25 15:46:31 2026]
INFO:snakemake.logging:[Mon May 25 15:46:31 2026]
rule regtools_junctions:
    input: /vscratch/grp-songyao/pnfioric/pantry/intermediate/bam/RS-04199405.bam, /vscratch/grp-songyao/pnfioric/pantry/intermediate/bam/RS-04199405.bam.bai
    output: /vscratch/grp-songyao/pnfioric/pantry/intermediate/splicing/RS-04199405.junc
    jobid: 5071
    reason: Missing output files: /vscratch/grp-songyao/pnfioric/pantry/intermediate/splicing/RS-04199405.junc; Input files updated by another job: /vscratch/grp-songyao/pnfioric/pantry/intermediate/bam/RS-04199405.bam.bai
    wildcards: sample_id=RS-04199405
    resources: mem_mb=16000, disk_mb=1000, tmpdir=<TBD>, runtime=04:00:00, slurm_extra=--qos=general-compute
INFO:snakemake.logging:rule regtools_junctions:
    input: /vscratch/grp-songyao/pnfioric/pantry/intermediate/bam/RS-04199405.bam, /vscratch/grp-songyao/pnfioric/pantry/intermediate/bam/RS-04199405.bam.bai
    output: /vscratch/grp-songyao/pnfioric/pantry/intermediate/splicing/RS-04199405.junc
    jobid: 5071
    reason: Missing output files: /vscratch/grp-songyao/pnfioric/pantry/intermediate/splicing/RS-04199405.junc; Input files updated by another job: /vscratch/grp-songyao/pnfioric/pantry/intermediate/bam/RS-04199405.bam.bai
    wildcards: sample_id=RS-04199405
    resources: mem_mb=16000, disk_mb=1000, tmpdir=<TBD>, runtime=04:00:00, slurm_extra=--qos=general-compute

INFO:snakemake.logging:
Submitted job 5071 with external jobid 'Submitted batch job 24690993'.
WARNING:snakemake.logging:Submitted job 5071 with external jobid 'Submitted batch job 24690993'.
[Mon May 25 15:46:32 2026]
INFO:snakemake.logging:[Mon May 25 15:46:32 2026]
Finished job 8169.
INFO:snakemake.logging:Finished job 8169.
3 of 3642 steps (0.1%) done
INFO:snakemake.logging:3 of 3642 steps (0.1%) done
[Mon May 25 15:46:33 2026]
INFO:snakemake.logging:[Mon May 25 15:46:33 2026]
Finished job 5118.
INFO:snakemake.logging:Finished job 5118.
4 of 3642 steps (0.1%) done
INFO:snakemake.logging:4 of 3642 steps (0.1%) done
Select jobs to execute...
WARNING:snakemake.logging:Select jobs to execute...

INFO:snakemake.logging:
[Mon May 25 15:46:33 2026]
INFO:snakemake.logging:[Mon May 25 15:46:33 2026]
rule regtools_junctions:
    input: /vscratch/grp-songyao/pnfioric/pantry/intermediate/bam/RS-04218233.bam, /vscratch/grp-songyao/pnfioric/pantry/intermediate/bam/RS-04218233.bam.bai
    output: /vscratch/grp-songyao/pnfioric/pantry/intermediate/splicing/RS-04218233.junc
    jobid: 5115
    reason: Missing output files: /vscratch/grp-songyao/pnfioric/pantry/intermediate/splicing/RS-04218233.junc; Input files updated by another job: /vscratch/grp-songyao/pnfioric/pantry/intermediate/bam/RS-04218233.bam.bai
    wildcards: sample_id=RS-04218233
    resources: mem_mb=16000, disk_mb=1093, tmpdir=<TBD>, runtime=04:00:00, slurm_extra=--qos=general-compute
INFO:snakemake.logging:rule regtools_junctions:
    input: /vscratch/grp-songyao/pnfioric/pantry/intermediate/bam/RS-04218233.bam, /vscratch/grp-songyao/pnfioric/pantry/intermediate/bam/RS-04218233.bam.bai
    output: /vscratch/grp-songyao/pnfioric/pantry/intermediate/splicing/RS-04218233.junc
    jobid: 5115
    reason: Missing output files: /vscratch/grp-songyao/pnfioric/pantry/intermediate/splicing/RS-04218233.junc; Input files updated by another job: /vscratch/grp-songyao/pnfioric/pantry/intermediate/bam/RS-04218233.bam.bai
    wildcards: sample_id=RS-04218233
    resources: mem_mb=16000, disk_mb=1093, tmpdir=<TBD>, runtime=04:00:00, slurm_extra=--qos=general-compute

INFO:snakemake.logging:
Submitted job 5115 with external jobid 'Submitted batch job 24690994'.
WARNING:snakemake.logging:Submitted job 5115 with external jobid 'Submitted batch job 24690994'.
[Mon May 25 15:46:35 2026]
INFO:snakemake.logging:[Mon May 25 15:46:35 2026]
Finished job 9501.
INFO:snakemake.logging:Finished job 9501.
5 of 3642 steps (0.1%) done
INFO:snakemake.logging:5 of 3642 steps (0.1%) done
[Mon May 25 15:46:35 2026]
INFO:snakemake.logging:[Mon May 25 15:46:35 2026]
Finished job 9152.
INFO:snakemake.logging:Finished job 9152.
6 of 3642 steps (0.2%) done
INFO:snakemake.logging:6 of 3642 steps (0.2%) done
[Mon May 25 15:47:04 2026]
INFO:snakemake.logging:[Mon May 25 15:47:04 2026]
Finished job 9033.
INFO:snakemake.logging:Finished job 9033.
7 of 3642 steps (0.2%) done
INFO:snakemake.logging:7 of 3642 steps (0.2%) done
[Mon May 25 15:47:05 2026]
INFO:snakemake.logging:[Mon May 25 15:47:05 2026]
Finished job 5166.
INFO:snakemake.logging:Finished job 5166.
8 of 3642 steps (0.2%) done
INFO:snakemake.logging:8 of 3642 steps (0.2%) done
Select jobs to execute...
WARNING:snakemake.logging:Select jobs to execute...

INFO:snakemake.logging:
[Mon May 25 15:47:05 2026]
INFO:snakemake.logging:[Mon May 25 15:47:05 2026]
rule regtools_junctions:
    input: /vscratch/grp-songyao/pnfioric/pantry/intermediate/bam/RS-04240729.bam, /vscratch/grp-songyao/pnfioric/pantry/intermediate/bam/RS-04240729.bam.bai
    output: /vscratch/grp-songyao/pnfioric/pantry/intermediate/splicing/RS-04240729.junc
    jobid: 5163
    reason: Missing output files: /vscratch/grp-songyao/pnfioric/pantry/intermediate/splicing/RS-04240729.junc; Input files updated by another job: /vscratch/grp-songyao/pnfioric/pantry/intermediate/bam/RS-04240729.bam.bai
    wildcards: sample_id=RS-04240729
    resources: mem_mb=16000, disk_mb=2507, tmpdir=<TBD>, runtime=04:00:00, slurm_extra=--qos=general-compute
INFO:snakemake.logging:rule regtools_junctions:
    input: /vscratch/grp-songyao/pnfioric/pantry/intermediate/bam/RS-04240729.bam, /vscratch/grp-songyao/pnfioric/pantry/intermediate/bam/RS-04240729.bam.bai
    output: /vscratch/grp-songyao/pnfioric/pantry/intermediate/splicing/RS-04240729.junc
    jobid: 5163
    reason: Missing output files: /vscratch/grp-songyao/pnfioric/pantry/intermediate/splicing/RS-04240729.junc; Input files updated by another job: /vscratch/grp-songyao/pnfioric/pantry/intermediate/bam/RS-04240729.bam.bai
    wildcards: sample_id=RS-04240729
    resources: mem_mb=16000, disk_mb=2507, tmpdir=<TBD>, runtime=04:00:00, slurm_extra=--qos=general-compute

INFO:snakemake.logging:
Submitted job 5163 with external jobid 'Submitted batch job 24690995'.
WARNING:snakemake.logging:Submitted job 5163 with external jobid 'Submitted batch job 24690995'.
[Mon May 25 15:47:05 2026]
INFO:snakemake.logging:[Mon May 25 15:47:05 2026]
Finished job 9034.
INFO:snakemake.logging:Finished job 9034.
9 of 3642 steps (0.2%) done
INFO:snakemake.logging:9 of 3642 steps (0.2%) done
[Mon May 25 15:47:10 2026]
INFO:snakemake.logging:[Mon May 25 15:47:10 2026]
Finished job 8170.
INFO:snakemake.logging:Finished job 8170.
10 of 3642 steps (0.3%) done
INFO:snakemake.logging:10 of 3642 steps (0.3%) done
[Mon May 25 15:47:48 2026]
INFO:snakemake.logging:[Mon May 25 15:47:48 2026]
Finished job 5470.
INFO:snakemake.logging:Finished job 5470.
11 of 3642 steps (0.3%) done
INFO:snakemake.logging:11 of 3642 steps (0.3%) done
Select jobs to execute...
WARNING:snakemake.logging:Select jobs to execute...

INFO:snakemake.logging:
[Mon May 25 15:47:48 2026]
INFO:snakemake.logging:[Mon May 25 15:47:48 2026]
rule regtools_junctions:
    input: /vscratch/grp-songyao/pnfioric/pantry/intermediate/bam/RS-04367396.bam, /vscratch/grp-songyao/pnfioric/pantry/intermediate/bam/RS-04367396.bam.bai
    output: /vscratch/grp-songyao/pnfioric/pantry/intermediate/splicing/RS-04367396.junc
    jobid: 5467
    reason: Missing output files: /vscratch/grp-songyao/pnfioric/pantry/intermediate/splicing/RS-04367396.junc; Input files updated by another job: /vscratch/grp-songyao/pnfioric/pantry/intermediate/bam/RS-04367396.bam.bai
    wildcards: sample_id=RS-04367396
    resources: mem_mb=16000, disk_mb=1000, tmpdir=<TBD>, runtime=04:00:00, slurm_extra=--qos=general-compute
INFO:snakemake.logging:rule regtools_junctions:
    input: /vscratch/grp-songyao/pnfioric/pantry/intermediate/bam/RS-04367396.bam, /vscratch/grp-songyao/pnfioric/pantry/intermediate/bam/RS-04367396.bam.bai
    output: /vscratch/grp-songyao/pnfioric/pantry/intermediate/splicing/RS-04367396.junc
    jobid: 5467
    reason: Missing output files: /vscratch/grp-songyao/pnfioric/pantry/intermediate/splicing/RS-04367396.junc; Input files updated by another job: /vscratch/grp-songyao/pnfioric/pantry/intermediate/bam/RS-04367396.bam.bai
    wildcards: sample_id=RS-04367396
    resources: mem_mb=16000, disk_mb=1000, tmpdir=<TBD>, runtime=04:00:00, slurm_extra=--qos=general-compute

INFO:snakemake.logging:
Submitted job 5467 with external jobid 'Submitted batch job 24690996'.
WARNING:snakemake.logging:Submitted job 5467 with external jobid 'Submitted batch job 24690996'.
[Mon May 25 15:47:48 2026]
INFO:snakemake.logging:[Mon May 25 15:47:48 2026]
Finished job 9362.
INFO:snakemake.logging:Finished job 9362.
12 of 3642 steps (0.3%) done
INFO:snakemake.logging:12 of 3642 steps (0.3%) done
[Mon May 25 15:47:50 2026]
INFO:snakemake.logging:[Mon May 25 15:47:50 2026]
Finished job 5122.
INFO:snakemake.logging:Finished job 5122.
13 of 3642 steps (0.4%) done
INFO:snakemake.logging:13 of 3642 steps (0.4%) done
Select jobs to execute...
WARNING:snakemake.logging:Select jobs to execute...

INFO:snakemake.logging:
[Mon May 25 15:47:50 2026]
INFO:snakemake.logging:[Mon May 25 15:47:50 2026]
rule regtools_junctions:
    input: /vscratch/grp-songyao/pnfioric/pantry/intermediate/bam/RS-04218234.bam, /vscratch/grp-songyao/pnfioric/pantry/intermediate/bam/RS-04218234.bam.bai
    output: /vscratch/grp-songyao/pnfioric/pantry/intermediate/splicing/RS-04218234.junc
    jobid: 5119
    reason: Missing output files: /vscratch/grp-songyao/pnfioric/pantry/intermediate/splicing/RS-04218234.junc; Input files updated by another job: /vscratch/grp-songyao/pnfioric/pantry/intermediate/bam/RS-04218234.bam.bai
    wildcards: sample_id=RS-04218234
    resources: mem_mb=16000, disk_mb=1180, tmpdir=<TBD>, runtime=04:00:00, slurm_extra=--qos=general-compute
INFO:snakemake.logging:rule regtools_junctions:
    input: /vscratch/grp-songyao/pnfioric/pantry/intermediate/bam/RS-04218234.bam, /vscratch/grp-songyao/pnfioric/pantry/intermediate/bam/RS-04218234.bam.bai
    output: /vscratch/grp-songyao/pnfioric/pantry/intermediate/splicing/RS-04218234.junc
    jobid: 5119
    reason: Missing output files: /vscratch/grp-songyao/pnfioric/pantry/intermediate/splicing/RS-04218234.junc; Input files updated by another job: /vscratch/grp-songyao/pnfioric/pantry/intermediate/bam/RS-04218234.bam.bai
    wildcards: sample_id=RS-04218234
    resources: mem_mb=16000, disk_mb=1180, tmpdir=<TBD>, runtime=04:00:00, slurm_extra=--qos=general-compute

INFO:snakemake.logging:
Submitted job 5119 with external jobid 'Submitted batch job 24690997'.
WARNING:snakemake.logging:Submitted job 5119 with external jobid 'Submitted batch job 24690997'.
[Mon May 25 15:47:50 2026]
INFO:snakemake.logging:[Mon May 25 15:47:50 2026]
Finished job 5822.
INFO:snakemake.logging:Finished job 5822.
14 of 3642 steps (0.4%) done
INFO:snakemake.logging:14 of 3642 steps (0.4%) done
Select jobs to execute...
WARNING:snakemake.logging:Select jobs to execute...

INFO:snakemake.logging:
[Mon May 25 15:47:50 2026]
INFO:snakemake.logging:[Mon May 25 15:47:50 2026]
rule regtools_junctions:
    input: /vscratch/grp-songyao/pnfioric/pantry/intermediate/bam/RS-04367484.bam, /vscratch/grp-songyao/pnfioric/pantry/intermediate/bam/RS-04367484.bam.bai
    output: /vscratch/grp-songyao/pnfioric/pantry/intermediate/splicing/RS-04367484.junc
    jobid: 5819
    reason: Missing output files: /vscratch/grp-songyao/pnfioric/pantry/intermediate/splicing/RS-04367484.junc; Input files updated by another job: /vscratch/grp-songyao/pnfioric/pantry/intermediate/bam/RS-04367484.bam.bai
    wildcards: sample_id=RS-04367484
    resources: mem_mb=16000, disk_mb=7732, tmpdir=<TBD>, runtime=04:00:00, slurm_extra=--qos=general-compute
INFO:snakemake.logging:rule regtools_junctions:
    input: /vscratch/grp-songyao/pnfioric/pantry/intermediate/bam/RS-04367484.bam, /vscratch/grp-songyao/pnfioric/pantry/intermediate/bam/RS-04367484.bam.bai
    output: /vscratch/grp-songyao/pnfioric/pantry/intermediate/splicing/RS-04367484.junc
    jobid: 5819
    reason: Missing output files: /vscratch/grp-songyao/pnfioric/pantry/intermediate/splicing/RS-04367484.junc; Input files updated by another job: /vscratch/grp-songyao/pnfioric/pantry/intermediate/bam/RS-04367484.bam.bai
    wildcards: sample_id=RS-04367484
    resources: mem_mb=16000, disk_mb=7732, tmpdir=<TBD>, runtime=04:00:00, slurm_extra=--qos=general-compute

INFO:snakemake.logging:
Submitted job 5819 with external jobid 'Submitted batch job 24690998'.
WARNING:snakemake.logging:Submitted job 5819 with external jobid 'Submitted batch job 24690998'.
[Mon May 25 15:47:52 2026]
INFO:snakemake.logging:[Mon May 25 15:47:52 2026]
Finished job 5474.
INFO:snakemake.logging:Finished job 5474.
15 of 3642 steps (0.4%) done
INFO:snakemake.logging:15 of 3642 steps (0.4%) done
Select jobs to execute...
WARNING:snakemake.logging:Select jobs to execute...

INFO:snakemake.logging:
[Mon May 25 15:47:52 2026]
INFO:snakemake.logging:[Mon May 25 15:47:52 2026]
rule regtools_junctions:
    input: /vscratch/grp-songyao/pnfioric/pantry/intermediate/bam/RS-04367397.bam, /vscratch/grp-songyao/pnfioric/pantry/intermediate/bam/RS-04367397.bam.bai
    output: /vscratch/grp-songyao/pnfioric/pantry/intermediate/splicing/RS-04367397.junc
    jobid: 5471
    reason: Missing output files: /vscratch/grp-songyao/pnfioric/pantry/intermediate/splicing/RS-04367397.junc; Input files updated by another job: /vscratch/grp-songyao/pnfioric/pantry/intermediate/bam/RS-04367397.bam.bai
    wildcards: sample_id=RS-04367397
    resources: mem_mb=16000, disk_mb=6267, tmpdir=<TBD>, runtime=04:00:00, slurm_extra=--qos=general-compute
INFO:snakemake.logging:rule regtools_junctions:
    input: /vscratch/grp-songyao/pnfioric/pantry/intermediate/bam/RS-04367397.bam, /vscratch/grp-songyao/pnfioric/pantry/intermediate/bam/RS-04367397.bam.bai
    output: /vscratch/grp-songyao/pnfioric/pantry/intermediate/splicing/RS-04367397.junc
    jobid: 5471
    reason: Missing output files: /vscratch/grp-songyao/pnfioric/pantry/intermediate/splicing/RS-04367397.junc; Input files updated by another job: /vscratch/grp-songyao/pnfioric/pantry/intermediate/bam/RS-04367397.bam.bai
    wildcards: sample_id=RS-04367397
    resources: mem_mb=16000, disk_mb=6267, tmpdir=<TBD>, runtime=04:00:00, slurm_extra=--qos=general-compute

INFO:snakemake.logging:
Submitted job 5471 with external jobid 'Submitted batch job 24690999'.
WARNING:snakemake.logging:Submitted job 5471 with external jobid 'Submitted batch job 24690999'.
[Mon May 25 15:47:53 2026]
INFO:snakemake.logging:[Mon May 25 15:47:53 2026]
Finished job 8498.
INFO:snakemake.logging:Finished job 8498.
16 of 3642 steps (0.4%) done
INFO:snakemake.logging:16 of 3642 steps (0.4%) done
[Mon May 25 15:47:54 2026]
INFO:snakemake.logging:[Mon May 25 15:47:54 2026]
Finished job 8288.
INFO:snakemake.logging:Finished job 8288.
17 of 3642 steps (0.5%) done
INFO:snakemake.logging:17 of 3642 steps (0.5%) done
[Mon May 25 15:47:54 2026]
INFO:snakemake.logging:[Mon May 25 15:47:54 2026]
Finished job 7182.
INFO:snakemake.logging:Finished job 7182.
18 of 3642 steps (0.5%) done
INFO:snakemake.logging:18 of 3642 steps (0.5%) done
Select jobs to execute...
WARNING:snakemake.logging:Select jobs to execute...

INFO:snakemake.logging:
[Mon May 25 15:47:54 2026]
INFO:snakemake.logging:[Mon May 25 15:47:54 2026]
rule regtools_junctions:
    input: /vscratch/grp-songyao/pnfioric/pantry/intermediate/bam/RS-04396767.bam, /vscratch/grp-songyao/pnfioric/pantry/intermediate/bam/RS-04396767.bam.bai
    output: /vscratch/grp-songyao/pnfioric/pantry/intermediate/splicing/RS-04396767.junc
    jobid: 7179
    reason: Missing output files: /vscratch/grp-songyao/pnfioric/pantry/intermediate/splicing/RS-04396767.junc; Input files updated by another job: /vscratch/grp-songyao/pnfioric/pantry/intermediate/bam/RS-04396767.bam.bai
    wildcards: sample_id=RS-04396767
    resources: mem_mb=16000, disk_mb=1007, tmpdir=<TBD>, runtime=04:00:00, slurm_extra=--qos=general-compute
INFO:snakemake.logging:rule regtools_junctions:
    input: /vscratch/grp-songyao/pnfioric/pantry/intermediate/bam/RS-04396767.bam, /vscratch/grp-songyao/pnfioric/pantry/intermediate/bam/RS-04396767.bam.bai
    output: /vscratch/grp-songyao/pnfioric/pantry/intermediate/splicing/RS-04396767.junc
    jobid: 7179
    reason: Missing output files: /vscratch/grp-songyao/pnfioric/pantry/intermediate/splicing/RS-04396767.junc; Input files updated by another job: /vscratch/grp-songyao/pnfioric/pantry/intermediate/bam/RS-04396767.bam.bai
    wildcards: sample_id=RS-04396767
    resources: mem_mb=16000, disk_mb=1007, tmpdir=<TBD>, runtime=04:00:00, slurm_extra=--qos=general-compute

INFO:snakemake.logging:
Submitted job 7179 with external jobid 'Submitted batch job 24691000'.
WARNING:snakemake.logging:Submitted job 7179 with external jobid 'Submitted batch job 24691000'.
[Mon May 25 15:48:05 2026]
INFO:snakemake.logging:[Mon May 25 15:48:05 2026]
Finished job 8597.
INFO:snakemake.logging:Finished job 8597.
19 of 3642 steps (1%) done
INFO:snakemake.logging:19 of 3642 steps (1%) done
[Mon May 25 15:48:05 2026]
INFO:snakemake.logging:[Mon May 25 15:48:05 2026]
Finished job 8093.
INFO:snakemake.logging:Finished job 8093.
20 of 3642 steps (1%) done
INFO:snakemake.logging:20 of 3642 steps (1%) done
[Mon May 25 15:48:06 2026]
INFO:snakemake.logging:[Mon May 25 15:48:06 2026]
Finished job 8934.
INFO:snakemake.logging:Finished job 8934.
21 of 3642 steps (1%) done
INFO:snakemake.logging:21 of 3642 steps (1%) done
[Mon May 25 15:48:06 2026]
INFO:snakemake.logging:[Mon May 25 15:48:06 2026]
Finished job 4874.
INFO:snakemake.logging:Finished job 4874.
22 of 3642 steps (1%) done
INFO:snakemake.logging:22 of 3642 steps (1%) done
Select jobs to execute...
WARNING:snakemake.logging:Select jobs to execute...

INFO:snakemake.logging:
[Mon May 25 15:48:06 2026]
INFO:snakemake.logging:[Mon May 25 15:48:06 2026]
rule regtools_junctions:
    input: /vscratch/grp-songyao/pnfioric/pantry/intermediate/bam/RS-04050572.bam, /vscratch/grp-songyao/pnfioric/pantry/intermediate/bam/RS-04050572.bam.bai
    output: /vscratch/grp-songyao/pnfioric/pantry/intermediate/splicing/RS-04050572.junc
    jobid: 4871
    reason: Missing output files: /vscratch/grp-songyao/pnfioric/pantry/intermediate/splicing/RS-04050572.junc; Input files updated by another job: /vscratch/grp-songyao/pnfioric/pantry/intermediate/bam/RS-04050572.bam.bai
    wildcards: sample_id=RS-04050572
    resources: mem_mb=16000, disk_mb=1574, tmpdir=<TBD>, runtime=04:00:00, slurm_extra=--qos=general-compute
INFO:snakemake.logging:rule regtools_junctions:
    input: /vscratch/grp-songyao/pnfioric/pantry/intermediate/bam/RS-04050572.bam, /vscratch/grp-songyao/pnfioric/pantry/intermediate/bam/RS-04050572.bam.bai
    output: /vscratch/grp-songyao/pnfioric/pantry/intermediate/splicing/RS-04050572.junc
    jobid: 4871
    reason: Missing output files: /vscratch/grp-songyao/pnfioric/pantry/intermediate/splicing/RS-04050572.junc; Input files updated by another job: /vscratch/grp-songyao/pnfioric/pantry/intermediate/bam/RS-04050572.bam.bai
    wildcards: sample_id=RS-04050572
    resources: mem_mb=16000, disk_mb=1574, tmpdir=<TBD>, runtime=04:00:00, slurm_extra=--qos=general-compute

INFO:snakemake.logging:
Submitted job 4871 with external jobid 'Submitted batch job 24691001'.
WARNING:snakemake.logging:Submitted job 4871 with external jobid 'Submitted batch job 24691001'.
[Mon May 25 15:48:06 2026]
INFO:snakemake.logging:[Mon May 25 15:48:06 2026]
Finished job 8081.
INFO:snakemake.logging:Finished job 8081.
23 of 3642 steps (1%) done
INFO:snakemake.logging:23 of 3642 steps (1%) done
[Mon May 25 15:48:07 2026]
INFO:snakemake.logging:[Mon May 25 15:48:07 2026]
Finished job 8082.
INFO:snakemake.logging:Finished job 8082.
24 of 3642 steps (1%) done
INFO:snakemake.logging:24 of 3642 steps (1%) done
[Mon May 25 15:48:08 2026]
INFO:snakemake.logging:[Mon May 25 15:48:08 2026]
Finished job 7342.
INFO:snakemake.logging:Finished job 7342.
25 of 3642 steps (1%) done
INFO:snakemake.logging:25 of 3642 steps (1%) done
Select jobs to execute...
WARNING:snakemake.logging:Select jobs to execute...

INFO:snakemake.logging:
[Mon May 25 15:48:08 2026]
INFO:snakemake.logging:[Mon May 25 15:48:08 2026]
rule regtools_junctions:
    input: /vscratch/grp-songyao/pnfioric/pantry/intermediate/bam/RS-04396807.bam, /vscratch/grp-songyao/pnfioric/pantry/intermediate/bam/RS-04396807.bam.bai
    output: /vscratch/grp-songyao/pnfioric/pantry/intermediate/splicing/RS-04396807.junc
    jobid: 7339
    reason: Missing output files: /vscratch/grp-songyao/pnfioric/pantry/intermediate/splicing/RS-04396807.junc; Input files updated by another job: /vscratch/grp-songyao/pnfioric/pantry/intermediate/bam/RS-04396807.bam.bai
    wildcards: sample_id=RS-04396807
    resources: mem_mb=16000, disk_mb=1000, tmpdir=<TBD>, runtime=04:00:00, slurm_extra=--qos=general-compute
INFO:snakemake.logging:rule regtools_junctions:
    input: /vscratch/grp-songyao/pnfioric/pantry/intermediate/bam/RS-04396807.bam, /vscratch/grp-songyao/pnfioric/pantry/intermediate/bam/RS-04396807.bam.bai
    output: /vscratch/grp-songyao/pnfioric/pantry/intermediate/splicing/RS-04396807.junc
    jobid: 7339
    reason: Missing output files: /vscratch/grp-songyao/pnfioric/pantry/intermediate/splicing/RS-04396807.junc; Input files updated by another job: /vscratch/grp-songyao/pnfioric/pantry/intermediate/bam/RS-04396807.bam.bai
    wildcards: sample_id=RS-04396807
    resources: mem_mb=16000, disk_mb=1000, tmpdir=<TBD>, runtime=04:00:00, slurm_extra=--qos=general-compute

INFO:snakemake.logging:
Submitted job 7339 with external jobid 'Submitted batch job 24691002'.
WARNING:snakemake.logging:Submitted job 7339 with external jobid 'Submitted batch job 24691002'.
[Mon May 25 15:48:09 2026]
INFO:snakemake.logging:[Mon May 25 15:48:09 2026]
Finished job 9121.
INFO:snakemake.logging:Finished job 9121.
26 of 3642 steps (1%) done
INFO:snakemake.logging:26 of 3642 steps (1%) done
[Mon May 25 15:48:09 2026]
INFO:snakemake.logging:[Mon May 25 15:48:09 2026]
Finished job 8884.
INFO:snakemake.logging:Finished job 8884.
27 of 3642 steps (1%) done
INFO:snakemake.logging:27 of 3642 steps (1%) done
[Mon May 25 15:48:10 2026]
INFO:snakemake.logging:[Mon May 25 15:48:10 2026]
Finished job 5946.
INFO:snakemake.logging:Finished job 5946.
28 of 3642 steps (1%) done
INFO:snakemake.logging:28 of 3642 steps (1%) done
Select jobs to execute...
WARNING:snakemake.logging:Select jobs to execute...

INFO:snakemake.logging:
[Mon May 25 15:48:10 2026]
INFO:snakemake.logging:[Mon May 25 15:48:10 2026]
rule regtools_junctions:
    input: /vscratch/grp-songyao/pnfioric/pantry/intermediate/bam/RS-04367515.bam, /vscratch/grp-songyao/pnfioric/pantry/intermediate/bam/RS-04367515.bam.bai
    output: /vscratch/grp-songyao/pnfioric/pantry/intermediate/splicing/RS-04367515.junc
    jobid: 5943
    reason: Missing output files: /vscratch/grp-songyao/pnfioric/pantry/intermediate/splicing/RS-04367515.junc; Input files updated by another job: /vscratch/grp-songyao/pnfioric/pantry/intermediate/bam/RS-04367515.bam.bai
    wildcards: sample_id=RS-04367515
    resources: mem_mb=16000, disk_mb=6625, tmpdir=<TBD>, runtime=04:00:00, slurm_extra=--qos=general-compute
INFO:snakemake.logging:rule regtools_junctions:
    input: /vscratch/grp-songyao/pnfioric/pantry/intermediate/bam/RS-04367515.bam, /vscratch/grp-songyao/pnfioric/pantry/intermediate/bam/RS-04367515.bam.bai
    output: /vscratch/grp-songyao/pnfioric/pantry/intermediate/splicing/RS-04367515.junc
    jobid: 5943
    reason: Missing output files: /vscratch/grp-songyao/pnfioric/pantry/intermediate/splicing/RS-04367515.junc; Input files updated by another job: /vscratch/grp-songyao/pnfioric/pantry/intermediate/bam/RS-04367515.bam.bai
    wildcards: sample_id=RS-04367515
    resources: mem_mb=16000, disk_mb=6625, tmpdir=<TBD>, runtime=04:00:00, slurm_extra=--qos=general-compute

INFO:snakemake.logging:
Submitted job 5943 with external jobid 'Submitted batch job 24691003'.
WARNING:snakemake.logging:Submitted job 5943 with external jobid 'Submitted batch job 24691003'.
[Mon May 25 15:48:11 2026]
INFO:snakemake.logging:[Mon May 25 15:48:11 2026]
Finished job 6786.
INFO:snakemake.logging:Finished job 6786.
29 of 3642 steps (1%) done
INFO:snakemake.logging:29 of 3642 steps (1%) done
Select jobs to execute...
WARNING:snakemake.logging:Select jobs to execute...

INFO:snakemake.logging:
[Mon May 25 15:48:11 2026]
INFO:snakemake.logging:[Mon May 25 15:48:11 2026]
rule regtools_junctions:
    input: /vscratch/grp-songyao/pnfioric/pantry/intermediate/bam/RS-04396637.bam, /vscratch/grp-songyao/pnfioric/pantry/intermediate/bam/RS-04396637.bam.bai
    output: /vscratch/grp-songyao/pnfioric/pantry/intermediate/splicing/RS-04396637.junc
    jobid: 6783
    reason: Missing output files: /vscratch/grp-songyao/pnfioric/pantry/intermediate/splicing/RS-04396637.junc; Input files updated by another job: /vscratch/grp-songyao/pnfioric/pantry/intermediate/bam/RS-04396637.bam.bai
    wildcards: sample_id=RS-04396637
    resources: mem_mb=16000, disk_mb=1000, tmpdir=<TBD>, runtime=04:00:00, slurm_extra=--qos=general-compute
INFO:snakemake.logging:rule regtools_junctions:
    input: /vscratch/grp-songyao/pnfioric/pantry/intermediate/bam/RS-04396637.bam, /vscratch/grp-songyao/pnfioric/pantry/intermediate/bam/RS-04396637.bam.bai
    output: /vscratch/grp-songyao/pnfioric/pantry/intermediate/splicing/RS-04396637.junc
    jobid: 6783
    reason: Missing output files: /vscratch/grp-songyao/pnfioric/pantry/intermediate/splicing/RS-04396637.junc; Input files updated by another job: /vscratch/grp-songyao/pnfioric/pantry/intermediate/bam/RS-04396637.bam.bai
    wildcards: sample_id=RS-04396637
    resources: mem_mb=16000, disk_mb=1000, tmpdir=<TBD>, runtime=04:00:00, slurm_extra=--qos=general-compute

INFO:snakemake.logging:
Submitted job 6783 with external jobid 'Submitted batch job 24691004'.
WARNING:snakemake.logging:Submitted job 6783 with external jobid 'Submitted batch job 24691004'.
[Mon May 25 15:48:11 2026]
INFO:snakemake.logging:[Mon May 25 15:48:11 2026]
Finished job 8257.
INFO:snakemake.logging:Finished job 8257.
30 of 3642 steps (1%) done
INFO:snakemake.logging:30 of 3642 steps (1%) done
[Mon May 25 15:48:11 2026]
INFO:snakemake.logging:[Mon May 25 15:48:11 2026]
Finished job 9461.
INFO:snakemake.logging:Finished job 9461.
31 of 3642 steps (1%) done
INFO:snakemake.logging:31 of 3642 steps (1%) done
[Mon May 25 15:48:12 2026]
INFO:snakemake.logging:[Mon May 25 15:48:12 2026]
Finished job 8957.
INFO:snakemake.logging:Finished job 8957.
32 of 3642 steps (1%) done
INFO:snakemake.logging:32 of 3642 steps (1%) done
[Mon May 25 15:48:12 2026]
INFO:snakemake.logging:[Mon May 25 15:48:12 2026]
Finished job 8020.
INFO:snakemake.logging:Finished job 8020.
33 of 3642 steps (1%) done
INFO:snakemake.logging:33 of 3642 steps (1%) done
[Mon May 25 15:48:13 2026]
INFO:snakemake.logging:[Mon May 25 15:48:13 2026]
Finished job 8945.
INFO:snakemake.logging:Finished job 8945.
34 of 3642 steps (1%) done
INFO:snakemake.logging:34 of 3642 steps (1%) done
[Mon May 25 15:48:13 2026]
INFO:snakemake.logging:[Mon May 25 15:48:13 2026]
Finished job 8637.
INFO:snakemake.logging:Finished job 8637.
35 of 3642 steps (1%) done
INFO:snakemake.logging:35 of 3642 steps (1%) done
[Mon May 25 15:48:14 2026]
INFO:snakemake.logging:[Mon May 25 15:48:14 2026]
Finished job 8946.
INFO:snakemake.logging:Finished job 8946.
36 of 3642 steps (1%) done
INFO:snakemake.logging:36 of 3642 steps (1%) done
Select jobs to execute...
WARNING:snakemake.logging:Select jobs to execute...

INFO:snakemake.logging:
[Mon May 25 15:48:16 2026]
INFO:snakemake.logging:[Mon May 25 15:48:16 2026]
rule assemble_stability_bed:
    input: /vscratch/grp-songyao/pnfioric/pantry/intermediate/stability/RS-02166929.constit_exons.counts.txt, /vscratch/grp-songyao/pnfioric/pantry/intermediate/stability/RS-02732377.constit_exons.counts.txt, /vscratch/grp-songyao/pnfioric/pantry/intermediate/stability/RS-03423261.constit_exons.counts.txt, /vscratch/grp-songyao/pnfioric/pantry/intermediate/stability/RS-03427463.constit_exons.counts.txt, /vscratch/grp-songyao/pnfioric/pantry/intermediate/stability/RS-03522170.constit_exons.counts.txt, /vscratch/grp-songyao/pnfioric/pantry/intermediate/stability/RS-03522202.constit_exons.counts.txt, /vscratch/grp-songyao/pnfioric/pantry/intermediate/stability/RS-03568549.constit_exons.counts.txt, /vscratch/grp-songyao/pnfioric/pantry/intermediate/stability/RS-03602187.constit_exons.counts.txt, /vscratch/grp-songyao/pnfioric/pantry/intermediate/stability/RS-03689431.constit_exons.counts.txt, /vscratch/grp-songyao/pnfioric/pantry/intermediate/stability/RS-03695641.constit_exons.counts.txt, /vscratch/grp-songyao/pnfioric/pantry/intermediate/stability/RS-03697717.constit_exons.counts.txt, /vscratch/grp-songyao/pnfioric/pantry/intermediate/stability/RS-03702962.constit_exons.counts.txt, /vscratch/grp-songyao/pnfioric/pantry/intermediate/stability/RS-03709093.constit_exons.counts.txt, /vscratch/grp-songyao/pnfioric/pantry/intermediate/stability/RS-03709094.constit_exons.counts.txt, /vscratch/grp-songyao/pnfioric/pantry/intermediate/stability/RS-03709098.constit_exons.counts.txt, /vscratch/grp-songyao/pnfioric/pantry/intermediate/stability/RS-03710643.constit_exons.counts.txt, /vscratch/grp-songyao/pnfioric/pantry/intermediate/stability/RS-03711363.constit_exons.counts.txt, /vscratch/grp-songyao/pnfioric/pantry/intermediate/stability/RS-03722465.constit_exons.counts.txt, /vscratch/grp-songyao/pnfioric/pantry/intermediate/stability/RS-03726100.constit_exons.counts.txt, /vscratch/grp-songyao/pnfioric/pantry/intermediate/stability/RS-03726102.constit_exons.counts.txt, /vscratch/grp-songyao/pnfioric/pantry/intermediate/stability/RS-03726103.constit_exons.counts.txt, /vscratch/grp-songyao/pnfioric/pantry/intermediate/stability/RS-03745424.constit_exons.counts.txt, /vscratch/grp-songyao/pnfioric/pantry/intermediate/stability/RS-03746605.constit_exons.counts.txt, /vscratch/grp-songyao/pnfioric/pantry/intermediate/stability/RS-03746606.constit_exons.counts.txt, /vscratch/grp-songyao/pnfioric/pantry/intermediate/stability/RS-03750575.constit_exons.counts.txt, /vscratch/grp-songyao/pnfioric/pantry/intermediate/stability/RS-03750576.constit_exons.counts.txt, /vscratch/grp-songyao/pnfioric/pantry/intermediate/stability/RS-03750577.constit_exons.counts.txt, /vscratch/grp-songyao/pnfioric/pantry/intermediate/stability/RS-03753113.constit_exons.counts.txt, /vscratch/grp-songyao/pnfioric/pantry/intermediate/stability/RS-03753115.constit_exons.counts.txt, /vscratch/grp-songyao/pnfioric/pantry/intermediate/stability/RS-03754774.constit_exons.counts.txt, /vscratch/grp-songyao/pnfioric/pantry/intermediate/stability/RS-03754775.constit_exons.counts.txt, /vscratch/grp-songyao/pnfioric/pantry/intermediate/stability/RS-03756154.constit_exons.counts.txt, /vscratch/grp-songyao/pnfioric/pantry/intermediate/stability/RS-03756156.constit_exons.counts.txt, /vscratch/grp-songyao/pnfioric/pantry/intermediate/stability/RS-03756157.constit_exons.counts.txt, /vscratch/grp-songyao/pnfioric/pantry/intermediate/stability/RS-03766372.constit_exons.counts.txt, /vscratch/grp-songyao/pnfioric/pantry/intermediate/stability/RS-03766374.constit_exons.counts.txt, /vscratch/grp-songyao/pnfioric/pantry/intermediate/stability/RS-03767743.constit_exons.counts.txt, /vscratch/grp-songyao/pnfioric/pantry/intermediate/stability/RS-03767744.constit_exons.counts.txt, /vscratch/grp-songyao/pnfioric/pantry/intermediate/stability/RS-03769227.constit_exons.counts.txt, /vscratch/grp-songyao/pnfioric/pantry/intermediate/stability/RS-03769895.constit_exons.counts.txt, /vscratch/grp-songyao/pnfioric/pantry/intermediate/stability/RS-03769896.constit_exons.counts.txt, /vscratch/grp-songyao/pnfioric/pantry/intermediate/stability/RS-03773034.constit_exons.counts.txt, /vscratch/grp-songyao/pnfioric/pantry/intermediate/stability/RS-03773036.constit_exons.counts.txt, /vscratch/grp-songyao/pnfioric/pantry/intermediate/stability/RS-03773039.constit_exons.counts.txt, /vscratch/grp-songyao/pnfioric/pantry/intermediate/stability/RS-03779390.constit_exons.counts.txt, /vscratch/grp-songyao/pnfioric/pantry/intermediate/stability/RS-03779391.constit_exons.counts.txt, /vscratch/grp-songyao/pnfioric/pantry/intermediate/stability/RS-03779392.constit_exons.counts.txt, /vscratch/grp-songyao/pnfioric/pantry/intermediate/stability/RS-03779394.constit_exons.counts.txt, /vscratch/grp-songyao/pnfioric/pantry/intermediate/stability/RS-03792485.constit_exons.counts.txt, /vscratch/grp-songyao/pnfioric/pantry/intermediate/stability/RS-03792488.constit_exons.counts.txt, /vscratch/grp-songyao/pnfioric/pantry/intermediate/stability/RS-03800061.constit_exons.counts.txt, /vscratch/grp-songyao/pnfioric/pantry/intermediate/stability/RS-03804912.constit_exons.counts.txt, /vscratch/grp-songyao/pnfioric/pantry/intermediate/stability/RS-03804915.constit_exons.counts.txt, /vscratch/grp-songyao/pnfioric/pantry/intermediate/stability/RS-03804916.constit_exons.counts.txt, /vscratch/grp-songyao/pnfioric/pantry/intermediate/stability/RS-03813027.constit_exons.counts.txt, /vscratch/grp-songyao/pnfioric/pantry/intermediate/stability/RS-03813029.constit_exons.counts.txt, /vscratch/grp-songyao/pnfioric/pantry/intermediate/stability/RS-03813031.constit_exons.counts.txt, /vscratch/grp-songyao/pnfioric/pantry/intermediate/stability/RS-03813032.constit_exons.counts.txt, /vscratch/grp-songyao/pnfioric/pantry/intermediate/stability/RS-03816355.constit_exons.counts.txt, /vscratch/grp-songyao/pnfioric/pantry/intermediate/stability/RS-03816356.constit_exons.counts.txt, /vscratch/grp-songyao/pnfioric/pantry/intermediate/stability/RS-03816358.constit_exons.counts.txt, /vscratch/grp-songyao/pnfioric/pantry/intermediate/stability/RS-03817302.constit_exons.counts.txt, /vscratch/grp-songyao/pnfioric/pantry/intermediate/stability/RS-03817304.constit_exons.counts.txt, /vscratch/grp-songyao/pnfioric/pantry/intermediate/stability/RS-03827250.constit_exons.counts.txt, /vscratch/grp-songyao/pnfioric/pantry/intermediate/stability/RS-03827254.constit_exons.counts.txt, /vscratch/grp-songyao/pnfioric/pantry/intermediate/stability/RS-03831725.constit_exons.counts.txt, /vscratch/grp-songyao/pnfioric/pantry/intermediate/stability/RS-03834166.constit_exons.counts.txt, /vscratch/grp-songyao/pnfioric/pantry/intermediate/stability/RS-03834168.constit_exons.counts.txt, /vscratch/grp-songyao/pnfioric/pantry/intermediate/stability/RS-03837511.constit_exons.counts.txt, /vscratch/grp-songyao/pnfioric/pantry/intermediate/stability/RS-03837512.constit_exons.counts.txt, /vscratch/grp-songyao/pnfioric/pantry/intermediate/stability/RS-03837577.constit_exons.counts.txt, /vscratch/grp-songyao/pnfioric/pantry/intermediate/stability/RS-03838687.constit_exons.counts.txt, /vscratch/grp-songyao/pnfioric/pantry/intermediate/stability/RS-03840948.constit_exons.counts.txt, /vscratch/grp-songyao/pnfioric/pantry/intermediate/stability/RS-03840952.constit_exons.counts.txt, /vscratch/grp-songyao/pnfioric/pantry/intermediate/stability/RS-03840994.constit_exons.counts.txt, /vscratch/grp-songyao/pnfioric/pantry/intermediate/stability/RS-03849883.constit_exons.counts.txt, /vscratch/grp-songyao/pnfioric/pantry/intermediate/stability/RS-03857995.constit_exons.counts.txt, /vscratch/grp-songyao/pnfioric/pantry/intermediate/stability/RS-03860509.constit_exons.counts.txt, /vscratch/grp-songyao/pnfioric/pantry/intermediate/stability/RS-03862582.constit_exons.counts.txt, /vscratch/grp-songyao/pnfioric/pantry/intermediate/stability/RS-03862589.constit_exons.counts.txt, /vscratch/grp-songyao/pnfioric/pantry/intermediate/stability/RS-03879231.constit_exons.counts.txt, /vscratch/grp-songyao/pnfioric/pantry/intermediate/stability/RS-03885248.constit_exons.counts.txt, /vscratch/grp-songyao/pnfioric/pantry/intermediate/stability/RS-03885250.constit_exons.counts.txt, /vscratch/grp-songyao/pnfioric/pantry/intermediate/stability/RS-03886129.constit_exons.counts.txt, /vscratch/grp-songyao/pnfioric/pantry/intermediate/stability/RS-03888427.constit_exons.counts.txt, /vscratch/grp-songyao/pnfioric/pantry/intermediate/stability/RS-03888429.constit_exons.counts.txt, /vscratch/grp-songyao/pnfioric/pantry/intermediate/stability/RS-03890640.constit_exons.counts.txt, /vscratch/grp-songyao/pnfioric/pantry/intermediate/stability/RS-03890644.constit_exons.counts.txt, /vscratch/grp-songyao/pnfioric/pantry/intermediate/stability/RS-03898411.constit_exons.counts.txt, /vscratch/grp-songyao/pnfioric/pantry/intermediate/stability/RS-03898412.constit_exons.counts.txt, /vscratch/grp-songyao/pnfioric/pantry/intermediate/stability/RS-03899701.constit_exons.counts.txt, /vscratch/grp-songyao/pnfioric/pantry/intermediate/stability/RS-03899703.constit_exons.counts.txt, /vscratch/grp-songyao/pnfioric/pantry/intermediate/stability/RS-03899706.constit_exons.counts.txt, /vscratch/grp-songyao/pnfioric/pantry/intermediate/stability/RS-03901858.constit_exons.counts.txt, /vscratch/grp-songyao/pnfioric/pantry/intermediate/stability/RS-03931520.constit_exons.counts.txt, /vscratch/grp-songyao/pnfioric/pantry/intermediate/stability/RS-03970187.constit_exons.counts.txt, /vscratch/grp-songyao/pnfioric/pantry/intermediate/stability/RS-04035152.constit_exons.counts.txt, /vscratch/grp-songyao/pnfioric/pantry/intermediate/stability/RS-04035153.constit_exons.counts.txt, /vscratch/grp-songyao/pnfioric/pantry/intermediate/stability/RS-04035154.constit_exons.counts.txt, /vscratch/grp-songyao/pnfioric/pantry/intermediate/stability/RS-04036669.constit_exons.counts.txt, /vscratch/grp-songyao/pnfioric/pantry/intermediate/stability/RS-04036674.constit_exons.counts.txt, /vscratch/grp-songyao/pnfioric/pantry/intermediate/stability/RS-04045323.constit_exons.counts.txt, /vscratch/grp-songyao/pnfioric/pantry/intermediate/stability/RS-04045663.constit_exons.counts.txt, /vscratch/grp-songyao/pnfioric/pantry/intermediate/stability/RS-04048349.constit_exons.counts.txt, /vscratch/grp-songyao/pnfioric/pantry/intermediate/stability/RS-04050572.constit_exons.counts.txt, /vscratch/grp-songyao/pnfioric/pantry/intermediate/stability/RS-04056908.constit_exons.counts.txt, /vscratch/grp-songyao/pnfioric/pantry/intermediate/stability/RS-04056909.constit_exons.counts.txt, /vscratch/grp-songyao/pnfioric/pantry/intermediate/stability/RS-04056911.constit_exons.counts.txt, /vscratch/grp-songyao/pnfioric/pantry/intermediate/stability/RS-04058236.constit_exons.counts.txt, /vscratch/grp-songyao/pnfioric/pantry/intermediate/stability/RS-04058254.constit_exons.counts.txt, /vscratch/grp-songyao/pnfioric/pantry/intermediate/stability/RS-04058255.constit_exons.counts.txt, /vscratch/grp-songyao/pnfioric/pantry/intermediate/stability/RS-04058256.constit_exons.counts.txt, /vscratch/grp-songyao/pnfioric/pantry/intermediate/stability/RS-04059952.constit_exons.counts.txt, /vscratch/grp-songyao/pnfioric/pantry/intermediate/stability/RS-04059954.constit_exons.counts.txt, /vscratch/grp-songyao/pnfioric/pantry/intermediate/stability/RS-04061367.constit_exons.counts.txt, /vscratch/grp-songyao/pnfioric/pantry/intermediate/stability/RS-04061369.constit_exons.counts.txt, /vscratch/grp-songyao/pnfioric/pantry/intermediate/stability/RS-04065375.constit_exons.counts.txt, /vscratch/grp-songyao/pnfioric/pantry/intermediate/stability/RS-04066121.constit_exons.counts.txt, /vscratch/grp-songyao/pnfioric/pantry/intermediate/stability/RS-04068926.constit_exons.counts.txt, /vscratch/grp-songyao/pnfioric/pantry/intermediate/stability/RS-04072742.constit_exons.counts.txt, /vscratch/grp-songyao/pnfioric/pantry/intermediate/stability/RS-04075008.constit_exons.counts.txt, /vscratch/grp-songyao/pnfioric/pantry/intermediate/stability/RS-04075720.constit_exons.counts.txt, /vscratch/grp-songyao/pnfioric/pantry/intermediate/stability/RS-04079693.constit_exons.counts.txt, /vscratch/grp-songyao/pnfioric/pantry/intermediate/stability/RS-04079696.constit_exons.counts.txt, /vscratch/grp-songyao/pnfioric/pantry/intermediate/stability/RS-04083995.constit_exons.counts.txt, /vscratch/grp-songyao/pnfioric/pantry/intermediate/stability/RS-04084275.constit_exons.counts.txt, /vscratch/grp-songyao/pnfioric/pantry/intermediate/stability/RS-04084277.constit_exons.counts.txt, /vscratch/grp-songyao/pnfioric/pantry/intermediate/stability/RS-04088695.constit_exons.counts.txt, /vscratch/grp-songyao/pnfioric/pantry/intermediate/stability/RS-04088698.constit_exons.counts.txt, /vscratch/grp-songyao/pnfioric/pantry/intermediate/stability/RS-04088945.constit_exons.counts.txt, /vscratch/grp-songyao/pnfioric/pantry/intermediate/stability/RS-04092923.constit_exons.counts.txt, /vscratch/grp-songyao/pnfioric/pantry/intermediate/stability/RS-04096236.constit_exons.counts.txt, /vscratch/grp-songyao/pnfioric/pantry/intermediate/stability/RS-04096237.constit_exons.counts.txt, /vscratch/grp-songyao/pnfioric/pantry/intermediate/stability/RS-04096238.constit_exons.counts.txt, /vscratch/grp-songyao/pnfioric/pantry/intermediate/stability/RS-04096478.constit_exons.counts.txt, /vscratch/grp-songyao/pnfioric/pantry/intermediate/stability/RS-04104756.constit_exons.counts.txt, /vscratch/grp-songyao/pnfioric/pantry/intermediate/stability/RS-04104778.constit_exons.counts.txt, /vscratch/grp-songyao/pnfioric/pantry/intermediate/stability/RS-04120256.constit_exons.counts.txt, /vscratch/grp-songyao/pnfioric/pantry/intermediate/stability/RS-04124047.constit_exons.counts.txt, /vscratch/grp-songyao/pnfioric/pantry/intermediate/stability/RS-04124088.constit_exons.counts.txt, /vscratch/grp-songyao/pnfioric/pantry/intermediate/stability/RS-04128336.constit_exons.counts.txt, /vscratch/grp-songyao/pnfioric/pantry/intermediate/stability/RS-04128573.constit_exons.counts.txt, /vscratch/grp-songyao/pnfioric/pantry/intermediate/stability/RS-04128574.constit_exons.counts.txt, /vscratch/grp-songyao/pnfioric/pantry/intermediate/stability/RS-04147830.constit_exons.counts.txt, /vscratch/grp-songyao/pnfioric/pantry/intermediate/stability/RS-04147928.constit_exons.counts.txt, /vscratch/grp-songyao/pnfioric/pantry/intermediate/stability/RS-04151684.constit_exons.counts.txt, /vscratch/grp-songyao/pnfioric/pantry/intermediate/stability/RS-04151685.constit_exons.counts.txt, /vscratch/grp-songyao/pnfioric/pantry/intermediate/stability/RS-04152328.constit_exons.counts.txt, /vscratch/grp-songyao/pnfioric/pantry/intermediate/stability/RS-04153630.constit_exons.counts.txt, /vscratch/grp-songyao/pnfioric/pantry/intermediate/stability/RS-04164414.constit_exons.counts.txt, /vscratch/grp-songyao/pnfioric/pantry/intermediate/stability/RS-04165459.constit_exons.counts.txt, /vscratch/grp-songyao/pnfioric/pantry/intermediate/stability/RS-04178224.constit_exons.counts.txt, /vscratch/grp-songyao/pnfioric/pantry/intermediate/stability/RS-04187404.constit_exons.counts.txt, /vscratch/grp-songyao/pnfioric/pantry/intermediate/stability/RS-04190909.constit_exons.counts.txt, /vscratch/grp-songyao/pnfioric/pantry/intermediate/stability/RS-04199405.constit_exons.counts.txt, /vscratch/grp-songyao/pnfioric/pantry/intermediate/stability/RS-04208747.constit_exons.counts.txt, /vscratch/grp-songyao/pnfioric/pantry/intermediate/stability/RS-04208749.constit_exons.counts.txt, /vscratch/grp-songyao/pnfioric/pantry/intermediate/stability/RS-04211377.constit_exons.counts.txt, /vscratch/grp-songyao/pnfioric/pantry/intermediate/stability/RS-04212075.constit_exons.counts.txt, /vscratch/grp-songyao/pnfioric/pantry/intermediate/stability/RS-04212079.constit_exons.counts.txt, /vscratch/grp-songyao/pnfioric/pantry/intermediate/stability/RS-04212143.constit_exons.counts.txt, /vscratch/grp-songyao/pnfioric/pantry/intermediate/stability/RS-04215055.constit_exons.counts.txt, /vscratch/grp-songyao/pnfioric/pantry/intermediate/stability/RS-04215978.constit_exons.counts.txt, /vscratch/grp-songyao/pnfioric/pantry/intermediate/stability/RS-04215980.constit_exons.counts.txt, /vscratch/grp-songyao/pnfioric/pantry/intermediate/stability/RS-04218231.constit_exons.counts.txt, /vscratch/grp-songyao/pnfioric/pantry/intermediate/stability/RS-04218233.constit_exons.counts.txt, /vscratch/grp-songyao/pnfioric/pantry/intermediate/stability/RS-04218234.constit_exons.counts.txt, /vscratch/grp-songyao/pnfioric/pantry/intermediate/stability/RS-04221471.constit_exons.counts.txt, /vscratch/grp-songyao/pnfioric/pantry/intermediate/stability/RS-04224029.constit_exons.counts.txt, /vscratch/grp-songyao/pnfioric/pantry/intermediate/stability/RS-04233421.constit_exons.counts.txt, /vscratch/grp-songyao/pnfioric/pantry/intermediate/stability/RS-04234182.constit_exons.counts.txt, /vscratch/grp-songyao/pnfioric/pantry/intermediate/stability/RS-04235657.constit_exons.counts.txt, /vscratch/grp-songyao/pnfioric/pantry/intermediate/stability/RS-04237081.constit_exons.counts.txt, /vscratch/grp-songyao/pnfioric/pantry/intermediate/stability/RS-04238109.constit_exons.counts.txt, /vscratch/grp-songyao/pnfioric/pantry/intermediate/stability/RS-04238138.constit_exons.counts.txt, /vscratch/grp-songyao/pnfioric/pantry/intermediate/stability/RS-04239576.constit_exons.counts.txt, /vscratch/grp-songyao/pnfioric/pantry/intermediate/stability/RS-04240727.constit_exons.counts.txt, /vscratch/grp-songyao/pnfioric/pantry/intermediate/stability/RS-04240729.constit_exons.counts.txt, /vscratch/grp-songyao/pnfioric/pantry/intermediate/stability/RS-04240732.constit_exons.counts.txt, /vscratch/grp-songyao/pnfioric/pantry/intermediate/stability/RS-04241362.constit_exons.counts.txt, /vscratch/grp-songyao/pnfioric/pantry/intermediate/stability/RS-04246019.constit_exons.counts.txt, /vscratch/grp-songyao/pnfioric/pantry/intermediate/stability/RS-04247341.constit_exons.counts.txt, /vscratch/grp-songyao/pnfioric/pantry/intermediate/stability/RS-04247342.constit_exons.counts.txt, /vscratch/grp-songyao/pnfioric/pantry/intermediate/stability/RS-04251303.constit_exons.counts.txt, /vscratch/grp-songyao/pnfioric/pantry/intermediate/stability/RS-04251304.constit_exons.counts.txt, /vscratch/grp-songyao/pnfioric/pantry/intermediate/stability/RS-04252125.constit_exons.counts.txt, /vscratch/grp-songyao/pnfioric/pantry/intermediate/stability/RS-04256820.constit_exons.counts.txt, /vscratch/grp-songyao/pnfioric/pantry/intermediate/stability/RS-04262923.constit_exons.counts.txt, /vscratch/grp-songyao/pnfioric/pantry/intermediate/stability/RS-04262928.constit_exons.counts.txt, /vscratch/grp-songyao/pnfioric/pantry/intermediate/stability/RS-04266595.constit_exons.counts.txt, /vscratch/grp-songyao/pnfioric/pantry/intermediate/stability/RS-04267058.constit_exons.counts.txt, /vscratch/grp-songyao/pnfioric/pantry/intermediate/stability/RS-04267062.constit_exons.counts.txt, /vscratch/grp-songyao/pnfioric/pantry/intermediate/stability/RS-04367335.constit_exons.counts.txt, /vscratch/grp-songyao/pnfioric/pantry/intermediate/stability/RS-04367336.constit_exons.counts.txt, /vscratch/grp-songyao/pnfioric/pantry/intermediate/stability/RS-04367337.constit_exons.counts.txt, /vscratch/grp-songyao/pnfioric/pantry/intermediate/stability/RS-04367338.constit_exons.counts.txt, /vscratch/grp-songyao/pnfioric/pantry/intermediate/stability/RS-04367339.constit_exons.counts.txt, /vscratch/grp-songyao/pnfioric/pantry/intermediate/stability/RS-04367340.constit_exons.counts.txt, /vscratch/grp-songyao/pnfioric/pantry/intermediate/stability/RS-04367341.constit_exons.counts.txt, /vscratch/grp-songyao/pnfioric/pantry/intermediate/stability/RS-04367342.constit_exons.counts.txt, /vscratch/grp-songyao/pnfioric/pantry/intermediate/stability/RS-04367343.constit_exons.counts.txt, /vscratch/grp-songyao/pnfioric/pantry/intermediate/stability/RS-04367344.constit_exons.counts.txt, /vscratch/grp-songyao/pnfioric/pantry/intermediate/stability/RS-04367345.constit_exons.counts.txt, /vscratch/grp-songyao/pnfioric/pantry/intermediate/stability/RS-04367346.constit_exons.counts.txt, /vscratch/grp-songyao/pnfioric/pantry/intermediate/stability/RS-04367347.constit_exons.counts.txt, /vscratch/grp-songyao/pnfioric/pantry/intermediate/stability/RS-04367348.constit_exons.counts.txt, /vscratch/grp-songyao/pnfioric/pantry/intermediate/stability/RS-04367349.constit_exons.counts.txt, /vscratch/grp-songyao/pnfioric/pantry/intermediate/stability/RS-04367350.constit_exons.counts.txt, /vscratch/grp-songyao/pnfioric/pantry/intermediate/stability/RS-04367351.constit_exons.counts.txt, /vscratch/grp-songyao/pnfioric/pantry/intermediate/stability/RS-04367352.constit_exons.counts.txt, /vscratch/grp-songyao/pnfioric/pantry/intermediate/stability/RS-04367353.constit_exons.counts.txt, /vscratch/grp-songyao/pnfioric/pantry/intermediate/stability/RS-04367354.constit_exons.counts.txt, /vscratch/grp-songyao/pnfioric/pantry/intermediate/stability/RS-04367355.constit_exons.counts.txt, /vscratch/grp-songyao/pnfioric/pantry/intermediate/stability/RS-04367356.constit_exons.counts.txt, /vscratch/grp-songyao/pnfioric/pantry/intermediate/stability/RS-04367357.constit_exons.counts.txt, /vscratch/grp-songyao/pnfioric/pantry/intermediate/stability/RS-04367358.constit_exons.counts.txt, /vscratch/grp-songyao/pnfioric/pantry/intermediate/stability/RS-04367359.constit_exons.counts.txt, /vscratch/grp-songyao/pnfioric/pantry/intermediate/stability/RS-04367360.constit_exons.counts.txt, /vscratch/grp-songyao/pnfioric/pantry/intermediate/stability/RS-04367361.constit_exons.counts.txt, /vscratch/grp-songyao/pnfioric/pantry/intermediate/stability/RS-04367362.constit_exons.counts.txt, /vscratch/grp-songyao/pnfioric/pantry/intermediate/stability/RS-04367363.constit_exons.counts.txt, /vscratch/grp-songyao/pnfioric/pantry/intermediate/stability/RS-04367364.constit_exons.counts.txt, /vscratch/grp-songyao/pnfioric/pantry/intermediate/stability/RS-04367365.constit_exons.counts.txt, /vscratch/grp-songyao/pnfioric/pantry/intermediate/stability/RS-04367366.constit_exons.counts.txt, /vscratch/grp-songyao/pnfioric/pantry/intermediate/stability/RS-04367367.constit_exons.counts.txt, /vscratch/grp-songyao/pnfioric/pantry/intermediate/stability/RS-04367368.constit_exons.counts.txt, /vscratch/grp-songyao/pnfioric/pantry/intermediate/stability/RS-04367369.constit_exons.counts.txt, /vscratch/grp-songyao/pnfioric/pantry/intermediate/stability/RS-04367370.constit_exons.counts.txt, /vscratch/grp-songyao/pnfioric/pantry/intermediate/stability/RS-04367371.constit_exons.counts.txt, /vscratch/grp-songyao/pnfioric/pantry/intermediate/stability/RS-04367372.constit_exons.counts.txt, /vscratch/grp-songyao/pnfioric/pantry/intermediate/stability/RS-04367373.constit_exons.counts.txt, /vscratch/grp-songyao/pnfioric/pantry/intermediate/stability/RS-04367374.constit_exons.counts.txt, /vscratch/grp-songyao/pnfioric/pantry/intermediate/stability/RS-04367375.constit_exons.counts.txt, /vscratch/grp-songyao/pnfioric/pantry/intermediate/stability/RS-04367376.constit_exons.counts.txt, /vscratch/grp-songyao/pnfioric/pantry/intermediate/stability/RS-04367377.constit_exons.counts.txt, /vscratch/grp-songyao/pnfioric/pantry/intermediate/stability/RS-04367378.constit_exons.counts.txt, /vscratch/grp-songyao/pnfioric/pantry/intermediate/stability/RS-04367379.constit_exons.counts.txt, /vscratch/grp-songyao/pnfioric/pantry/intermediate/stability/RS-04367380.constit_exons.counts.txt, /vscratch/grp-songyao/pnfioric/pantry/intermediate/stability/RS-04367381.constit_exons.counts.txt, /vscratch/grp-songyao/pnfioric/pantry/intermediate/stability/RS-04367382.constit_exons.counts.txt, /vscratch/grp-songyao/pnfioric/pantry/intermediate/stability/RS-04367383.constit_exons.counts.txt, /vscratch/grp-songyao/pnfioric/pantry/intermediate/stability/RS-04367384.constit_exons.counts.txt, /vscratch/grp-songyao/pnfioric/pantry/intermediate/stability/RS-04367385.constit_exons.counts.txt, /vscratch/grp-songyao/pnfioric/pantry/intermediate/stability/RS-04367386.constit_exons.counts.txt, /vscratch/grp-songyao/pnfioric/pantry/intermediate/stability/RS-04367387.constit_exons.counts.txt, /vscratch/grp-songyao/pnfioric/pantry/intermediate/stability/RS-04367388.constit_exons.counts.txt, /vscratch/grp-songyao/pnfioric/pantry/intermediate/stability/RS-04367389.constit_exons.counts.txt, /vscratch/grp-songyao/pnfioric/pantry/intermediate/stability/RS-04367390.constit_exons.counts.txt, /vscratch/grp-songyao/pnfioric/pantry/intermediate/stability/RS-04367391.constit_exons.counts.txt, /vscratch/grp-songyao/pnfioric/pantry/intermediate/stability/RS-04367392.constit_exons.counts.txt, /vscratch/grp-songyao/pnfioric/pantry/intermediate/stability/RS-04367393.constit_exons.counts.txt, /vscratch/grp-songyao/pnfioric/pantry/intermediate/stability/RS-04367394.constit_exons.counts.txt, /vscratch/grp-songyao/pnfioric/pantry/intermediate/stability/RS-04367395.constit_exons.counts.txt, /vscratch/grp-songyao/pnfioric/pantry/intermediate/stability/RS-04367396.constit_exons.counts.txt, /vscratch/grp-songyao/pnfioric/pantry/intermediate/stability/RS-04367397.constit_exons.counts.txt, /vscratch/grp-songyao/pnfioric/pantry/intermediate/stability/RS-04367398.constit_exons.counts.txt, /vscratch/grp-songyao/pnfioric/pantry/intermediate/stability/RS-04367399.constit_exons.counts.txt, /vscratch/grp-songyao/pnfioric/pantry/intermediate/stability/RS-04367400.constit_exons.counts.txt, /vscratch/grp-songyao/pnfioric/pantry/intermediate/stability/RS-04367401.constit_exons.counts.txt, /vscratch/grp-songyao/pnfioric/pantry/intermediate/stability/RS-04367402.constit_exons.counts.txt, /vscratch/grp-songyao/pnfioric/pantry/intermediate/stability/RS-04367403.constit_exons.counts.txt, /vscratch/grp-songyao/pnfioric/pantry/intermediate/stability/RS-04367404.constit_exons.counts.txt, /vscratch/grp-songyao/pnfioric/pantry/intermediate/stability/RS-04367405.constit_exons.counts.txt, /vscratch/grp-songyao/pnfioric/pantry/intermediate/stability/RS-04367406.constit_exons.counts.txt, /vscratch/grp-songyao/pnfioric/pantry/intermediate/stability/RS-04367407.constit_exons.counts.txt, /vscratch/grp-songyao/pnfioric/pantry/intermediate/stability/RS-04367408.constit_exons.counts.txt, /vscratch/grp-songyao/pnfioric/pantry/intermediate/stability/RS-04367409.constit_exons.counts.txt, /vscratch/grp-songyao/pnfioric/pantry/intermediate/stability/RS-04367410.constit_exons.counts.txt, /vscratch/grp-songyao/pnfioric/pantry/intermediate/stability/RS-04367411.constit_exons.counts.txt, /vscratch/grp-songyao/pnfioric/pantry/intermediate/stability/RS-04367412.constit_exons.counts.txt, /vscratch/grp-songyao/pnfioric/pantry/intermediate/stability/RS-04367413.constit_exons.counts.txt, /vscratch/grp-songyao/pnfioric/pantry/intermediate/stability/RS-04367414.constit_exons.counts.txt, /vscratch/grp-songyao/pnfioric/pantry/intermediate/stability/RS-04367415.constit_exons.counts.txt, /vscratch/grp-songyao/pnfioric/pantry/intermediate/stability/RS-04367416.constit_exons.counts.txt, /vscratch/grp-songyao/pnfioric/pantry/intermediate/stability/RS-04367417.constit_exons.counts.txt, /vscratch/grp-songyao/pnfioric/pantry/intermediate/stability/RS-04367418.constit_exons.counts.txt, /vscratch/grp-songyao/pnfioric/pantry/intermediate/stability/RS-04367419.constit_exons.counts.txt, /vscratch/grp-songyao/pnfioric/pantry/intermediate/stability/RS-04367420.constit_exons.counts.txt, /vscratch/grp-songyao/pnfioric/pantry/intermediate/stability/RS-04367421.constit_exons.counts.txt, /vscratch/grp-songyao/pnfioric/pantry/intermediate/stability/RS-04367422.constit_exons.counts.txt, /vscratch/grp-songyao/pnfioric/pantry/intermediate/stability/RS-04367423.constit_exons.counts.txt, /vscratch/grp-songyao/pnfioric/pantry/intermediate/stability/RS-04367424.constit_exons.counts.txt, /vscratch/grp-songyao/pnfioric/pantry/intermediate/stability/RS-04367425.constit_exons.counts.txt, /vscratch/grp-songyao/pnfioric/pantry/intermediate/stability/RS-04367426.constit_exons.counts.txt, /vscratch/grp-songyao/pnfioric/pantry/intermediate/stability/RS-04367427.constit_exons.counts.txt, /vscratch/grp-songyao/pnfioric/pantry/intermediate/stability/RS-04367428.constit_exons.counts.txt, /vscratch/grp-songyao/pnfioric/pantry/intermediate/stability/RS-04367429.constit_exons.counts.txt, /vscratch/grp-songyao/pnfioric/pantry/intermediate/stability/RS-04367430.constit_exons.counts.txt, /vscratch/grp-songyao/pnfioric/pantry/intermediate/stability/RS-04367431.constit_exons.counts.txt, /vscratch/grp-songyao/pnfioric/pantry/intermediate/stability/RS-04367432.constit_exons.counts.txt, /vscratch/grp-songyao/pnfioric/pantry/intermediate/stability/RS-04367433.constit_exons.counts.txt, /vscratch/grp-songyao/pnfioric/pantry/intermediate/stability/RS-04367434.constit_exons.counts.txt, /vscratch/grp-songyao/pnfioric/pantry/intermediate/stability/RS-04367435.constit_exons.counts.txt, /vscratch/grp-songyao/pnfioric/pantry/intermediate/stability/RS-04367436.constit_exons.counts.txt, /vscratch/grp-songyao/pnfioric/pantry/intermediate/stability/RS-04367437.constit_exons.counts.txt, /vscratch/grp-songyao/pnfioric/pantry/intermediate/stability/RS-04367438.constit_exons.counts.txt, /vscratch/grp-songyao/pnfioric/pantry/intermediate/stability/RS-04367439.constit_exons.counts.txt, /vscratch/grp-songyao/pnfioric/pantry/intermediate/stability/RS-04367440.constit_exons.counts.txt, /vscratch/grp-songyao/pnfioric/pantry/intermediate/stability/RS-04367441.constit_exons.counts.txt, /vscratch/grp-songyao/pnfioric/pantry/intermediate/stability/RS-04367442.constit_exons.counts.txt, /vscratch/grp-songyao/pnfioric/pantry/intermediate/stability/RS-04367443.constit_exons.counts.txt, /vscratch/grp-songyao/pnfioric/pantry/intermediate/stability/RS-04367444.constit_exons.counts.txt, /vscratch/grp-songyao/pnfioric/pantry/intermediate/stability/RS-04367445.constit_exons.counts.txt, /vscratch/grp-songyao/pnfioric/pantry/intermediate/stability/RS-04367446.constit_exons.counts.txt, /vscratch/grp-songyao/pnfioric/pantry/intermediate/stability/RS-04367447.constit_exons.counts.txt, /vscratch/grp-songyao/pnfioric/pantry/intermediate/stability/RS-04367448.constit_exons.counts.txt, /vscratch/grp-songyao/pnfioric/pantry/intermediate/stability/RS-04367449.constit_exons.counts.txt, /vscratch/grp-songyao/pnfioric/pantry/intermediate/stability/RS-04367450.constit_exons.counts.txt, /vscratch/grp-songyao/pnfioric/pantry/intermediate/stability/RS-04367451.constit_exons.counts.txt, /vscratch/grp-songyao/pnfioric/pantry/intermediate/stability/RS-04367452.constit_exons.counts.txt, /vscratch/grp-songyao/pnfioric/pantry/intermediate/stability/RS-04367453.constit_exons.counts.txt, /vscratch/grp-songyao/pnfioric/pantry/intermediate/stability/RS-04367454.constit_exons.counts.txt, /vscratch/grp-songyao/pnfioric/pantry/intermediate/stability/RS-04367455.constit_exons.counts.txt, /vscratch/grp-songyao/pnfioric/pantry/intermediate/stability/RS-04367456.constit_exons.counts.txt, /vscratch/grp-songyao/pnfioric/pantry/intermediate/stability/RS-04367457.constit_exons.counts.txt, /vscratch/grp-songyao/pnfioric/pantry/intermediate/stability/RS-04367458.constit_exons.counts.txt, /vscratch/grp-songyao/pnfioric/pantry/intermediate/stability/RS-04367459.constit_exons.counts.txt, /vscratch/grp-songyao/pnfioric/pantry/intermediate/stability/RS-04367460.constit_exons.counts.txt, /vscratch/grp-songyao/pnfioric/pantry/intermediate/stability/RS-04367461.constit_exons.counts.txt, /vscratch/grp-songyao/pnfioric/pantry/intermediate/stability/RS-04367462.constit_exons.counts.txt, /vscratch/grp-songyao/pnfioric/pantry/intermediate/stability/RS-04367463.constit_exons.counts.txt, /vscratch/grp-songyao/pnfioric/pantry/intermediate/stability/RS-04367464.constit_exons.counts.txt, /vscratch/grp-songyao/pnfioric/pantry/intermediate/stability/RS-04367465.constit_exons.counts.txt, /vscratch/grp-songyao/pnfioric/pantry/intermediate/stability/RS-04367466.constit_exons.counts.txt, /vscratch/grp-songyao/pnfioric/pantry/intermediate/stability/RS-04367467.constit_exons.counts.txt, /vscratch/grp-songyao/pnfioric/pantry/intermediate/stability/RS-04367468.constit_exons.counts.txt, /vscratch/grp-songyao/pnfioric/pantry/intermediate/stability/RS-04367469.constit_exons.counts.txt, /vscratch/grp-songyao/pnfioric/pantry/intermediate/stability/RS-04367470.constit_exons.counts.txt, /vscratch/grp-songyao/pnfioric/pantry/intermediate/stability/RS-04367471.constit_exons.counts.txt, /vscratch/grp-songyao/pnfioric/pantry/intermediate/stability/RS-04367472.constit_exons.counts.txt, /vscratch/grp-songyao/pnfioric/pantry/intermediate/stability/RS-04367473.constit_exons.counts.txt, /vscratch/grp-songyao/pnfioric/pantry/intermediate/stability/RS-04367474.constit_exons.counts.txt, /vscratch/grp-songyao/pnfioric/pantry/intermediate/stability/RS-04367475.constit_exons.counts.txt, /vscratch/grp-songyao/pnfioric/pantry/intermediate/stability/RS-04367476.constit_exons.counts.txt, /vscratch/grp-songyao/pnfioric/pantry/intermediate/stability/RS-04367477.constit_exons.counts.txt, /vscratch/grp-songyao/pnfioric/pantry/intermediate/stability/RS-04367478.constit_exons.counts.txt, /vscratch/grp-songyao/pnfioric/pantry/intermediate/stability/RS-04367479.constit_exons.counts.txt, /vscratch/grp-songyao/pnfioric/pantry/intermediate/stability/RS-04367480.constit_exons.counts.txt, /vscratch/grp-songyao/pnfioric/pantry/intermediate/stability/RS-04367481.constit_exons.counts.txt, /vscratch/grp-songyao/pnfioric/pantry/intermediate/stability/RS-04367482.constit_exons.counts.txt, /vscratch/grp-songyao/pnfioric/pantry/intermediate/stability/RS-04367483.constit_exons.counts.txt, /vscratch/grp-songyao/pnfioric/pantry/intermediate/stability/RS-04367484.constit_exons.counts.txt, /vscratch/grp-songyao/pnfioric/pantry/intermediate/stability/RS-04367485.constit_exons.counts.txt, /vscratch/grp-songyao/pnfioric/pantry/intermediate/stability/RS-04367486.constit_exons.counts.txt, /vscratch/grp-songyao/pnfioric/pantry/intermediate/stability/RS-04367487.constit_exons.counts.txt, /vscratch/grp-songyao/pnfioric/pantry/intermediate/stability/RS-04367488.constit_exons.counts.txt, /vscratch/grp-songyao/pnfioric/pantry/intermediate/stability/RS-04367489.constit_exons.counts.txt, /vscratch/grp-songyao/pnfioric/pantry/intermediate/stability/RS-04367490.constit_exons.counts.txt, /vscratch/grp-songyao/pnfioric/pantry/intermediate/stability/RS-04367491.constit_exons.counts.txt, /vscratch/grp-songyao/pnfioric/pantry/intermediate/stability/RS-04367492.constit_exons.counts.txt, /vscratch/grp-songyao/pnfioric/pantry/intermediate/stability/RS-04367493.constit_exons.counts.txt, /vscratch/grp-songyao/pnfioric/pantry/intermediate/stability/RS-04367494.constit_exons.counts.txt, /vscratch/grp-songyao/pnfioric/pantry/intermediate/stability/RS-04367495.constit_exons.counts.txt, /vscratch/grp-songyao/pnfioric/pantry/intermediate/stability/RS-04367496.constit_exons.counts.txt, /vscratch/grp-songyao/pnfioric/pantry/intermediate/stability/RS-04367497.constit_exons.counts.txt, /vscratch/grp-songyao/pnfioric/pantry/intermediate/stability/RS-04367498.constit_exons.counts.txt, /vscratch/grp-songyao/pnfioric/pantry/intermediate/stability/RS-04367499.constit_exons.counts.txt, /vscratch/grp-songyao/pnfioric/pantry/intermediate/stability/RS-04367500.constit_exons.counts.txt, /vscratch/grp-songyao/pnfioric/pantry/intermediate/stability/RS-04367501.constit_exons.counts.txt, /vscratch/grp-songyao/pnfioric/pantry/intermediate/stability/RS-04367502.constit_exons.counts.txt, /vscratch/grp-songyao/pnfioric/pantry/intermediate/stability/RS-04367503.constit_exons.counts.txt, /vscratch/grp-songyao/pnfioric/pantry/intermediate/stability/RS-04367504.constit_exons.counts.txt, /vscratch/grp-songyao/pnfioric/pantry/intermediate/stability/RS-04367505.constit_exons.counts.txt, /vscratch/grp-songyao/pnfioric/pantry/intermediate/stability/RS-04367506.constit_exons.counts.txt, /vscratch/grp-songyao/pnfioric/pantry/intermediate/stability/RS-04367507.constit_exons.counts.txt, /vscratch/grp-songyao/pnfioric/pantry/intermediate/stability/RS-04367508.constit_exons.counts.txt, /vscratch/grp-songyao/pnfioric/pantry/intermediate/stability/RS-04367509.constit_exons.counts.txt, /vscratch/grp-songyao/pnfioric/pantry/intermediate/stability/RS-04367510.constit_exons.counts.txt, /vscratch/grp-songyao/pnfioric/pantry/intermediate/stability/RS-04367511.constit_exons.counts.txt, /vscratch/grp-songyao/pnfioric/pantry/intermediate/stability/RS-04367512.constit_exons.counts.txt, /vscratch/grp-songyao/pnfioric/pantry/intermediate/stability/RS-04367513.constit_exons.counts.txt, /vscratch/grp-songyao/pnfioric/pantry/intermediate/stability/RS-04367514.constit_exons.counts.txt, /vscratch/grp-songyao/pnfioric/pantry/intermediate/stability/RS-04367515.constit_exons.counts.txt, /vscratch/grp-songyao/pnfioric/pantry/intermediate/stability/RS-04367516.constit_exons.counts.txt, /vscratch/grp-songyao/pnfioric/pantry/intermediate/stability/RS-04367517.constit_exons.counts.txt, /vscratch/grp-songyao/pnfioric/pantry/intermediate/stability/RS-04367518.constit_exons.counts.txt, /vscratch/grp-songyao/pnfioric/pantry/intermediate/stability/RS-04367519.constit_exons.counts.txt, /vscratch/grp-songyao/pnfioric/pantry/intermediate/stability/RS-04367520.constit_exons.counts.txt, /vscratch/grp-songyao/pnfioric/pantry/intermediate/stability/RS-04367521.constit_exons.counts.txt, /vscratch/grp-songyao/pnfioric/pantry/intermediate/stability/RS-04367522.constit_exons.counts.txt, /vscratch/grp-songyao/pnfioric/pantry/intermediate/stability/RS-04367523.constit_exons.counts.txt, /vscratch/grp-songyao/pnfioric/pantry/intermediate/stability/RS-04367524.constit_exons.counts.txt, /vscratch/grp-songyao/pnfioric/pantry/intermediate/stability/RS-04367525.constit_exons.counts.txt, /vscratch/grp-songyao/pnfioric/pantry/intermediate/stability/RS-04367526.constit_exons.counts.txt, /vscratch/grp-songyao/pnfioric/pantry/intermediate/stability/RS-04378608.constit_exons.counts.txt, /vscratch/grp-songyao/pnfioric/pantry/intermediate/stability/RS-04378609.constit_exons.counts.txt, /vscratch/grp-songyao/pnfioric/pantry/intermediate/stability/RS-04378610.constit_exons.counts.txt, /vscratch/grp-songyao/pnfioric/pantry/intermediate/stability/RS-04378611.constit_exons.counts.txt, /vscratch/grp-songyao/pnfioric/pantry/intermediate/stability/RS-04378612.constit_exons.counts.txt, /vscratch/grp-songyao/pnfioric/pantry/intermediate/stability/RS-04378613.constit_exons.counts.txt, /vscratch/grp-songyao/pnfioric/pantry/intermediate/stability/RS-04378614.constit_exons.counts.txt, /vscratch/grp-songyao/pnfioric/pantry/intermediate/stability/RS-04378615.constit_exons.counts.txt, /vscratch/grp-songyao/pnfioric/pantry/intermediate/stability/RS-04378616.constit_exons.counts.txt, /vscratch/grp-songyao/pnfioric/pantry/intermediate/stability/RS-04378617.constit_exons.counts.txt, /vscratch/grp-songyao/pnfioric/pantry/intermediate/stability/RS-04378618.constit_exons.counts.txt, /vscratch/grp-songyao/pnfioric/pantry/intermediate/stability/RS-04378619.constit_exons.counts.txt, /vscratch/grp-songyao/pnfioric/pantry/intermediate/stability/RS-04378620.constit_exons.counts.txt, /vscratch/grp-songyao/pnfioric/pantry/intermediate/stability/RS-04378621.constit_exons.counts.txt, /vscratch/grp-songyao/pnfioric/pantry/intermediate/stability/RS-04378622.constit_exons.counts.txt, /vscratch/grp-songyao/pnfioric/pantry/intermediate/stability/RS-04378623.constit_exons.counts.txt, /vscratch/grp-songyao/pnfioric/pantry/intermediate/stability/RS-04378624.constit_exons.counts.txt, /vscratch/grp-songyao/pnfioric/pantry/intermediate/stability/RS-04378625.constit_exons.counts.txt, /vscratch/grp-songyao/pnfioric/pantry/intermediate/stability/RS-04378626.constit_exons.counts.txt, /vscratch/grp-songyao/pnfioric/pantry/intermediate/stability/RS-04378627.constit_exons.counts.txt, /vscratch/grp-songyao/pnfioric/pantry/intermediate/stability/RS-04378628.constit_exons.counts.txt, /vscratch/grp-songyao/pnfioric/pantry/intermediate/stability/RS-04378629.constit_exons.counts.txt, /vscratch/grp-songyao/pnfioric/pantry/intermediate/stability/RS-04378630.constit_exons.counts.txt, /vscratch/grp-songyao/pnfioric/pantry/intermediate/stability/RS-04378631.constit_exons.counts.txt, /vscratch/grp-songyao/pnfioric/pantry/intermediate/stability/RS-04378632.constit_exons.counts.txt, /vscratch/grp-songyao/pnfioric/pantry/intermediate/stability/RS-04378633.constit_exons.counts.txt, /vscratch/grp-songyao/pnfioric/pantry/intermediate/stability/RS-04378634.constit_exons.counts.txt, /vscratch/grp-songyao/pnfioric/pantry/intermediate/stability/RS-04378635.constit_exons.counts.txt, /vscratch/grp-songyao/pnfioric/pantry/intermediate/stability/RS-04378636.constit_exons.counts.txt, /vscratch/grp-songyao/pnfioric/pantry/intermediate/stability/RS-04378637.constit_exons.counts.txt, /vscratch/grp-songyao/pnfioric/pantry/intermediate/stability/RS-04378638.constit_exons.counts.txt, /vscratch/grp-songyao/pnfioric/pantry/intermediate/stability/RS-04378639.constit_exons.counts.txt, /vscratch/grp-songyao/pnfioric/pantry/intermediate/stability/RS-04378640.constit_exons.counts.txt, /vscratch/grp-songyao/pnfioric/pantry/intermediate/stability/RS-04378641.constit_exons.counts.txt, /vscratch/grp-songyao/pnfioric/pantry/intermediate/stability/RS-04378642.constit_exons.counts.txt, /vscratch/grp-songyao/pnfioric/pantry/intermediate/stability/RS-04378643.constit_exons.counts.txt, /vscratch/grp-songyao/pnfioric/pantry/intermediate/stability/RS-04378644.constit_exons.counts.txt, /vscratch/grp-songyao/pnfioric/pantry/intermediate/stability/RS-04378645.constit_exons.counts.txt, /vscratch/grp-songyao/pnfioric/pantry/intermediate/stability/RS-04378646.constit_exons.counts.txt, /vscratch/grp-songyao/pnfioric/pantry/intermediate/stability/RS-04378647.constit_exons.counts.txt, /vscratch/grp-songyao/pnfioric/pantry/intermediate/stability/RS-04378648.constit_exons.counts.txt, /vscratch/grp-songyao/pnfioric/pantry/intermediate/stability/RS-04378649.constit_exons.counts.txt, /vscratch/grp-songyao/pnfioric/pantry/intermediate/stability/RS-04378650.constit_exons.counts.txt, /vscratch/grp-songyao/pnfioric/pantry/intermediate/stability/RS-04378651.constit_exons.counts.txt, /vscratch/grp-songyao/pnfioric/pantry/intermediate/stability/RS-04378652.constit_exons.counts.txt, /vscratch/grp-songyao/pnfioric/pantry/intermediate/stability/RS-04378653.constit_exons.counts.txt, /vscratch/grp-songyao/pnfioric/pantry/intermediate/stability/RS-04378654.constit_exons.counts.txt, /vscratch/grp-songyao/pnfioric/pantry/intermediate/stability/RS-04378655.constit_exons.counts.txt, /vscratch/grp-songyao/pnfioric/pantry/intermediate/stability/RS-04378656.constit_exons.counts.txt, /vscratch/grp-songyao/pnfioric/pantry/intermediate/stability/RS-04378657.constit_exons.counts.txt, /vscratch/grp-songyao/pnfioric/pantry/intermediate/stability/RS-04378658.constit_exons.counts.txt, /vscratch/grp-songyao/pnfioric/pantry/intermediate/stability/RS-04378659.constit_exons.counts.txt, /vscratch/grp-songyao/pnfioric/pantry/intermediate/stability/RS-04378660.constit_exons.counts.txt, /vscratch/grp-songyao/pnfioric/pantry/intermediate/stability/RS-04378661.constit_exons.counts.txt, /vscratch/grp-songyao/pnfioric/pantry/intermediate/stability/RS-04378662.constit_exons.counts.txt, /vscratch/grp-songyao/pnfioric/pantry/intermediate/stability/RS-04378663.constit_exons.counts.txt, /vscratch/grp-songyao/pnfioric/pantry/intermediate/stability/RS-04378664.constit_exons.counts.txt, /vscratch/grp-songyao/pnfioric/pantry/intermediate/stability/RS-04378665.constit_exons.counts.txt, /vscratch/grp-songyao/pnfioric/pantry/intermediate/stability/RS-04378666.constit_exons.counts.txt, /vscratch/grp-songyao/pnfioric/pantry/intermediate/stability/RS-04378667.constit_exons.counts.txt, /vscratch/grp-songyao/pnfioric/pantry/intermediate/stability/RS-04378668.constit_exons.counts.txt, /vscratch/grp-songyao/pnfioric/pantry/intermediate/stability/RS-04378669.constit_exons.counts.txt, /vscratch/grp-songyao/pnfioric/pantry/intermediate/stability/RS-04378670.constit_exons.counts.txt, /vscratch/grp-songyao/pnfioric/pantry/intermediate/stability/RS-04378671.constit_exons.counts.txt, /vscratch/grp-songyao/pnfioric/pantry/intermediate/stability/RS-04378672.constit_exons.counts.txt, /vscratch/grp-songyao/pnfioric/pantry/intermediate/stability/RS-04378673.constit_exons.counts.txt, /vscratch/grp-songyao/pnfioric/pantry/intermediate/stability/RS-04378674.constit_exons.counts.txt, /vscratch/grp-songyao/pnfioric/pantry/intermediate/stability/RS-04378675.constit_exons.counts.txt, /vscratch/grp-songyao/pnfioric/pantry/intermediate/stability/RS-04378676.constit_exons.counts.txt, /vscratch/grp-songyao/pnfioric/pantry/intermediate/stability/RS-04378677.constit_exons.counts.txt, /vscratch/grp-songyao/pnfioric/pantry/intermediate/stability/RS-04378678.constit_exons.counts.txt, /vscratch/grp-songyao/pnfioric/pantry/intermediate/stability/RS-04378679.constit_exons.counts.txt, /vscratch/grp-songyao/pnfioric/pantry/intermediate/stability/RS-04378680.constit_exons.counts.txt, /vscratch/grp-songyao/pnfioric/pantry/intermediate/stability/RS-04378681.constit_exons.counts.txt, /vscratch/grp-songyao/pnfioric/pantry/intermediate/stability/RS-04378682.constit_exons.counts.txt, /vscratch/grp-songyao/pnfioric/pantry/intermediate/stability/RS-04378683.constit_exons.counts.txt, /vscratch/grp-songyao/pnfioric/pantry/intermediate/stability/RS-04378684.constit_exons.counts.txt, /vscratch/grp-songyao/pnfioric/pantry/intermediate/stability/RS-04378685.constit_exons.counts.txt, /vscratch/grp-songyao/pnfioric/pantry/intermediate/stability/RS-04378686.constit_exons.counts.txt, /vscratch/grp-songyao/pnfioric/pantry/intermediate/stability/RS-04378687.constit_exons.counts.txt, /vscratch/grp-songyao/pnfioric/pantry/intermediate/stability/RS-04378688.constit_exons.counts.txt, /vscratch/grp-songyao/pnfioric/pantry/intermediate/stability/RS-04378689.constit_exons.counts.txt, /vscratch/grp-songyao/pnfioric/pantry/intermediate/stability/RS-04378690.constit_exons.counts.txt, /vscratch/grp-songyao/pnfioric/pantry/intermediate/stability/RS-04378691.constit_exons.counts.txt, /vscratch/grp-songyao/pnfioric/pantry/intermediate/stability/RS-04378692.constit_exons.counts.txt, /vscratch/grp-songyao/pnfioric/pantry/intermediate/stability/RS-04378693.constit_exons.counts.txt, /vscratch/grp-songyao/pnfioric/pantry/intermediate/stability/RS-04378694.constit_exons.counts.txt, /vscratch/grp-songyao/pnfioric/pantry/intermediate/stability/RS-04378695.constit_exons.counts.txt, /vscratch/grp-songyao/pnfioric/pantry/intermediate/stability/RS-04378696.constit_exons.counts.txt, /vscratch/grp-songyao/pnfioric/pantry/intermediate/stability/RS-04378697.constit_exons.counts.txt, /vscratch/grp-songyao/pnfioric/pantry/intermediate/stability/RS-04378698.constit_exons.counts.txt, /vscratch/grp-songyao/pnfioric/pantry/intermediate/stability/RS-04378699.constit_exons.counts.txt, /vscratch/grp-songyao/pnfioric/pantry/intermediate/stability/RS-04378700.constit_exons.counts.txt, /vscratch/grp-songyao/pnfioric/pantry/intermediate/stability/RS-04378701.constit_exons.counts.txt, /vscratch/grp-songyao/pnfioric/pantry/intermediate/stability/RS-04378702.constit_exons.counts.txt, /vscratch/grp-songyao/pnfioric/pantry/intermediate/stability/RS-04378703.constit_exons.counts.txt, /vscratch/grp-songyao/pnfioric/pantry/intermediate/stability/RS-04378704.constit_exons.counts.txt, /vscratch/grp-songyao/pnfioric/pantry/intermediate/stability/RS-04378705.constit_exons.counts.txt, /vscratch/grp-songyao/pnfioric/pantry/intermediate/stability/RS-04378706.constit_exons.counts.txt, /vscratch/grp-songyao/pnfioric/pantry/intermediate/stability/RS-04378707.constit_exons.counts.txt, /vscratch/grp-songyao/pnfioric/pantry/intermediate/stability/RS-04378708.constit_exons.counts.txt, /vscratch/grp-songyao/pnfioric/pantry/intermediate/stability/RS-04378709.constit_exons.counts.txt, /vscratch/grp-songyao/pnfioric/pantry/intermediate/stability/RS-04378710.constit_exons.counts.txt, /vscratch/grp-songyao/pnfioric/pantry/intermediate/stability/RS-04378711.constit_exons.counts.txt, /vscratch/grp-songyao/pnfioric/pantry/intermediate/stability/RS-04378712.constit_exons.counts.txt, /vscratch/grp-songyao/pnfioric/pantry/intermediate/stability/RS-04378713.constit_exons.counts.txt, /vscratch/grp-songyao/pnfioric/pantry/intermediate/stability/RS-04378714.constit_exons.counts.txt, /vscratch/grp-songyao/pnfioric/pantry/intermediate/stability/RS-04378715.constit_exons.counts.txt, /vscratch/grp-songyao/pnfioric/pantry/intermediate/stability/RS-04378716.constit_exons.counts.txt, /vscratch/grp-songyao/pnfioric/pantry/intermediate/stability/RS-04378717.constit_exons.counts.txt, /vscratch/grp-songyao/pnfioric/pantry/intermediate/stability/RS-04378718.constit_exons.counts.txt, /vscratch/grp-songyao/pnfioric/pantry/intermediate/stability/RS-04378719.constit_exons.counts.txt, /vscratch/grp-songyao/pnfioric/pantry/intermediate/stability/RS-04378720.constit_exons.counts.txt, /vscratch/grp-songyao/pnfioric/pantry/intermediate/stability/RS-04378721.constit_exons.counts.txt, /vscratch/grp-songyao/pnfioric/pantry/intermediate/stability/RS-04378722.constit_exons.counts.txt, /vscratch/grp-songyao/pnfioric/pantry/intermediate/stability/RS-04378723.constit_exons.counts.txt, /vscratch/grp-songyao/pnfioric/pantry/intermediate/stability/RS-04378724.constit_exons.counts.txt, /vscratch/grp-songyao/pnfioric/pantry/intermediate/stability/RS-04378725.constit_exons.counts.txt, /vscratch/grp-songyao/pnfioric/pantry/intermediate/stability/RS-04378726.constit_exons.counts.txt, /vscratch/grp-songyao/pnfioric/pantry/intermediate/stability/RS-04378727.constit_exons.counts.txt, /vscratch/grp-songyao/pnfioric/pantry/intermediate/stability/RS-04378728.constit_exons.counts.txt, /vscratch/grp-songyao/pnfioric/pantry/intermediate/stability/RS-04378729.constit_exons.counts.txt, /vscratch/grp-songyao/pnfioric/pantry/intermediate/stability/RS-04378730.constit_exons.counts.txt, /vscratch/grp-songyao/pnfioric/pantry/intermediate/stability/RS-04378731.constit_exons.counts.txt, /vscratch/grp-songyao/pnfioric/pantry/intermediate/stability/RS-04378732.constit_exons.counts.txt, /vscratch/grp-songyao/pnfioric/pantry/intermediate/stability/RS-04378733.constit_exons.counts.txt, /vscratch/grp-songyao/pnfioric/pantry/intermediate/stability/RS-04378734.constit_exons.counts.txt, /vscratch/grp-songyao/pnfioric/pantry/intermediate/stability/RS-04378735.constit_exons.counts.txt, /vscratch/grp-songyao/pnfioric/pantry/intermediate/stability/RS-04378736.constit_exons.counts.txt, /vscratch/grp-songyao/pnfioric/pantry/intermediate/stability/RS-04378737.constit_exons.counts.txt, /vscratch/grp-songyao/pnfioric/pantry/intermediate/stability/RS-04378738.constit_exons.counts.txt, /vscratch/grp-songyao/pnfioric/pantry/intermediate/stability/RS-04378739.constit_exons.counts.txt, /vscratch/grp-songyao/pnfioric/pantry/intermediate/stability/RS-04378740.constit_exons.counts.txt, /vscratch/grp-songyao/pnfioric/pantry/intermediate/stability/RS-04378741.constit_exons.counts.txt, /vscratch/grp-songyao/pnfioric/pantry/intermediate/stability/RS-04378742.constit_exons.counts.txt, /vscratch/grp-songyao/pnfioric/pantry/intermediate/stability/RS-04378743.constit_exons.counts.txt, /vscratch/grp-songyao/pnfioric/pantry/intermediate/stability/RS-04378744.constit_exons.counts.txt, /vscratch/grp-songyao/pnfioric/pantry/intermediate/stability/RS-04378745.constit_exons.counts.txt, /vscratch/grp-songyao/pnfioric/pantry/intermediate/stability/RS-04378746.constit_exons.counts.txt, /vscratch/grp-songyao/pnfioric/pantry/intermediate/stability/RS-04378747.constit_exons.counts.txt, /vscratch/grp-songyao/pnfioric/pantry/intermediate/stability/RS-04378748.constit_exons.counts.txt, /vscratch/grp-songyao/pnfioric/pantry/intermediate/stability/RS-04378749.constit_exons.counts.txt, /vscratch/grp-songyao/pnfioric/pantry/intermediate/stability/RS-04378750.constit_exons.counts.txt, /vscratch/grp-songyao/pnfioric/pantry/intermediate/stability/RS-04378751.constit_exons.counts.txt, /vscratch/grp-songyao/pnfioric/pantry/intermediate/stability/RS-04378752.constit_exons.counts.txt, /vscratch/grp-songyao/pnfioric/pantry/intermediate/stability/RS-04378753.constit_exons.counts.txt, /vscratch/grp-songyao/pnfioric/pantry/intermediate/stability/RS-04378754.constit_exons.counts.txt, /vscratch/grp-songyao/pnfioric/pantry/intermediate/stability/RS-04378755.constit_exons.counts.txt, /vscratch/grp-songyao/pnfioric/pantry/intermediate/stability/RS-04378756.constit_exons.counts.txt, /vscratch/grp-songyao/pnfioric/pantry/intermediate/stability/RS-04378757.constit_exons.counts.txt, /vscratch/grp-songyao/pnfioric/pantry/intermediate/stability/RS-04378758.constit_exons.counts.txt, /vscratch/grp-songyao/pnfioric/pantry/intermediate/stability/RS-04378759.constit_exons.counts.txt, /vscratch/grp-songyao/pnfioric/pantry/intermediate/stability/RS-04378760.constit_exons.counts.txt, /vscratch/grp-songyao/pnfioric/pantry/intermediate/stability/RS-04378761.constit_exons.counts.txt, /vscratch/grp-songyao/pnfioric/pantry/intermediate/stability/RS-04378762.constit_exons.counts.txt, /vscratch/grp-songyao/pnfioric/pantry/intermediate/stability/RS-04378763.constit_exons.counts.txt, /vscratch/grp-songyao/pnfioric/pantry/intermediate/stability/RS-04378764.constit_exons.counts.txt, /vscratch/grp-songyao/pnfioric/pantry/intermediate/stability/RS-04378765.constit_exons.counts.txt, /vscratch/grp-songyao/pnfioric/pantry/intermediate/stability/RS-04378766.constit_exons.counts.txt, /vscratch/grp-songyao/pnfioric/pantry/intermediate/stability/RS-04378767.constit_exons.counts.txt, /vscratch/grp-songyao/pnfioric/pantry/intermediate/stability/RS-04378768.constit_exons.counts.txt, /vscratch/grp-songyao/pnfioric/pantry/intermediate/stability/RS-04378769.constit_exons.counts.txt, /vscratch/grp-songyao/pnfioric/pantry/intermediate/stability/RS-04378770.constit_exons.counts.txt, /vscratch/grp-songyao/pnfioric/pantry/intermediate/stability/RS-04378771.constit_exons.counts.txt, /vscratch/grp-songyao/pnfioric/pantry/intermediate/stability/RS-04378772.constit_exons.counts.txt, /vscratch/grp-songyao/pnfioric/pantry/intermediate/stability/RS-04378773.constit_exons.counts.txt, /vscratch/grp-songyao/pnfioric/pantry/intermediate/stability/RS-04378774.constit_exons.counts.txt, /vscratch/grp-songyao/pnfioric/pantry/intermediate/stability/RS-04378775.constit_exons.counts.txt, /vscratch/grp-songyao/pnfioric/pantry/intermediate/stability/RS-04378776.constit_exons.counts.txt, /vscratch/grp-songyao/pnfioric/pantry/intermediate/stability/RS-04378777.constit_exons.counts.txt, /vscratch/grp-songyao/pnfioric/pantry/intermediate/stability/RS-04378778.constit_exons.counts.txt, /vscratch/grp-songyao/pnfioric/pantry/intermediate/stability/RS-04378779.constit_exons.counts.txt, /vscratch/grp-songyao/pnfioric/pantry/intermediate/stability/RS-04378780.constit_exons.counts.txt, /vscratch/grp-songyao/pnfioric/pantry/intermediate/stability/RS-04378781.constit_exons.counts.txt, /vscratch/grp-songyao/pnfioric/pantry/intermediate/stability/RS-04378782.constit_exons.counts.txt, /vscratch/grp-songyao/pnfioric/pantry/intermediate/stability/RS-04378783.constit_exons.counts.txt, /vscratch/grp-songyao/pnfioric/pantry/intermediate/stability/RS-04378784.constit_exons.counts.txt, /vscratch/grp-songyao/pnfioric/pantry/intermediate/stability/RS-04378785.constit_exons.counts.txt, /vscratch/grp-songyao/pnfioric/pantry/intermediate/stability/RS-04378786.constit_exons.counts.txt, /vscratch/grp-songyao/pnfioric/pantry/intermediate/stability/RS-04378787.constit_exons.counts.txt, /vscratch/grp-songyao/pnfioric/pantry/intermediate/stability/RS-04378788.constit_exons.counts.txt, /vscratch/grp-songyao/pnfioric/pantry/intermediate/stability/RS-04378789.constit_exons.counts.txt, /vscratch/grp-songyao/pnfioric/pantry/intermediate/stability/RS-04378790.constit_exons.counts.txt, /vscratch/grp-songyao/pnfioric/pantry/intermediate/stability/RS-04378791.constit_exons.counts.txt, /vscratch/grp-songyao/pnfioric/pantry/intermediate/stability/RS-04378792.constit_exons.counts.txt, /vscratch/grp-songyao/pnfioric/pantry/intermediate/stability/RS-04378793.constit_exons.counts.txt, /vscratch/grp-songyao/pnfioric/pantry/intermediate/stability/RS-04378794.constit_exons.counts.txt, /vscratch/grp-songyao/pnfioric/pantry/intermediate/stability/RS-04378795.constit_exons.counts.txt, /vscratch/grp-songyao/pnfioric/pantry/intermediate/stability/RS-04378796.constit_exons.counts.txt, /vscratch/grp-songyao/pnfioric/pantry/intermediate/stability/RS-04378797.constit_exons.counts.txt, /vscratch/grp-songyao/pnfioric/pantry/intermediate/stability/RS-04378798.constit_exons.counts.txt, /vscratch/grp-songyao/pnfioric/pantry/intermediate/stability/RS-04378799.constit_exons.counts.txt, /vscratch/grp-songyao/pnfioric/pantry/intermediate/stability/RS-04396631.constit_exons.counts.txt, /vscratch/grp-songyao/pnfioric/pantry/intermediate/stability/RS-04396632.constit_exons.counts.txt, /vscratch/grp-songyao/pnfioric/pantry/intermediate/stability/RS-04396633.constit_exons.counts.txt, /vscratch/grp-songyao/pnfioric/pantry/intermediate/stability/RS-04396634.constit_exons.counts.txt, /vscratch/grp-songyao/pnfioric/pantry/intermediate/stability/RS-04396635.constit_exons.counts.txt, /vscratch/grp-songyao/pnfioric/pantry/intermediate/stability/RS-04396636.constit_exons.counts.txt, /vscratch/grp-songyao/pnfioric/pantry/intermediate/stability/RS-04396637.constit_exons.counts.txt, /vscratch/grp-songyao/pnfioric/pantry/intermediate/stability/RS-04396638.constit_exons.counts.txt, /vscratch/grp-songyao/pnfioric/pantry/intermediate/stability/RS-04396639.constit_exons.counts.txt, /vscratch/grp-songyao/pnfioric/pantry/intermediate/stability/RS-04396640.constit_exons.counts.txt, /vscratch/grp-songyao/pnfioric/pantry/intermediate/stability/RS-04396641.constit_exons.counts.txt, /vscratch/grp-songyao/pnfioric/pantry/intermediate/stability/RS-04396642.constit_exons.counts.txt, /vscratch/grp-songyao/pnfioric/pantry/intermediate/stability/RS-04396643.constit_exons.counts.txt, /vscratch/grp-songyao/pnfioric/pantry/intermediate/stability/RS-04396644.constit_exons.counts.txt, /vscratch/grp-songyao/pnfioric/pantry/intermediate/stability/RS-04396645.constit_exons.counts.txt, /vscratch/grp-songyao/pnfioric/pantry/intermediate/stability/RS-04396646.constit_exons.counts.txt, /vscratch/grp-songyao/pnfioric/pantry/intermediate/stability/RS-04396647.constit_exons.counts.txt, /vscratch/grp-songyao/pnfioric/pantry/intermediate/stability/RS-04396648.constit_exons.counts.txt, /vscratch/grp-songyao/pnfioric/pantry/intermediate/stability/RS-04396649.constit_exons.counts.txt, /vscratch/grp-songyao/pnfioric/pantry/intermediate/stability/RS-04396650.constit_exons.counts.txt, /vscratch/grp-songyao/pnfioric/pantry/intermediate/stability/RS-04396651.constit_exons.counts.txt, /vscratch/grp-songyao/pnfioric/pantry/intermediate/stability/RS-04396652.constit_exons.counts.txt, /vscratch/grp-songyao/pnfioric/pantry/intermediate/stability/RS-04396653.constit_exons.counts.txt, /vscratch/grp-songyao/pnfioric/pantry/intermediate/stability/RS-04396654.constit_exons.counts.txt, /vscratch/grp-songyao/pnfioric/pantry/intermediate/stability/RS-04396655.constit_exons.counts.txt, /vscratch/grp-songyao/pnfioric/pantry/intermediate/stability/RS-04396656.constit_exons.counts.txt, /vscratch/grp-songyao/pnfioric/pantry/intermediate/stability/RS-04396657.constit_exons.counts.txt, /vscratch/grp-songyao/pnfioric/pantry/intermediate/stability/RS-04396658.constit_exons.counts.txt, /vscratch/grp-songyao/pnfioric/pantry/intermediate/stability/RS-04396659.constit_exons.counts.txt, /vscratch/grp-songyao/pnfioric/pantry/intermediate/stability/RS-04396660.constit_exons.counts.txt, /vscratch/grp-songyao/pnfioric/pantry/intermediate/stability/RS-04396661.constit_exons.counts.txt, /vscratch/grp-songyao/pnfioric/pantry/intermediate/stability/RS-04396662.constit_exons.counts.txt, /vscratch/grp-songyao/pnfioric/pantry/intermediate/stability/RS-04396663.constit_exons.counts.txt, /vscratch/grp-songyao/pnfioric/pantry/intermediate/stability/RS-04396664.constit_exons.counts.txt, /vscratch/grp-songyao/pnfioric/pantry/intermediate/stability/RS-04396665.constit_exons.counts.txt, /vscratch/grp-songyao/pnfioric/pantry/intermediate/stability/RS-04396666.constit_exons.counts.txt, /vscratch/grp-songyao/pnfioric/pantry/intermediate/stability/RS-04396667.constit_exons.counts.txt, /vscratch/grp-songyao/pnfioric/pantry/intermediate/stability/RS-04396668.constit_exons.counts.txt, /vscratch/grp-songyao/pnfioric/pantry/intermediate/stability/RS-04396669.constit_exons.counts.txt, /vscratch/grp-songyao/pnfioric/pantry/intermediate/stability/RS-04396670.constit_exons.counts.txt, /vscratch/grp-songyao/pnfioric/pantry/intermediate/stability/RS-04396671.constit_exons.counts.txt, /vscratch/grp-songyao/pnfioric/pantry/intermediate/stability/RS-04396672.constit_exons.counts.txt, /vscratch/grp-songyao/pnfioric/pantry/intermediate/stability/RS-04396673.constit_exons.counts.txt, /vscratch/grp-songyao/pnfioric/pantry/intermediate/stability/RS-04396674.constit_exons.counts.txt, /vscratch/grp-songyao/pnfioric/pantry/intermediate/stability/RS-04396675.constit_exons.counts.txt, /vscratch/grp-songyao/pnfioric/pantry/intermediate/stability/RS-04396676.constit_exons.counts.txt, /vscratch/grp-songyao/pnfioric/pantry/intermediate/stability/RS-04396677.constit_exons.counts.txt, /vscratch/grp-songyao/pnfioric/pantry/intermediate/stability/RS-04396678.constit_exons.counts.txt, /vscratch/grp-songyao/pnfioric/pantry/intermediate/stability/RS-04396697.constit_exons.counts.txt, /vscratch/grp-songyao/pnfioric/pantry/intermediate/stability/RS-04396698.constit_exons.counts.txt, /vscratch/grp-songyao/pnfioric/pantry/intermediate/stability/RS-04396699.constit_exons.counts.txt, /vscratch/grp-songyao/pnfioric/pantry/intermediate/stability/RS-04396700.constit_exons.counts.txt, /vscratch/grp-songyao/pnfioric/pantry/intermediate/stability/RS-04396701.constit_exons.counts.txt, /vscratch/grp-songyao/pnfioric/pantry/intermediate/stability/RS-04396702.constit_exons.counts.txt, /vscratch/grp-songyao/pnfioric/pantry/intermediate/stability/RS-04396703.constit_exons.counts.txt, /vscratch/grp-songyao/pnfioric/pantry/intermediate/stability/RS-04396704.constit_exons.counts.txt, /vscratch/grp-songyao/pnfioric/pantry/intermediate/stability/RS-04396705.constit_exons.counts.txt, /vscratch/grp-songyao/pnfioric/pantry/intermediate/stability/RS-04396706.constit_exons.counts.txt, /vscratch/grp-songyao/pnfioric/pantry/intermediate/stability/RS-04396707.constit_exons.counts.txt, /vscratch/grp-songyao/pnfioric/pantry/intermediate/stability/RS-04396708.constit_exons.counts.txt, /vscratch/grp-songyao/pnfioric/pantry/intermediate/stability/RS-04396709.constit_exons.counts.txt, /vscratch/grp-songyao/pnfioric/pantry/intermediate/stability/RS-04396710.constit_exons.counts.txt, /vscratch/grp-songyao/pnfioric/pantry/intermediate/stability/RS-04396711.constit_exons.counts.txt, /vscratch/grp-songyao/pnfioric/pantry/intermediate/stability/RS-04396712.constit_exons.counts.txt, /vscratch/grp-songyao/pnfioric/pantry/intermediate/stability/RS-04396713.constit_exons.counts.txt, /vscratch/grp-songyao/pnfioric/pantry/intermediate/stability/RS-04396714.constit_exons.counts.txt, /vscratch/grp-songyao/pnfioric/pantry/intermediate/stability/RS-04396715.constit_exons.counts.txt, /vscratch/grp-songyao/pnfioric/pantry/intermediate/stability/RS-04396716.constit_exons.counts.txt, /vscratch/grp-songyao/pnfioric/pantry/intermediate/stability/RS-04396717.constit_exons.counts.txt, /vscratch/grp-songyao/pnfioric/pantry/intermediate/stability/RS-04396718.constit_exons.counts.txt, /vscratch/grp-songyao/pnfioric/pantry/intermediate/stability/RS-04396719.constit_exons.counts.txt, /vscratch/grp-songyao/pnfioric/pantry/intermediate/stability/RS-04396720.constit_exons.counts.txt, /vscratch/grp-songyao/pnfioric/pantry/intermediate/stability/RS-04396721.constit_exons.counts.txt, /vscratch/grp-songyao/pnfioric/pantry/intermediate/stability/RS-04396722.constit_exons.counts.txt, /vscratch/grp-songyao/pnfioric/pantry/intermediate/stability/RS-04396723.constit_exons.counts.txt, /vscratch/grp-songyao/pnfioric/pantry/intermediate/stability/RS-04396724.constit_exons.counts.txt, /vscratch/grp-songyao/pnfioric/pantry/intermediate/stability/RS-04396725.constit_exons.counts.txt, /vscratch/grp-songyao/pnfioric/pantry/intermediate/stability/RS-04396726.constit_exons.counts.txt, /vscratch/grp-songyao/pnfioric/pantry/intermediate/stability/RS-04396727.constit_exons.counts.txt, /vscratch/grp-songyao/pnfioric/pantry/intermediate/stability/RS-04396728.constit_exons.counts.txt, /vscratch/grp-songyao/pnfioric/pantry/intermediate/stability/RS-04396729.constit_exons.counts.txt, /vscratch/grp-songyao/pnfioric/pantry/intermediate/stability/RS-04396730.constit_exons.counts.txt, /vscratch/grp-songyao/pnfioric/pantry/intermediate/stability/RS-04396731.constit_exons.counts.txt, /vscratch/grp-songyao/pnfioric/pantry/intermediate/stability/RS-04396732.constit_exons.counts.txt, /vscratch/grp-songyao/pnfioric/pantry/intermediate/stability/RS-04396733.constit_exons.counts.txt, /vscratch/grp-songyao/pnfioric/pantry/intermediate/stability/RS-04396734.constit_exons.counts.txt, /vscratch/grp-songyao/pnfioric/pantry/intermediate/stability/RS-04396735.constit_exons.counts.txt, /vscratch/grp-songyao/pnfioric/pantry/intermediate/stability/RS-04396736.constit_exons.counts.txt, /vscratch/grp-songyao/pnfioric/pantry/intermediate/stability/RS-04396737.constit_exons.counts.txt, /vscratch/grp-songyao/pnfioric/pantry/intermediate/stability/RS-04396738.constit_exons.counts.txt, /vscratch/grp-songyao/pnfioric/pantry/intermediate/stability/RS-04396739.constit_exons.counts.txt, /vscratch/grp-songyao/pnfioric/pantry/intermediate/stability/RS-04396740.constit_exons.counts.txt, /vscratch/grp-songyao/pnfioric/pantry/intermediate/stability/RS-04396741.constit_exons.counts.txt, /vscratch/grp-songyao/pnfioric/pantry/intermediate/stability/RS-04396742.constit_exons.counts.txt, /vscratch/grp-songyao/pnfioric/pantry/intermediate/stability/RS-04396743.constit_exons.counts.txt, /vscratch/grp-songyao/pnfioric/pantry/intermediate/stability/RS-04396744.constit_exons.counts.txt, /vscratch/grp-songyao/pnfioric/pantry/intermediate/stability/RS-04396758.constit_exons.counts.txt, /vscratch/grp-songyao/pnfioric/pantry/intermediate/stability/RS-04396759.constit_exons.counts.txt, /vscratch/grp-songyao/pnfioric/pantry/intermediate/stability/RS-04396760.constit_exons.counts.txt, /vscratch/grp-songyao/pnfioric/pantry/intermediate/stability/RS-04396761.constit_exons.counts.txt, /vscratch/grp-songyao/pnfioric/pantry/intermediate/stability/RS-04396762.constit_exons.counts.txt, /vscratch/grp-songyao/pnfioric/pantry/intermediate/stability/RS-04396763.constit_exons.counts.txt, /vscratch/grp-songyao/pnfioric/pantry/intermediate/stability/RS-04396764.constit_exons.counts.txt, /vscratch/grp-songyao/pnfioric/pantry/intermediate/stability/RS-04396765.constit_exons.counts.txt, /vscratch/grp-songyao/pnfioric/pantry/intermediate/stability/RS-04396766.constit_exons.counts.txt, /vscratch/grp-songyao/pnfioric/pantry/intermediate/stability/RS-04396767.constit_exons.counts.txt, /vscratch/grp-songyao/pnfioric/pantry/intermediate/stability/RS-04396768.constit_exons.counts.txt, /vscratch/grp-songyao/pnfioric/pantry/intermediate/stability/RS-04396769.constit_exons.counts.txt, /vscratch/grp-songyao/pnfioric/pantry/intermediate/stability/RS-04396770.constit_exons.counts.txt, /vscratch/grp-songyao/pnfioric/pantry/intermediate/stability/RS-04396771.constit_exons.counts.txt, /vscratch/grp-songyao/pnfioric/pantry/intermediate/stability/RS-04396772.constit_exons.counts.txt, /vscratch/grp-songyao/pnfioric/pantry/intermediate/stability/RS-04396773.constit_exons.counts.txt, /vscratch/grp-songyao/pnfioric/pantry/intermediate/stability/RS-04396774.constit_exons.counts.txt, /vscratch/grp-songyao/pnfioric/pantry/intermediate/stability/RS-04396775.constit_exons.counts.txt, /vscratch/grp-songyao/pnfioric/pantry/intermediate/stability/RS-04396776.constit_exons.counts.txt, /vscratch/grp-songyao/pnfioric/pantry/intermediate/stability/RS-04396777.constit_exons.counts.txt, /vscratch/grp-songyao/pnfioric/pantry/intermediate/stability/RS-04396778.constit_exons.counts.txt, /vscratch/grp-songyao/pnfioric/pantry/intermediate/stability/RS-04396779.constit_exons.counts.txt, /vscratch/grp-songyao/pnfioric/pantry/intermediate/stability/RS-04396780.constit_exons.counts.txt, /vscratch/grp-songyao/pnfioric/pantry/intermediate/stability/RS-04396781.constit_exons.counts.txt, /vscratch/grp-songyao/pnfioric/pantry/intermediate/stability/RS-04396782.constit_exons.counts.txt, /vscratch/grp-songyao/pnfioric/pantry/intermediate/stability/RS-04396783.constit_exons.counts.txt, /vscratch/grp-songyao/pnfioric/pantry/intermediate/stability/RS-04396784.constit_exons.counts.txt, /vscratch/grp-songyao/pnfioric/pantry/intermediate/stability/RS-04396785.constit_exons.counts.txt, /vscratch/grp-songyao/pnfioric/pantry/intermediate/stability/RS-04396786.constit_exons.counts.txt, /vscratch/grp-songyao/pnfioric/pantry/intermediate/stability/RS-04396787.constit_exons.counts.txt, /vscratch/grp-songyao/pnfioric/pantry/intermediate/stability/RS-04396788.constit_exons.counts.txt, /vscratch/grp-songyao/pnfioric/pantry/intermediate/stability/RS-04396789.constit_exons.counts.txt, /vscratch/grp-songyao/pnfioric/pantry/intermediate/stability/RS-04396790.constit_exons.counts.txt, /vscratch/grp-songyao/pnfioric/pantry/intermediate/stability/RS-04396791.constit_exons.counts.txt, /vscratch/grp-songyao/pnfioric/pantry/intermediate/stability/RS-04396792.constit_exons.counts.txt, /vscratch/grp-songyao/pnfioric/pantry/intermediate/stability/RS-04396793.constit_exons.counts.txt, /vscratch/grp-songyao/pnfioric/pantry/intermediate/stability/RS-04396794.constit_exons.counts.txt, /vscratch/grp-songyao/pnfioric/pantry/intermediate/stability/RS-04396795.constit_exons.counts.txt, /vscratch/grp-songyao/pnfioric/pantry/intermediate/stability/RS-04396796.constit_exons.counts.txt, /vscratch/grp-songyao/pnfioric/pantry/intermediate/stability/RS-04396797.constit_exons.counts.txt, /vscratch/grp-songyao/pnfioric/pantry/intermediate/stability/RS-04396798.constit_exons.counts.txt, /vscratch/grp-songyao/pnfioric/pantry/intermediate/stability/RS-04396799.constit_exons.counts.txt, /vscratch/grp-songyao/pnfioric/pantry/intermediate/stability/RS-04396800.constit_exons.counts.txt, /vscratch/grp-songyao/pnfioric/pantry/intermediate/stability/RS-04396801.constit_exons.counts.txt, /vscratch/grp-songyao/pnfioric/pantry/intermediate/stability/RS-04396802.constit_exons.counts.txt, /vscratch/grp-songyao/pnfioric/pantry/intermediate/stability/RS-04396803.constit_exons.counts.txt, /vscratch/grp-songyao/pnfioric/pantry/intermediate/stability/RS-04396804.constit_exons.counts.txt, /vscratch/grp-songyao/pnfioric/pantry/intermediate/stability/RS-04396805.constit_exons.counts.txt, /vscratch/grp-songyao/pnfioric/pantry/intermediate/stability/RS-04396806.constit_exons.counts.txt, /vscratch/grp-songyao/pnfioric/pantry/intermediate/stability/RS-04396807.constit_exons.counts.txt, /vscratch/grp-songyao/pnfioric/pantry/intermediate/stability/RS-04396808.constit_exons.counts.txt, /vscratch/grp-songyao/pnfioric/pantry/intermediate/stability/RS-04396809.constit_exons.counts.txt, /vscratch/grp-songyao/pnfioric/pantry/intermediate/stability/RS-04396810.constit_exons.counts.txt, /vscratch/grp-songyao/pnfioric/pantry/intermediate/stability/RS-04396811.constit_exons.counts.txt, /vscratch/grp-songyao/pnfioric/pantry/intermediate/stability/RS-04396812.constit_exons.counts.txt, /vscratch/grp-songyao/pnfioric/pantry/intermediate/stability/RS-04396813.constit_exons.counts.txt, /vscratch/grp-songyao/pnfioric/pantry/intermediate/stability/RS-04396814.constit_exons.counts.txt, /vscratch/grp-songyao/pnfioric/pantry/intermediate/stability/RS-04396815.constit_exons.counts.txt, /vscratch/grp-songyao/pnfioric/pantry/intermediate/stability/RS-04396816.constit_exons.counts.txt, /vscratch/grp-songyao/pnfioric/pantry/intermediate/stability/RS-04396817.constit_exons.counts.txt, /vscratch/grp-songyao/pnfioric/pantry/intermediate/stability/RS-04396818.constit_exons.counts.txt, /vscratch/grp-songyao/pnfioric/pantry/intermediate/stability/RS-04396819.constit_exons.counts.txt, /vscratch/grp-songyao/pnfioric/pantry/intermediate/stability/RS-04396820.constit_exons.counts.txt, /vscratch/grp-songyao/pnfioric/pantry/intermediate/stability/RS-04396821.constit_exons.counts.txt, /vscratch/grp-songyao/pnfioric/pantry/intermediate/stability/RS-04396822.constit_exons.counts.txt, /vscratch/grp-songyao/pnfioric/pantry/intermediate/stability/RS-04396823.constit_exons.counts.txt, /vscratch/grp-songyao/pnfioric/pantry/intermediate/stability/RS-04396824.constit_exons.counts.txt, /vscratch/grp-songyao/pnfioric/pantry/intermediate/stability/RS-04396825.constit_exons.counts.txt, /vscratch/grp-songyao/pnfioric/pantry/intermediate/stability/RS-04396826.constit_exons.counts.txt, /vscratch/grp-songyao/pnfioric/pantry/intermediate/stability/RS-04396827.constit_exons.counts.txt, /vscratch/grp-songyao/pnfioric/pantry/intermediate/stability/RS-04396828.constit_exons.counts.txt, /vscratch/grp-songyao/pnfioric/pantry/intermediate/stability/RS-04396829.constit_exons.counts.txt, /vscratch/grp-songyao/pnfioric/pantry/intermediate/stability/RS-04396830.constit_exons.counts.txt, /vscratch/grp-songyao/pnfioric/pantry/intermediate/stability/RS-04396831.constit_exons.counts.txt, /vscratch/grp-songyao/pnfioric/pantry/intermediate/stability/RS-04396832.constit_exons.counts.txt, /vscratch/grp-songyao/pnfioric/pantry/intermediate/stability/RS-04396833.constit_exons.counts.txt, /vscratch/grp-songyao/pnfioric/pantry/intermediate/stability/RS-04396834.constit_exons.counts.txt, /vscratch/grp-songyao/pnfioric/pantry/intermediate/stability/RS-04396835.constit_exons.counts.txt, /vscratch/grp-songyao/pnfioric/pantry/intermediate/stability/RS-04396836.constit_exons.counts.txt, /vscratch/grp-songyao/pnfioric/pantry/intermediate/stability/RS-04396837.constit_exons.counts.txt, /vscratch/grp-songyao/pnfioric/pantry/intermediate/stability/RS-04396838.constit_exons.counts.txt, /vscratch/grp-songyao/pnfioric/pantry/intermediate/stability/RS-04396839.constit_exons.counts.txt, /vscratch/grp-songyao/pnfioric/pantry/intermediate/stability/RS-04396840.constit_exons.counts.txt, /vscratch/grp-songyao/pnfioric/pantry/intermediate/stability/RS-04396841.constit_exons.counts.txt, /vscratch/grp-songyao/pnfioric/pantry/intermediate/stability/RS-04396842.constit_exons.counts.txt, /vscratch/grp-songyao/pnfioric/pantry/intermediate/stability/RS-04396843.constit_exons.counts.txt, /vscratch/grp-songyao/pnfioric/pantry/intermediate/stability/RS-04396844.constit_exons.counts.txt, /vscratch/grp-songyao/pnfioric/pantry/intermediate/stability/RS-04396845.constit_exons.counts.txt, /vscratch/grp-songyao/pnfioric/pantry/intermediate/stability/RS-04396846.constit_exons.counts.txt, /vscratch/grp-songyao/pnfioric/pantry/intermediate/stability/RS-04396847.constit_exons.counts.txt, /vscratch/grp-songyao/pnfioric/pantry/intermediate/stability/RS-04396848.constit_exons.counts.txt, /vscratch/grp-songyao/pnfioric/pantry/intermediate/stability/RS-04396849.constit_exons.counts.txt, /vscratch/grp-songyao/pnfioric/pantry/intermediate/stability/RS-04396850.constit_exons.counts.txt, /vscratch/grp-songyao/pnfioric/pantry/intermediate/stability/RS-04396851.constit_exons.counts.txt, /vscratch/grp-songyao/pnfioric/pantry/intermediate/stability/RS-04396852.constit_exons.counts.txt, /vscratch/grp-songyao/pnfioric/pantry/intermediate/stability/RS-04396853.constit_exons.counts.txt, /vscratch/grp-songyao/pnfioric/pantry/intermediate/stability/RS-04430783.constit_exons.counts.txt, /vscratch/grp-songyao/pnfioric/pantry/intermediate/stability/RS-04430784.constit_exons.counts.txt, /vscratch/grp-songyao/pnfioric/pantry/intermediate/stability/RS-04430785.constit_exons.counts.txt, /vscratch/grp-songyao/pnfioric/pantry/intermediate/stability/RS-04430786.constit_exons.counts.txt, /vscratch/grp-songyao/pnfioric/pantry/intermediate/stability/RS-04430787.constit_exons.counts.txt, /vscratch/grp-songyao/pnfioric/pantry/intermediate/stability/RS-04430788.constit_exons.counts.txt, /vscratch/grp-songyao/pnfioric/pantry/intermediate/stability/RS-04430789.constit_exons.counts.txt, /vscratch/grp-songyao/pnfioric/pantry/intermediate/stability/RS-04430790.constit_exons.counts.txt, /vscratch/grp-songyao/pnfioric/pantry/intermediate/stability/RS-04430791.constit_exons.counts.txt, /vscratch/grp-songyao/pnfioric/pantry/intermediate/stability/RS-04430792.constit_exons.counts.txt, /vscratch/grp-songyao/pnfioric/pantry/intermediate/stability/RS-04430793.constit_exons.counts.txt, /vscratch/grp-songyao/pnfioric/pantry/intermediate/stability/RS-04430794.constit_exons.counts.txt, /vscratch/grp-songyao/pnfioric/pantry/intermediate/stability/RS-04430795.constit_exons.counts.txt, /vscratch/grp-songyao/pnfioric/pantry/intermediate/stability/RS-04430798.constit_exons.counts.txt, /vscratch/grp-songyao/pnfioric/pantry/intermediate/stability/RS-04430800.constit_exons.counts.txt, /vscratch/grp-songyao/pnfioric/pantry/intermediate/stability/RS-04430802.constit_exons.counts.txt, /vscratch/grp-songyao/pnfioric/pantry/intermediate/stability/RS-04430805.constit_exons.counts.txt, /vscratch/grp-songyao/pnfioric/pantry/intermediate/stability/RS-04430806.constit_exons.counts.txt, /vscratch/grp-songyao/pnfioric/pantry/intermediate/stability/RS-04430807.constit_exons.counts.txt, /vscratch/grp-songyao/pnfioric/pantry/intermediate/stability/RS-04430808.constit_exons.counts.txt, /vscratch/grp-songyao/pnfioric/pantry/intermediate/stability/RS-04430809.constit_exons.counts.txt, /vscratch/grp-songyao/pnfioric/pantry/intermediate/stability/RS-04430810.constit_exons.counts.txt, /vscratch/grp-songyao/pnfioric/pantry/intermediate/stability/RS-04430811.constit_exons.counts.txt, /vscratch/grp-songyao/pnfioric/pantry/intermediate/stability/RS-04430812.constit_exons.counts.txt, /vscratch/grp-songyao/pnfioric/pantry/intermediate/stability/RS-04430813.constit_exons.counts.txt, /vscratch/grp-songyao/pnfioric/pantry/intermediate/stability/RS-04430814.constit_exons.counts.txt, /vscratch/grp-songyao/pnfioric/pantry/intermediate/stability/RS-04430815.constit_exons.counts.txt, /vscratch/grp-songyao/pnfioric/pantry/intermediate/stability/RS-04430816.constit_exons.counts.txt, /vscratch/grp-songyao/pnfioric/pantry/intermediate/stability/RS-04430817.constit_exons.counts.txt, /vscratch/grp-songyao/pnfioric/pantry/intermediate/stability/RS-04430818.constit_exons.counts.txt, /vscratch/grp-songyao/pnfioric/pantry/intermediate/stability/RS-04430819.constit_exons.counts.txt, /vscratch/grp-songyao/pnfioric/pantry/intermediate/stability/RS-04430820.constit_exons.counts.txt, /vscratch/grp-songyao/pnfioric/pantry/intermediate/stability/RS-04430821.constit_exons.counts.txt, /vscratch/grp-songyao/pnfioric/pantry/intermediate/stability/RS-04430822.constit_exons.counts.txt, /vscratch/grp-songyao/pnfioric/pantry/intermediate/stability/RS-04430823.constit_exons.counts.txt, /vscratch/grp-songyao/pnfioric/pantry/intermediate/stability/RS-04430824.constit_exons.counts.txt, /vscratch/grp-songyao/pnfioric/pantry/intermediate/stability/RS-04430825.constit_exons.counts.txt, /vscratch/grp-songyao/pnfioric/pantry/intermediate/stability/RS-04430826.constit_exons.counts.txt, /vscratch/grp-songyao/pnfioric/pantry/intermediate/stability/RS-04430827.constit_exons.counts.txt, /vscratch/grp-songyao/pnfioric/pantry/intermediate/stability/RS-04430828.constit_exons.counts.txt, /vscratch/grp-songyao/pnfioric/pantry/intermediate/stability/RS-04430829.constit_exons.counts.txt, /vscratch/grp-songyao/pnfioric/pantry/intermediate/stability/RS-04430830.constit_exons.counts.txt, /vscratch/grp-songyao/pnfioric/pantry/intermediate/stability/RS-04430831.constit_exons.counts.txt, /vscratch/grp-songyao/pnfioric/pantry/intermediate/stability/RS-04430832.constit_exons.counts.txt, /vscratch/grp-songyao/pnfioric/pantry/intermediate/stability/RS-04430833.constit_exons.counts.txt, /vscratch/grp-songyao/pnfioric/pantry/intermediate/stability/RS-04430834.constit_exons.counts.txt, /vscratch/grp-songyao/pnfioric/pantry/intermediate/stability/RS-04430835.constit_exons.counts.txt, /vscratch/grp-songyao/pnfioric/pantry/intermediate/stability/RS-04430836.constit_exons.counts.txt, /vscratch/grp-songyao/pnfioric/pantry/intermediate/stability/RS-04430837.constit_exons.counts.txt, /vscratch/grp-songyao/pnfioric/pantry/intermediate/stability/RS-04430838.constit_exons.counts.txt, /vscratch/grp-songyao/pnfioric/pantry/intermediate/stability/RS-04430839.constit_exons.counts.txt, /vscratch/grp-songyao/pnfioric/pantry/intermediate/stability/RS-04430840.constit_exons.counts.txt, /vscratch/grp-songyao/pnfioric/pantry/intermediate/stability/RS-04430841.constit_exons.counts.txt, /vscratch/grp-songyao/pnfioric/pantry/intermediate/stability/RS-04430842.constit_exons.counts.txt, /vscratch/grp-songyao/pnfioric/pantry/intermediate/stability/RS-04430843.constit_exons.counts.txt, /vscratch/grp-songyao/pnfioric/pantry/intermediate/stability/RS-04430844.constit_exons.counts.txt, /vscratch/grp-songyao/pnfioric/pantry/intermediate/stability/RS-04430845.constit_exons.counts.txt, /vscratch/grp-songyao/pnfioric/pantry/intermediate/stability/RS-04430846.constit_exons.counts.txt, /vscratch/grp-songyao/pnfioric/pantry/intermediate/stability/RS-04430847.constit_exons.counts.txt, /vscratch/grp-songyao/pnfioric/pantry/intermediate/stability/RS-04430848.constit_exons.counts.txt, /vscratch/grp-songyao/pnfioric/pantry/intermediate/stability/RS-04430849.constit_exons.counts.txt, /vscratch/grp-songyao/pnfioric/pantry/intermediate/stability/RS-04430850.constit_exons.counts.txt, /vscratch/grp-songyao/pnfioric/pantry/intermediate/stability/RS-04430851.constit_exons.counts.txt, /vscratch/grp-songyao/pnfioric/pantry/intermediate/stability/RS-04430852.constit_exons.counts.txt, /vscratch/grp-songyao/pnfioric/pantry/intermediate/stability/RS-04430853.constit_exons.counts.txt, /vscratch/grp-songyao/pnfioric/pantry/intermediate/stability/RS-04430854.constit_exons.counts.txt, /vscratch/grp-songyao/pnfioric/pantry/intermediate/stability/RS-04430855.constit_exons.counts.txt, /vscratch/grp-songyao/pnfioric/pantry/intermediate/stability/RS-04430856.constit_exons.counts.txt, /vscratch/grp-songyao/pnfioric/pantry/intermediate/stability/RS-04430857.constit_exons.counts.txt, /vscratch/grp-songyao/pnfioric/pantry/intermediate/stability/RS-04430858.constit_exons.counts.txt, /vscratch/grp-songyao/pnfioric/pantry/intermediate/stability/RS-04430859.constit_exons.counts.txt, /vscratch/grp-songyao/pnfioric/pantry/intermediate/stability/RS-04430860.constit_exons.counts.txt, /vscratch/grp-songyao/pnfioric/pantry/intermediate/stability/RS-04430861.constit_exons.counts.txt, /vscratch/grp-songyao/pnfioric/pantry/intermediate/stability/RS-04430862.constit_exons.counts.txt, /vscratch/grp-songyao/pnfioric/pantry/intermediate/stability/RS-04430863.constit_exons.counts.txt, /vscratch/grp-songyao/pnfioric/pantry/intermediate/stability/RS-04430864.constit_exons.counts.txt, /vscratch/grp-songyao/pnfioric/pantry/intermediate/stability/RS-04430865.constit_exons.counts.txt, /vscratch/grp-songyao/pnfioric/pantry/intermediate/stability/RS-04430866.constit_exons.counts.txt, /vscratch/grp-songyao/pnfioric/pantry/intermediate/stability/RS-04430867.constit_exons.counts.txt, /vscratch/grp-songyao/pnfioric/pantry/intermediate/stability/RS-04430868.constit_exons.counts.txt, /vscratch/grp-songyao/pnfioric/pantry/intermediate/stability/RS-04430869.constit_exons.counts.txt, /vscratch/grp-songyao/pnfioric/pantry/intermediate/stability/RS-04430870.constit_exons.counts.txt, /vscratch/grp-songyao/pnfioric/pantry/intermediate/stability/RS-04430871.constit_exons.counts.txt, /vscratch/grp-songyao/pnfioric/pantry/intermediate/stability/RS-04430872.constit_exons.counts.txt, /vscratch/grp-songyao/pnfioric/pantry/intermediate/stability/RS-04430873.constit_exons.counts.txt, /vscratch/grp-songyao/pnfioric/pantry/intermediate/stability/RS-04430874.constit_exons.counts.txt, /vscratch/grp-songyao/pnfioric/pantry/intermediate/stability/RS-04430875.constit_exons.counts.txt, /vscratch/grp-songyao/pnfioric/pantry/intermediate/stability/RS-04430876.constit_exons.counts.txt, /vscratch/grp-songyao/pnfioric/pantry/intermediate/stability/RS-04430877.constit_exons.counts.txt, /vscratch/grp-songyao/pnfioric/pantry/intermediate/stability/RS-04430878.constit_exons.counts.txt, /vscratch/grp-songyao/pnfioric/pantry/intermediate/stability/RS-04430879.constit_exons.counts.txt, /vscratch/grp-songyao/pnfioric/pantry/intermediate/stability/RS-04430880.constit_exons.counts.txt, /vscratch/grp-songyao/pnfioric/pantry/intermediate/stability/RS-04430881.constit_exons.counts.txt, /vscratch/grp-songyao/pnfioric/pantry/intermediate/stability/RS-04430882.constit_exons.counts.txt, /vscratch/grp-songyao/pnfioric/pantry/intermediate/stability/RS-04430883.constit_exons.counts.txt, /vscratch/grp-songyao/pnfioric/pantry/intermediate/stability/RS-04430884.constit_exons.counts.txt, /vscratch/grp-songyao/pnfioric/pantry/intermediate/stability/RS-02166929.introns.counts.txt, /vscratch/grp-songyao/pnfioric/pantry/intermediate/stability/RS-02732377.introns.counts.txt, /vscratch/grp-songyao/pnfioric/pantry/intermediate/stability/RS-03423261.introns.counts.txt, /vscratch/grp-songyao/pnfioric/pantry/intermediate/stability/RS-03427463.introns.counts.txt, /vscratch/grp-songyao/pnfioric/pantry/intermediate/stability/RS-03522170.introns.counts.txt, /vscratch/grp-songyao/pnfioric/pantry/intermediate/stability/RS-03522202.introns.counts.txt, /vscratch/grp-songyao/pnfioric/pantry/intermediate/stability/RS-03568549.introns.counts.txt, /vscratch/grp-songyao/pnfioric/pantry/intermediate/stability/RS-03602187.introns.counts.txt, /vscratch/grp-songyao/pnfioric/pantry/intermediate/stability/RS-03689431.introns.counts.txt, /vscratch/grp-songyao/pnfioric/pantry/intermediate/stability/RS-03695641.introns.counts.txt, /vscratch/grp-songyao/pnfioric/pantry/intermediate/stability/RS-03697717.introns.counts.txt, /vscratch/grp-songyao/pnfioric/pantry/intermediate/stability/RS-03702962.introns.counts.txt, /vscratch/grp-songyao/pnfioric/pantry/intermediate/stability/RS-03709093.introns.counts.txt, /vscratch/grp-songyao/pnfioric/pantry/intermediate/stability/RS-03709094.introns.counts.txt, /vscratch/grp-songyao/pnfioric/pantry/intermediate/stability/RS-03709098.introns.counts.txt, /vscratch/grp-songyao/pnfioric/pantry/intermediate/stability/RS-03710643.introns.counts.txt, /vscratch/grp-songyao/pnfioric/pantry/intermediate/stability/RS-03711363.introns.counts.txt, /vscratch/grp-songyao/pnfioric/pantry/intermediate/stability/RS-03722465.introns.counts.txt, /vscratch/grp-songyao/pnfioric/pantry/intermediate/stability/RS-03726100.introns.counts.txt, /vscratch/grp-songyao/pnfioric/pantry/intermediate/stability/RS-03726102.introns.counts.txt, /vscratch/grp-songyao/pnfioric/pantry/intermediate/stability/RS-03726103.introns.counts.txt, /vscratch/grp-songyao/pnfioric/pantry/intermediate/stability/RS-03745424.introns.counts.txt, /vscratch/grp-songyao/pnfioric/pantry/intermediate/stability/RS-03746605.introns.counts.txt, /vscratch/grp-songyao/pnfioric/pantry/intermediate/stability/RS-03746606.introns.counts.txt, /vscratch/grp-songyao/pnfioric/pantry/intermediate/stability/RS-03750575.introns.counts.txt, /vscratch/grp-songyao/pnfioric/pantry/intermediate/stability/RS-03750576.introns.counts.txt, /vscratch/grp-songyao/pnfioric/pantry/intermediate/stability/RS-03750577.introns.counts.txt, /vscratch/grp-songyao/pnfioric/pantry/intermediate/stability/RS-03753113.introns.counts.txt, /vscratch/grp-songyao/pnfioric/pantry/intermediate/stability/RS-03753115.introns.counts.txt, /vscratch/grp-songyao/pnfioric/pantry/intermediate/stability/RS-03754774.introns.counts.txt, /vscratch/grp-songyao/pnfioric/pantry/intermediate/stability/RS-03754775.introns.counts.txt, /vscratch/grp-songyao/pnfioric/pantry/intermediate/stability/RS-03756154.introns.counts.txt, /vscratch/grp-songyao/pnfioric/pantry/intermediate/stability/RS-03756156.introns.counts.txt, /vscratch/grp-songyao/pnfioric/pantry/intermediate/stability/RS-03756157.introns.counts.txt, /vscratch/grp-songyao/pnfioric/pantry/intermediate/stability/RS-03766372.introns.counts.txt, /vscratch/grp-songyao/pnfioric/pantry/intermediate/stability/RS-03766374.introns.counts.txt, /vscratch/grp-songyao/pnfioric/pantry/intermediate/stability/RS-03767743.introns.counts.txt, /vscratch/grp-songyao/pnfioric/pantry/intermediate/stability/RS-03767744.introns.counts.txt, /vscratch/grp-songyao/pnfioric/pantry/intermediate/stability/RS-03769227.introns.counts.txt, /vscratch/grp-songyao/pnfioric/pantry/intermediate/stability/RS-03769895.introns.counts.txt, /vscratch/grp-songyao/pnfioric/pantry/intermediate/stability/RS-03769896.introns.counts.txt, /vscratch/grp-songyao/pnfioric/pantry/intermediate/stability/RS-03773034.introns.counts.txt, /vscratch/grp-songyao/pnfioric/pantry/intermediate/stability/RS-03773036.introns.counts.txt, /vscratch/grp-songyao/pnfioric/pantry/intermediate/stability/RS-03773039.introns.counts.txt, /vscratch/grp-songyao/pnfioric/pantry/intermediate/stability/RS-03779390.introns.counts.txt, /vscratch/grp-songyao/pnfioric/pantry/intermediate/stability/RS-03779391.introns.counts.txt, /vscratch/grp-songyao/pnfioric/pantry/intermediate/stability/RS-03779392.introns.counts.txt, /vscratch/grp-songyao/pnfioric/pantry/intermediate/stability/RS-03779394.introns.counts.txt, /vscratch/grp-songyao/pnfioric/pantry/intermediate/stability/RS-03792485.introns.counts.txt, /vscratch/grp-songyao/pnfioric/pantry/intermediate/stability/RS-03792488.introns.counts.txt, /vscratch/grp-songyao/pnfioric/pantry/intermediate/stability/RS-03800061.introns.counts.txt, /vscratch/grp-songyao/pnfioric/pantry/intermediate/stability/RS-03804912.introns.counts.txt, /vscratch/grp-songyao/pnfioric/pantry/intermediate/stability/RS-03804915.introns.counts.txt, /vscratch/grp-songyao/pnfioric/pantry/intermediate/stability/RS-03804916.introns.counts.txt, /vscratch/grp-songyao/pnfioric/pantry/intermediate/stability/RS-03813027.introns.counts.txt, /vscratch/grp-songyao/pnfioric/pantry/intermediate/stability/RS-03813029.introns.counts.txt, /vscratch/grp-songyao/pnfioric/pantry/intermediate/stability/RS-03813031.introns.counts.txt, /vscratch/grp-songyao/pnfioric/pantry/intermediate/stability/RS-03813032.introns.counts.txt, /vscratch/grp-songyao/pnfioric/pantry/intermediate/stability/RS-03816355.introns.counts.txt, /vscratch/grp-songyao/pnfioric/pantry/intermediate/stability/RS-03816356.introns.counts.txt, /vscratch/grp-songyao/pnfioric/pantry/intermediate/stability/RS-03816358.introns.counts.txt, /vscratch/grp-songyao/pnfioric/pantry/intermediate/stability/RS-03817302.introns.counts.txt, /vscratch/grp-songyao/pnfioric/pantry/intermediate/stability/RS-03817304.introns.counts.txt, /vscratch/grp-songyao/pnfioric/pantry/intermediate/stability/RS-03827250.introns.counts.txt, /vscratch/grp-songyao/pnfioric/pantry/intermediate/stability/RS-03827254.introns.counts.txt, /vscratch/grp-songyao/pnfioric/pantry/intermediate/stability/RS-03831725.introns.counts.txt, /vscratch/grp-songyao/pnfioric/pantry/intermediate/stability/RS-03834166.introns.counts.txt, /vscratch/grp-songyao/pnfioric/pantry/intermediate/stability/RS-03834168.introns.counts.txt, /vscratch/grp-songyao/pnfioric/pantry/intermediate/stability/RS-03837511.introns.counts.txt, /vscratch/grp-songyao/pnfioric/pantry/intermediate/stability/RS-03837512.introns.counts.txt, /vscratch/grp-songyao/pnfioric/pantry/intermediate/stability/RS-03837577.introns.counts.txt, /vscratch/grp-songyao/pnfioric/pantry/intermediate/stability/RS-03838687.introns.counts.txt, /vscratch/grp-songyao/pnfioric/pantry/intermediate/stability/RS-03840948.introns.counts.txt, /vscratch/grp-songyao/pnfioric/pantry/intermediate/stability/RS-03840952.introns.counts.txt, /vscratch/grp-songyao/pnfioric/pantry/intermediate/stability/RS-03840994.introns.counts.txt, /vscratch/grp-songyao/pnfioric/pantry/intermediate/stability/RS-03849883.introns.counts.txt, /vscratch/grp-songyao/pnfioric/pantry/intermediate/stability/RS-03857995.introns.counts.txt, /vscratch/grp-songyao/pnfioric/pantry/intermediate/stability/RS-03860509.introns.counts.txt, /vscratch/grp-songyao/pnfioric/pantry/intermediate/stability/RS-03862582.introns.counts.txt, /vscratch/grp-songyao/pnfioric/pantry/intermediate/stability/RS-03862589.introns.counts.txt, /vscratch/grp-songyao/pnfioric/pantry/intermediate/stability/RS-03879231.introns.counts.txt, /vscratch/grp-songyao/pnfioric/pantry/intermediate/stability/RS-03885248.introns.counts.txt, /vscratch/grp-songyao/pnfioric/pantry/intermediate/stability/RS-03885250.introns.counts.txt, /vscratch/grp-songyao/pnfioric/pantry/intermediate/stability/RS-03886129.introns.counts.txt, /vscratch/grp-songyao/pnfioric/pantry/intermediate/stability/RS-03888427.introns.counts.txt, /vscratch/grp-songyao/pnfioric/pantry/intermediate/stability/RS-03888429.introns.counts.txt, /vscratch/grp-songyao/pnfioric/pantry/intermediate/stability/RS-03890640.introns.counts.txt, /vscratch/grp-songyao/pnfioric/pantry/intermediate/stability/RS-03890644.introns.counts.txt, /vscratch/grp-songyao/pnfioric/pantry/intermediate/stability/RS-03898411.introns.counts.txt, /vscratch/grp-songyao/pnfioric/pantry/intermediate/stability/RS-03898412.introns.counts.txt, /vscratch/grp-songyao/pnfioric/pantry/intermediate/stability/RS-03899701.introns.counts.txt, /vscratch/grp-songyao/pnfioric/pantry/intermediate/stability/RS-03899703.introns.counts.txt, /vscratch/grp-songyao/pnfioric/pantry/intermediate/stability/RS-03899706.introns.counts.txt, /vscratch/grp-songyao/pnfioric/pantry/intermediate/stability/RS-03901858.introns.counts.txt, /vscratch/grp-songyao/pnfioric/pantry/intermediate/stability/RS-03931520.introns.counts.txt, /vscratch/grp-songyao/pnfioric/pantry/intermediate/stability/RS-03970187.introns.counts.txt, /vscratch/grp-songyao/pnfioric/pantry/intermediate/stability/RS-04035152.introns.counts.txt, /vscratch/grp-songyao/pnfioric/pantry/intermediate/stability/RS-04035153.introns.counts.txt, /vscratch/grp-songyao/pnfioric/pantry/intermediate/stability/RS-04035154.introns.counts.txt, /vscratch/grp-songyao/pnfioric/pantry/intermediate/stability/RS-04036669.introns.counts.txt, /vscratch/grp-songyao/pnfioric/pantry/intermediate/stability/RS-04036674.introns.counts.txt, /vscratch/grp-songyao/pnfioric/pantry/intermediate/stability/RS-04045323.introns.counts.txt, /vscratch/grp-songyao/pnfioric/pantry/intermediate/stability/RS-04045663.introns.counts.txt, /vscratch/grp-songyao/pnfioric/pantry/intermediate/stability/RS-04048349.introns.counts.txt, /vscratch/grp-songyao/pnfioric/pantry/intermediate/stability/RS-04050572.introns.counts.txt, /vscratch/grp-songyao/pnfioric/pantry/intermediate/stability/RS-04056908.introns.counts.txt, /vscratch/grp-songyao/pnfioric/pantry/intermediate/stability/RS-04056909.introns.counts.txt, /vscratch/grp-songyao/pnfioric/pantry/intermediate/stability/RS-04056911.introns.counts.txt, /vscratch/grp-songyao/pnfioric/pantry/intermediate/stability/RS-04058236.introns.counts.txt, /vscratch/grp-songyao/pnfioric/pantry/intermediate/stability/RS-04058254.introns.counts.txt, /vscratch/grp-songyao/pnfioric/pantry/intermediate/stability/RS-04058255.introns.counts.txt, /vscratch/grp-songyao/pnfioric/pantry/intermediate/stability/RS-04058256.introns.counts.txt, /vscratch/grp-songyao/pnfioric/pantry/intermediate/stability/RS-04059952.introns.counts.txt, /vscratch/grp-songyao/pnfioric/pantry/intermediate/stability/RS-04059954.introns.counts.txt, /vscratch/grp-songyao/pnfioric/pantry/intermediate/stability/RS-04061367.introns.counts.txt, /vscratch/grp-songyao/pnfioric/pantry/intermediate/stability/RS-04061369.introns.counts.txt, /vscratch/grp-songyao/pnfioric/pantry/intermediate/stability/RS-04065375.introns.counts.txt, /vscratch/grp-songyao/pnfioric/pantry/intermediate/stability/RS-04066121.introns.counts.txt, /vscratch/grp-songyao/pnfioric/pantry/intermediate/stability/RS-04068926.introns.counts.txt, /vscratch/grp-songyao/pnfioric/pantry/intermediate/stability/RS-04072742.introns.counts.txt, /vscratch/grp-songyao/pnfioric/pantry/intermediate/stability/RS-04075008.introns.counts.txt, /vscratch/grp-songyao/pnfioric/pantry/intermediate/stability/RS-04075720.introns.counts.txt, /vscratch/grp-songyao/pnfioric/pantry/intermediate/stability/RS-04079693.introns.counts.txt, /vscratch/grp-songyao/pnfioric/pantry/intermediate/stability/RS-04079696.introns.counts.txt, /vscratch/grp-songyao/pnfioric/pantry/intermediate/stability/RS-04083995.introns.counts.txt, /vscratch/grp-songyao/pnfioric/pantry/intermediate/stability/RS-04084275.introns.counts.txt, /vscratch/grp-songyao/pnfioric/pantry/intermediate/stability/RS-04084277.introns.counts.txt, /vscratch/grp-songyao/pnfioric/pantry/intermediate/stability/RS-04088695.introns.counts.txt, /vscratch/grp-songyao/pnfioric/pantry/intermediate/stability/RS-04088698.introns.counts.txt, /vscratch/grp-songyao/pnfioric/pantry/intermediate/stability/RS-04088945.introns.counts.txt, /vscratch/grp-songyao/pnfioric/pantry/intermediate/stability/RS-04092923.introns.counts.txt, /vscratch/grp-songyao/pnfioric/pantry/intermediate/stability/RS-04096236.introns.counts.txt, /vscratch/grp-songyao/pnfioric/pantry/intermediate/stability/RS-04096237.introns.counts.txt, /vscratch/grp-songyao/pnfioric/pantry/intermediate/stability/RS-04096238.introns.counts.txt, /vscratch/grp-songyao/pnfioric/pantry/intermediate/stability/RS-04096478.introns.counts.txt, /vscratch/grp-songyao/pnfioric/pantry/intermediate/stability/RS-04104756.introns.counts.txt, /vscratch/grp-songyao/pnfioric/pantry/intermediate/stability/RS-04104778.introns.counts.txt, /vscratch/grp-songyao/pnfioric/pantry/intermediate/stability/RS-04120256.introns.counts.txt, /vscratch/grp-songyao/pnfioric/pantry/intermediate/stability/RS-04124047.introns.counts.txt, /vscratch/grp-songyao/pnfioric/pantry/intermediate/stability/RS-04124088.introns.counts.txt, /vscratch/grp-songyao/pnfioric/pantry/intermediate/stability/RS-04128336.introns.counts.txt, /vscratch/grp-songyao/pnfioric/pantry/intermediate/stability/RS-04128573.introns.counts.txt, /vscratch/grp-songyao/pnfioric/pantry/intermediate/stability/RS-04128574.introns.counts.txt, /vscratch/grp-songyao/pnfioric/pantry/intermediate/stability/RS-04147830.introns.counts.txt, /vscratch/grp-songyao/pnfioric/pantry/intermediate/stability/RS-04147928.introns.counts.txt, /vscratch/grp-songyao/pnfioric/pantry/intermediate/stability/RS-04151684.introns.counts.txt, /vscratch/grp-songyao/pnfioric/pantry/intermediate/stability/RS-04151685.introns.counts.txt, /vscratch/grp-songyao/pnfioric/pantry/intermediate/stability/RS-04152328.introns.counts.txt, /vscratch/grp-songyao/pnfioric/pantry/intermediate/stability/RS-04153630.introns.counts.txt, /vscratch/grp-songyao/pnfioric/pantry/intermediate/stability/RS-04164414.introns.counts.txt, /vscratch/grp-songyao/pnfioric/pantry/intermediate/stability/RS-04165459.introns.counts.txt, /vscratch/grp-songyao/pnfioric/pantry/intermediate/stability/RS-04178224.introns.counts.txt, /vscratch/grp-songyao/pnfioric/pantry/intermediate/stability/RS-04187404.introns.counts.txt, /vscratch/grp-songyao/pnfioric/pantry/intermediate/stability/RS-04190909.introns.counts.txt, /vscratch/grp-songyao/pnfioric/pantry/intermediate/stability/RS-04199405.introns.counts.txt, /vscratch/grp-songyao/pnfioric/pantry/intermediate/stability/RS-04208747.introns.counts.txt, /vscratch/grp-songyao/pnfioric/pantry/intermediate/stability/RS-04208749.introns.counts.txt, /vscratch/grp-songyao/pnfioric/pantry/intermediate/stability/RS-04211377.introns.counts.txt, /vscratch/grp-songyao/pnfioric/pantry/intermediate/stability/RS-04212075.introns.counts.txt, /vscratch/grp-songyao/pnfioric/pantry/intermediate/stability/RS-04212079.introns.counts.txt, /vscratch/grp-songyao/pnfioric/pantry/intermediate/stability/RS-04212143.introns.counts.txt, /vscratch/grp-songyao/pnfioric/pantry/intermediate/stability/RS-04215055.introns.counts.txt, /vscratch/grp-songyao/pnfioric/pantry/intermediate/stability/RS-04215978.introns.counts.txt, /vscratch/grp-songyao/pnfioric/pantry/intermediate/stability/RS-04215980.introns.counts.txt, /vscratch/grp-songyao/pnfioric/pantry/intermediate/stability/RS-04218231.introns.counts.txt, /vscratch/grp-songyao/pnfioric/pantry/intermediate/stability/RS-04218233.introns.counts.txt, /vscratch/grp-songyao/pnfioric/pantry/intermediate/stability/RS-04218234.introns.counts.txt, /vscratch/grp-songyao/pnfioric/pantry/intermediate/stability/RS-04221471.introns.counts.txt, /vscratch/grp-songyao/pnfioric/pantry/intermediate/stability/RS-04224029.introns.counts.txt, /vscratch/grp-songyao/pnfioric/pantry/intermediate/stability/RS-04233421.introns.counts.txt, /vscratch/grp-songyao/pnfioric/pantry/intermediate/stability/RS-04234182.introns.counts.txt, /vscratch/grp-songyao/pnfioric/pantry/intermediate/stability/RS-04235657.introns.counts.txt, /vscratch/grp-songyao/pnfioric/pantry/intermediate/stability/RS-04237081.introns.counts.txt, /vscratch/grp-songyao/pnfioric/pantry/intermediate/stability/RS-04238109.introns.counts.txt, /vscratch/grp-songyao/pnfioric/pantry/intermediate/stability/RS-04238138.introns.counts.txt, /vscratch/grp-songyao/pnfioric/pantry/intermediate/stability/RS-04239576.introns.counts.txt, /vscratch/grp-songyao/pnfioric/pantry/intermediate/stability/RS-04240727.introns.counts.txt, /vscratch/grp-songyao/pnfioric/pantry/intermediate/stability/RS-04240729.introns.counts.txt, /vscratch/grp-songyao/pnfioric/pantry/intermediate/stability/RS-04240732.introns.counts.txt, /vscratch/grp-songyao/pnfioric/pantry/intermediate/stability/RS-04241362.introns.counts.txt, /vscratch/grp-songyao/pnfioric/pantry/intermediate/stability/RS-04246019.introns.counts.txt, /vscratch/grp-songyao/pnfioric/pantry/intermediate/stability/RS-04247341.introns.counts.txt, /vscratch/grp-songyao/pnfioric/pantry/intermediate/stability/RS-04247342.introns.counts.txt, /vscratch/grp-songyao/pnfioric/pantry/intermediate/stability/RS-04251303.introns.counts.txt, /vscratch/grp-songyao/pnfioric/pantry/intermediate/stability/RS-04251304.introns.counts.txt, /vscratch/grp-songyao/pnfioric/pantry/intermediate/stability/RS-04252125.introns.counts.txt, /vscratch/grp-songyao/pnfioric/pantry/intermediate/stability/RS-04256820.introns.counts.txt, /vscratch/grp-songyao/pnfioric/pantry/intermediate/stability/RS-04262923.introns.counts.txt, /vscratch/grp-songyao/pnfioric/pantry/intermediate/stability/RS-04262928.introns.counts.txt, /vscratch/grp-songyao/pnfioric/pantry/intermediate/stability/RS-04266595.introns.counts.txt, /vscratch/grp-songyao/pnfioric/pantry/intermediate/stability/RS-04267058.introns.counts.txt, /vscratch/grp-songyao/pnfioric/pantry/intermediate/stability/RS-04267062.introns.counts.txt, /vscratch/grp-songyao/pnfioric/pantry/intermediate/stability/RS-04367335.introns.counts.txt, /vscratch/grp-songyao/pnfioric/pantry/intermediate/stability/RS-04367336.introns.counts.txt, /vscratch/grp-songyao/pnfioric/pantry/intermediate/stability/RS-04367337.introns.counts.txt, /vscratch/grp-songyao/pnfioric/pantry/intermediate/stability/RS-04367338.introns.counts.txt, /vscratch/grp-songyao/pnfioric/pantry/intermediate/stability/RS-04367339.introns.counts.txt, /vscratch/grp-songyao/pnfioric/pantry/intermediate/stability/RS-04367340.introns.counts.txt, /vscratch/grp-songyao/pnfioric/pantry/intermediate/stability/RS-04367341.introns.counts.txt, /vscratch/grp-songyao/pnfioric/pantry/intermediate/stability/RS-04367342.introns.counts.txt, /vscratch/grp-songyao/pnfioric/pantry/intermediate/stability/RS-04367343.introns.counts.txt, /vscratch/grp-songyao/pnfioric/pantry/intermediate/stability/RS-04367344.introns.counts.txt, /vscratch/grp-songyao/pnfioric/pantry/intermediate/stability/RS-04367345.introns.counts.txt, /vscratch/grp-songyao/pnfioric/pantry/intermediate/stability/RS-04367346.introns.counts.txt, /vscratch/grp-songyao/pnfioric/pantry/intermediate/stability/RS-04367347.introns.counts.txt, /vscratch/grp-songyao/pnfioric/pantry/intermediate/stability/RS-04367348.introns.counts.txt, /vscratch/grp-songyao/pnfioric/pantry/intermediate/stability/RS-04367349.introns.counts.txt, /vscratch/grp-songyao/pnfioric/pantry/intermediate/stability/RS-04367350.introns.counts.txt, /vscratch/grp-songyao/pnfioric/pantry/intermediate/stability/RS-04367351.introns.counts.txt, /vscratch/grp-songyao/pnfioric/pantry/intermediate/stability/RS-04367352.introns.counts.txt, /vscratch/grp-songyao/pnfioric/pantry/intermediate/stability/RS-04367353.introns.counts.txt, /vscratch/grp-songyao/pnfioric/pantry/intermediate/stability/RS-04367354.introns.counts.txt, /vscratch/grp-songyao/pnfioric/pantry/intermediate/stability/RS-04367355.introns.counts.txt, /vscratch/grp-songyao/pnfioric/pantry/intermediate/stability/RS-04367356.introns.counts.txt, /vscratch/grp-songyao/pnfioric/pantry/intermediate/stability/RS-04367357.introns.counts.txt, /vscratch/grp-songyao/pnfioric/pantry/intermediate/stability/RS-04367358.introns.counts.txt, /vscratch/grp-songyao/pnfioric/pantry/intermediate/stability/RS-04367359.introns.counts.txt, /vscratch/grp-songyao/pnfioric/pantry/intermediate/stability/RS-04367360.introns.counts.txt, /vscratch/grp-songyao/pnfioric/pantry/intermediate/stability/RS-04367361.introns.counts.txt, /vscratch/grp-songyao/pnfioric/pantry/intermediate/stability/RS-04367362.introns.counts.txt, /vscratch/grp-songyao/pnfioric/pantry/intermediate/stability/RS-04367363.introns.counts.txt, /vscratch/grp-songyao/pnfioric/pantry/intermediate/stability/RS-04367364.introns.counts.txt, /vscratch/grp-songyao/pnfioric/pantry/intermediate/stability/RS-04367365.introns.counts.txt, /vscratch/grp-songyao/pnfioric/pantry/intermediate/stability/RS-04367366.introns.counts.txt, /vscratch/grp-songyao/pnfioric/pantry/intermediate/stability/RS-04367367.introns.counts.txt, /vscratch/grp-songyao/pnfioric/pantry/intermediate/stability/RS-04367368.introns.counts.txt, /vscratch/grp-songyao/pnfioric/pantry/intermediate/stability/RS-04367369.introns.counts.txt, /vscratch/grp-songyao/pnfioric/pantry/intermediate/stability/RS-04367370.introns.counts.txt, /vscratch/grp-songyao/pnfioric/pantry/intermediate/stability/RS-04367371.introns.counts.txt, /vscratch/grp-songyao/pnfioric/pantry/intermediate/stability/RS-04367372.introns.counts.txt, /vscratch/grp-songyao/pnfioric/pantry/intermediate/stability/RS-04367373.introns.counts.txt, /vscratch/grp-songyao/pnfioric/pantry/intermediate/stability/RS-04367374.introns.counts.txt, /vscratch/grp-songyao/pnfioric/pantry/intermediate/stability/RS-04367375.introns.counts.txt, /vscratch/grp-songyao/pnfioric/pantry/intermediate/stability/RS-04367376.introns.counts.txt, /vscratch/grp-songyao/pnfioric/pantry/intermediate/stability/RS-04367377.introns.counts.txt, /vscratch/grp-songyao/pnfioric/pantry/intermediate/stability/RS-04367378.introns.counts.txt, /vscratch/grp-songyao/pnfioric/pantry/intermediate/stability/RS-04367379.introns.counts.txt, /vscratch/grp-songyao/pnfioric/pantry/intermediate/stability/RS-04367380.introns.counts.txt, /vscratch/grp-songyao/pnfioric/pantry/intermediate/stability/RS-04367381.introns.counts.txt, /vscratch/grp-songyao/pnfioric/pantry/intermediate/stability/RS-04367382.introns.counts.txt, /vscratch/grp-songyao/pnfioric/pantry/intermediate/stability/RS-04367383.introns.counts.txt, /vscratch/grp-songyao/pnfioric/pantry/intermediate/stability/RS-04367384.introns.counts.txt, /vscratch/grp-songyao/pnfioric/pantry/intermediate/stability/RS-04367385.introns.counts.txt, /vscratch/grp-songyao/pnfioric/pantry/intermediate/stability/RS-04367386.introns.counts.txt, /vscratch/grp-songyao/pnfioric/pantry/intermediate/stability/RS-04367387.introns.counts.txt, /vscratch/grp-songyao/pnfioric/pantry/intermediate/stability/RS-04367388.introns.counts.txt, /vscratch/grp-songyao/pnfioric/pantry/intermediate/stability/RS-04367389.introns.counts.txt, /vscratch/grp-songyao/pnfioric/pantry/intermediate/stability/RS-04367390.introns.counts.txt, /vscratch/grp-songyao/pnfioric/pantry/intermediate/stability/RS-04367391.introns.counts.txt, /vscratch/grp-songyao/pnfioric/pantry/intermediate/stability/RS-04367392.introns.counts.txt, /vscratch/grp-songyao/pnfioric/pantry/intermediate/stability/RS-04367393.introns.counts.txt, /vscratch/grp-songyao/pnfioric/pantry/intermediate/stability/RS-04367394.introns.counts.txt, /vscratch/grp-songyao/pnfioric/pantry/intermediate/stability/RS-04367395.introns.counts.txt, /vscratch/grp-songyao/pnfioric/pantry/intermediate/stability/RS-04367396.introns.counts.txt, /vscratch/grp-songyao/pnfioric/pantry/intermediate/stability/RS-04367397.introns.counts.txt, /vscratch/grp-songyao/pnfioric/pantry/intermediate/stability/RS-04367398.introns.counts.txt, /vscratch/grp-songyao/pnfioric/pantry/intermediate/stability/RS-04367399.introns.counts.txt, /vscratch/grp-songyao/pnfioric/pantry/intermediate/stability/RS-04367400.introns.counts.txt, /vscratch/grp-songyao/pnfioric/pantry/intermediate/stability/RS-04367401.introns.counts.txt, /vscratch/grp-songyao/pnfioric/pantry/intermediate/stability/RS-04367402.introns.counts.txt, /vscratch/grp-songyao/pnfioric/pantry/intermediate/stability/RS-04367403.introns.counts.txt, /vscratch/grp-songyao/pnfioric/pantry/intermediate/stability/RS-04367404.introns.counts.txt, /vscratch/grp-songyao/pnfioric/pantry/intermediate/stability/RS-04367405.introns.counts.txt, /vscratch/grp-songyao/pnfioric/pantry/intermediate/stability/RS-04367406.introns.counts.txt, /vscratch/grp-songyao/pnfioric/pantry/intermediate/stability/RS-04367407.introns.counts.txt, /vscratch/grp-songyao/pnfioric/pantry/intermediate/stability/RS-04367408.introns.counts.txt, /vscratch/grp-songyao/pnfioric/pantry/intermediate/stability/RS-04367409.introns.counts.txt, /vscratch/grp-songyao/pnfioric/pantry/intermediate/stability/RS-04367410.introns.counts.txt, /vscratch/grp-songyao/pnfioric/pantry/intermediate/stability/RS-04367411.introns.counts.txt, /vscratch/grp-songyao/pnfioric/pantry/intermediate/stability/RS-04367412.introns.counts.txt, /vscratch/grp-songyao/pnfioric/pantry/intermediate/stability/RS-04367413.introns.counts.txt, /vscratch/grp-songyao/pnfioric/pantry/intermediate/stability/RS-04367414.introns.counts.txt, /vscratch/grp-songyao/pnfioric/pantry/intermediate/stability/RS-04367415.introns.counts.txt, /vscratch/grp-songyao/pnfioric/pantry/intermediate/stability/RS-04367416.introns.counts.txt, /vscratch/grp-songyao/pnfioric/pantry/intermediate/stability/RS-04367417.introns.counts.txt, /vscratch/grp-songyao/pnfioric/pantry/intermediate/stability/RS-04367418.introns.counts.txt, /vscratch/grp-songyao/pnfioric/pantry/intermediate/stability/RS-04367419.introns.counts.txt, /vscratch/grp-songyao/pnfioric/pantry/intermediate/stability/RS-04367420.introns.counts.txt, /vscratch/grp-songyao/pnfioric/pantry/intermediate/stability/RS-04367421.introns.counts.txt, /vscratch/grp-songyao/pnfioric/pantry/intermediate/stability/RS-04367422.introns.counts.txt, /vscratch/grp-songyao/pnfioric/pantry/intermediate/stability/RS-04367423.introns.counts.txt, /vscratch/grp-songyao/pnfioric/pantry/intermediate/stability/RS-04367424.introns.counts.txt, /vscratch/grp-songyao/pnfioric/pantry/intermediate/stability/RS-04367425.introns.counts.txt, /vscratch/grp-songyao/pnfioric/pantry/intermediate/stability/RS-04367426.introns.counts.txt, /vscratch/grp-songyao/pnfioric/pantry/intermediate/stability/RS-04367427.introns.counts.txt, /vscratch/grp-songyao/pnfioric/pantry/intermediate/stability/RS-04367428.introns.counts.txt, /vscratch/grp-songyao/pnfioric/pantry/intermediate/stability/RS-04367429.introns.counts.txt, /vscratch/grp-songyao/pnfioric/pantry/intermediate/stability/RS-04367430.introns.counts.txt, /vscratch/grp-songyao/pnfioric/pantry/intermediate/stability/RS-04367431.introns.counts.txt, /vscratch/grp-songyao/pnfioric/pantry/intermediate/stability/RS-04367432.introns.counts.txt, /vscratch/grp-songyao/pnfioric/pantry/intermediate/stability/RS-04367433.introns.counts.txt, /vscratch/grp-songyao/pnfioric/pantry/intermediate/stability/RS-04367434.introns.counts.txt, /vscratch/grp-songyao/pnfioric/pantry/intermediate/stability/RS-04367435.introns.counts.txt, /vscratch/grp-songyao/pnfioric/pantry/intermediate/stability/RS-04367436.introns.counts.txt, /vscratch/grp-songyao/pnfioric/pantry/intermediate/stability/RS-04367437.introns.counts.txt, /vscratch/grp-songyao/pnfioric/pantry/intermediate/stability/RS-04367438.introns.counts.txt, /vscratch/grp-songyao/pnfioric/pantry/intermediate/stability/RS-04367439.introns.counts.txt, /vscratch/grp-songyao/pnfioric/pantry/intermediate/stability/RS-04367440.introns.counts.txt, /vscratch/grp-songyao/pnfioric/pantry/intermediate/stability/RS-04367441.introns.counts.txt, /vscratch/grp-songyao/pnfioric/pantry/intermediate/stability/RS-04367442.introns.counts.txt, /vscratch/grp-songyao/pnfioric/pantry/intermediate/stability/RS-04367443.introns.counts.txt, /vscratch/grp-songyao/pnfioric/pantry/intermediate/stability/RS-04367444.introns.counts.txt, /vscratch/grp-songyao/pnfioric/pantry/intermediate/stability/RS-04367445.introns.counts.txt, /vscratch/grp-songyao/pnfioric/pantry/intermediate/stability/RS-04367446.introns.counts.txt, /vscratch/grp-songyao/pnfioric/pantry/intermediate/stability/RS-04367447.introns.counts.txt, /vscratch/grp-songyao/pnfioric/pantry/intermediate/stability/RS-04367448.introns.counts.txt, /vscratch/grp-songyao/pnfioric/pantry/intermediate/stability/RS-04367449.introns.counts.txt, /vscratch/grp-songyao/pnfioric/pantry/intermediate/stability/RS-04367450.introns.counts.txt, /vscratch/grp-songyao/pnfioric/pantry/intermediate/stability/RS-04367451.introns.counts.txt, /vscratch/grp-songyao/pnfioric/pantry/intermediate/stability/RS-04367452.introns.counts.txt, /vscratch/grp-songyao/pnfioric/pantry/intermediate/stability/RS-04367453.introns.counts.txt, /vscratch/grp-songyao/pnfioric/pantry/intermediate/stability/RS-04367454.introns.counts.txt, /vscratch/grp-songyao/pnfioric/pantry/intermediate/stability/RS-04367455.introns.counts.txt, /vscratch/grp-songyao/pnfioric/pantry/intermediate/stability/RS-04367456.introns.counts.txt, /vscratch/grp-songyao/pnfioric/pantry/intermediate/stability/RS-04367457.introns.counts.txt, /vscratch/grp-songyao/pnfioric/pantry/intermediate/stability/RS-04367458.introns.counts.txt, /vscratch/grp-songyao/pnfioric/pantry/intermediate/stability/RS-04367459.introns.counts.txt, /vscratch/grp-songyao/pnfioric/pantry/intermediate/stability/RS-04367460.introns.counts.txt, /vscratch/grp-songyao/pnfioric/pantry/intermediate/stability/RS-04367461.introns.counts.txt, /vscratch/grp-songyao/pnfioric/pantry/intermediate/stability/RS-04367462.introns.counts.txt, /vscratch/grp-songyao/pnfioric/pantry/intermediate/stability/RS-04367463.introns.counts.txt, /vscratch/grp-songyao/pnfioric/pantry/intermediate/stability/RS-04367464.introns.counts.txt, /vscratch/grp-songyao/pnfioric/pantry/intermediate/stability/RS-04367465.introns.counts.txt, /vscratch/grp-songyao/pnfioric/pantry/intermediate/stability/RS-04367466.introns.counts.txt, /vscratch/grp-songyao/pnfioric/pantry/intermediate/stability/RS-04367467.introns.counts.txt, /vscratch/grp-songyao/pnfioric/pantry/intermediate/stability/RS-04367468.introns.counts.txt, /vscratch/grp-songyao/pnfioric/pantry/intermediate/stability/RS-04367469.introns.counts.txt, /vscratch/grp-songyao/pnfioric/pantry/intermediate/stability/RS-04367470.introns.counts.txt, /vscratch/grp-songyao/pnfioric/pantry/intermediate/stability/RS-04367471.introns.counts.txt, /vscratch/grp-songyao/pnfioric/pantry/intermediate/stability/RS-04367472.introns.counts.txt, /vscratch/grp-songyao/pnfioric/pantry/intermediate/stability/RS-04367473.introns.counts.txt, /vscratch/grp-songyao/pnfioric/pantry/intermediate/stability/RS-04367474.introns.counts.txt, /vscratch/grp-songyao/pnfioric/pantry/intermediate/stability/RS-04367475.introns.counts.txt, /vscratch/grp-songyao/pnfioric/pantry/intermediate/stability/RS-04367476.introns.counts.txt, /vscratch/grp-songyao/pnfioric/pantry/intermediate/stability/RS-04367477.introns.counts.txt, /vscratch/grp-songyao/pnfioric/pantry/intermediate/stability/RS-04367478.introns.counts.txt, /vscratch/grp-songyao/pnfioric/pantry/intermediate/stability/RS-04367479.introns.counts.txt, /vscratch/grp-songyao/pnfioric/pantry/intermediate/stability/RS-04367480.introns.counts.txt, /vscratch/grp-songyao/pnfioric/pantry/intermediate/stability/RS-04367481.introns.counts.txt, /vscratch/grp-songyao/pnfioric/pantry/intermediate/stability/RS-04367482.introns.counts.txt, /vscratch/grp-songyao/pnfioric/pantry/intermediate/stability/RS-04367483.introns.counts.txt, /vscratch/grp-songyao/pnfioric/pantry/intermediate/stability/RS-04367484.introns.counts.txt, /vscratch/grp-songyao/pnfioric/pantry/intermediate/stability/RS-04367485.introns.counts.txt, /vscratch/grp-songyao/pnfioric/pantry/intermediate/stability/RS-04367486.introns.counts.txt, /vscratch/grp-songyao/pnfioric/pantry/intermediate/stability/RS-04367487.introns.counts.txt, /vscratch/grp-songyao/pnfioric/pantry/intermediate/stability/RS-04367488.introns.counts.txt, /vscratch/grp-songyao/pnfioric/pantry/intermediate/stability/RS-04367489.introns.counts.txt, /vscratch/grp-songyao/pnfioric/pantry/intermediate/stability/RS-04367490.introns.counts.txt, /vscratch/grp-songyao/pnfioric/pantry/intermediate/stability/RS-04367491.introns.counts.txt, /vscratch/grp-songyao/pnfioric/pantry/intermediate/stability/RS-04367492.introns.counts.txt, /vscratch/grp-songyao/pnfioric/pantry/intermediate/stability/RS-04367493.introns.counts.txt, /vscratch/grp-songyao/pnfioric/pantry/intermediate/stability/RS-04367494.introns.counts.txt, /vscratch/grp-songyao/pnfioric/pantry/intermediate/stability/RS-04367495.introns.counts.txt, /vscratch/grp-songyao/pnfioric/pantry/intermediate/stability/RS-04367496.introns.counts.txt, /vscratch/grp-songyao/pnfioric/pantry/intermediate/stability/RS-04367497.introns.counts.txt, /vscratch/grp-songyao/pnfioric/pantry/intermediate/stability/RS-04367498.introns.counts.txt, /vscratch/grp-songyao/pnfioric/pantry/intermediate/stability/RS-04367499.introns.counts.txt, /vscratch/grp-songyao/pnfioric/pantry/intermediate/stability/RS-04367500.introns.counts.txt, /vscratch/grp-songyao/pnfioric/pantry/intermediate/stability/RS-04367501.introns.counts.txt, /vscratch/grp-songyao/pnfioric/pantry/intermediate/stability/RS-04367502.introns.counts.txt, /vscratch/grp-songyao/pnfioric/pantry/intermediate/stability/RS-04367503.introns.counts.txt, /vscratch/grp-songyao/pnfioric/pantry/intermediate/stability/RS-04367504.introns.counts.txt, /vscratch/grp-songyao/pnfioric/pantry/intermediate/stability/RS-04367505.introns.counts.txt, /vscratch/grp-songyao/pnfioric/pantry/intermediate/stability/RS-04367506.introns.counts.txt, /vscratch/grp-songyao/pnfioric/pantry/intermediate/stability/RS-04367507.introns.counts.txt, /vscratch/grp-songyao/pnfioric/pantry/intermediate/stability/RS-04367508.introns.counts.txt, /vscratch/grp-songyao/pnfioric/pantry/intermediate/stability/RS-04367509.introns.counts.txt, /vscratch/grp-songyao/pnfioric/pantry/intermediate/stability/RS-04367510.introns.counts.txt, /vscratch/grp-songyao/pnfioric/pantry/intermediate/stability/RS-04367511.introns.counts.txt, /vscratch/grp-songyao/pnfioric/pantry/intermediate/stability/RS-04367512.introns.counts.txt, /vscratch/grp-songyao/pnfioric/pantry/intermediate/stability/RS-04367513.introns.counts.txt, /vscratch/grp-songyao/pnfioric/pantry/intermediate/stability/RS-04367514.introns.counts.txt, /vscratch/grp-songyao/pnfioric/pantry/intermediate/stability/RS-04367515.introns.counts.txt, /vscratch/grp-songyao/pnfioric/pantry/intermediate/stability/RS-04367516.introns.counts.txt, /vscratch/grp-songyao/pnfioric/pantry/intermediate/stability/RS-04367517.introns.counts.txt, /vscratch/grp-songyao/pnfioric/pantry/intermediate/stability/RS-04367518.introns.counts.txt, /vscratch/grp-songyao/pnfioric/pantry/intermediate/stability/RS-04367519.introns.counts.txt, /vscratch/grp-songyao/pnfioric/pantry/intermediate/stability/RS-04367520.introns.counts.txt, /vscratch/grp-songyao/pnfioric/pantry/intermediate/stability/RS-04367521.introns.counts.txt, /vscratch/grp-songyao/pnfioric/pantry/intermediate/stability/RS-04367522.introns.counts.txt, /vscratch/grp-songyao/pnfioric/pantry/intermediate/stability/RS-04367523.introns.counts.txt, /vscratch/grp-songyao/pnfioric/pantry/intermediate/stability/RS-04367524.introns.counts.txt, /vscratch/grp-songyao/pnfioric/pantry/intermediate/stability/RS-04367525.introns.counts.txt, /vscratch/grp-songyao/pnfioric/pantry/intermediate/stability/RS-04367526.introns.counts.txt, /vscratch/grp-songyao/pnfioric/pantry/intermediate/stability/RS-04378608.introns.counts.txt, /vscratch/grp-songyao/pnfioric/pantry/intermediate/stability/RS-04378609.introns.counts.txt, /vscratch/grp-songyao/pnfioric/pantry/intermediate/stability/RS-04378610.introns.counts.txt, /vscratch/grp-songyao/pnfioric/pantry/intermediate/stability/RS-04378611.introns.counts.txt, /vscratch/grp-songyao/pnfioric/pantry/intermediate/stability/RS-04378612.introns.counts.txt, /vscratch/grp-songyao/pnfioric/pantry/intermediate/stability/RS-04378613.introns.counts.txt, /vscratch/grp-songyao/pnfioric/pantry/intermediate/stability/RS-04378614.introns.counts.txt, /vscratch/grp-songyao/pnfioric/pantry/intermediate/stability/RS-04378615.introns.counts.txt, /vscratch/grp-songyao/pnfioric/pantry/intermediate/stability/RS-04378616.introns.counts.txt, /vscratch/grp-songyao/pnfioric/pantry/intermediate/stability/RS-04378617.introns.counts.txt, /vscratch/grp-songyao/pnfioric/pantry/intermediate/stability/RS-04378618.introns.counts.txt, /vscratch/grp-songyao/pnfioric/pantry/intermediate/stability/RS-04378619.introns.counts.txt, /vscratch/grp-songyao/pnfioric/pantry/intermediate/stability/RS-04378620.introns.counts.txt, /vscratch/grp-songyao/pnfioric/pantry/intermediate/stability/RS-04378621.introns.counts.txt, /vscratch/grp-songyao/pnfioric/pantry/intermediate/stability/RS-04378622.introns.counts.txt, /vscratch/grp-songyao/pnfioric/pantry/intermediate/stability/RS-04378623.introns.counts.txt, /vscratch/grp-songyao/pnfioric/pantry/intermediate/stability/RS-04378624.introns.counts.txt, /vscratch/grp-songyao/pnfioric/pantry/intermediate/stability/RS-04378625.introns.counts.txt, /vscratch/grp-songyao/pnfioric/pantry/intermediate/stability/RS-04378626.introns.counts.txt, /vscratch/grp-songyao/pnfioric/pantry/intermediate/stability/RS-04378627.introns.counts.txt, /vscratch/grp-songyao/pnfioric/pantry/intermediate/stability/RS-04378628.introns.counts.txt, /vscratch/grp-songyao/pnfioric/pantry/intermediate/stability/RS-04378629.introns.counts.txt, /vscratch/grp-songyao/pnfioric/pantry/intermediate/stability/RS-04378630.introns.counts.txt, /vscratch/grp-songyao/pnfioric/pantry/intermediate/stability/RS-04378631.introns.counts.txt, /vscratch/grp-songyao/pnfioric/pantry/intermediate/stability/RS-04378632.introns.counts.txt, /vscratch/grp-songyao/pnfioric/pantry/intermediate/stability/RS-04378633.introns.counts.txt, /vscratch/grp-songyao/pnfioric/pantry/intermediate/stability/RS-04378634.introns.counts.txt, /vscratch/grp-songyao/pnfioric/pantry/intermediate/stability/RS-04378635.introns.counts.txt, /vscratch/grp-songyao/pnfioric/pantry/intermediate/stability/RS-04378636.introns.counts.txt, /vscratch/grp-songyao/pnfioric/pantry/intermediate/stability/RS-04378637.introns.counts.txt, /vscratch/grp-songyao/pnfioric/pantry/intermediate/stability/RS-04378638.introns.counts.txt, /vscratch/grp-songyao/pnfioric/pantry/intermediate/stability/RS-04378639.introns.counts.txt, /vscratch/grp-songyao/pnfioric/pantry/intermediate/stability/RS-04378640.introns.counts.txt, /vscratch/grp-songyao/pnfioric/pantry/intermediate/stability/RS-04378641.introns.counts.txt, /vscratch/grp-songyao/pnfioric/pantry/intermediate/stability/RS-04378642.introns.counts.txt, /vscratch/grp-songyao/pnfioric/pantry/intermediate/stability/RS-04378643.introns.counts.txt, /vscratch/grp-songyao/pnfioric/pantry/intermediate/stability/RS-04378644.introns.counts.txt, /vscratch/grp-songyao/pnfioric/pantry/intermediate/stability/RS-04378645.introns.counts.txt, /vscratch/grp-songyao/pnfioric/pantry/intermediate/stability/RS-04378646.introns.counts.txt, /vscratch/grp-songyao/pnfioric/pantry/intermediate/stability/RS-04378647.introns.counts.txt, /vscratch/grp-songyao/pnfioric/pantry/intermediate/stability/RS-04378648.introns.counts.txt, /vscratch/grp-songyao/pnfioric/pantry/intermediate/stability/RS-04378649.introns.counts.txt, /vscratch/grp-songyao/pnfioric/pantry/intermediate/stability/RS-04378650.introns.counts.txt, /vscratch/grp-songyao/pnfioric/pantry/intermediate/stability/RS-04378651.introns.counts.txt, /vscratch/grp-songyao/pnfioric/pantry/intermediate/stability/RS-04378652.introns.counts.txt, /vscratch/grp-songyao/pnfioric/pantry/intermediate/stability/RS-04378653.introns.counts.txt, /vscratch/grp-songyao/pnfioric/pantry/intermediate/stability/RS-04378654.introns.counts.txt, /vscratch/grp-songyao/pnfioric/pantry/intermediate/stability/RS-04378655.introns.counts.txt, /vscratch/grp-songyao/pnfioric/pantry/intermediate/stability/RS-04378656.introns.counts.txt, /vscratch/grp-songyao/pnfioric/pantry/intermediate/stability/RS-04378657.introns.counts.txt, /vscratch/grp-songyao/pnfioric/pantry/intermediate/stability/RS-04378658.introns.counts.txt, /vscratch/grp-songyao/pnfioric/pantry/intermediate/stability/RS-04378659.introns.counts.txt, /vscratch/grp-songyao/pnfioric/pantry/intermediate/stability/RS-04378660.introns.counts.txt, /vscratch/grp-songyao/pnfioric/pantry/intermediate/stability/RS-04378661.introns.counts.txt, /vscratch/grp-songyao/pnfioric/pantry/intermediate/stability/RS-04378662.introns.counts.txt, /vscratch/grp-songyao/pnfioric/pantry/intermediate/stability/RS-04378663.introns.counts.txt, /vscratch/grp-songyao/pnfioric/pantry/intermediate/stability/RS-04378664.introns.counts.txt, /vscratch/grp-songyao/pnfioric/pantry/intermediate/stability/RS-04378665.introns.counts.txt, /vscratch/grp-songyao/pnfioric/pantry/intermediate/stability/RS-04378666.introns.counts.txt, /vscratch/grp-songyao/pnfioric/pantry/intermediate/stability/RS-04378667.introns.counts.txt, /vscratch/grp-songyao/pnfioric/pantry/intermediate/stability/RS-04378668.introns.counts.txt, /vscratch/grp-songyao/pnfioric/pantry/intermediate/stability/RS-04378669.introns.counts.txt, /vscratch/grp-songyao/pnfioric/pantry/intermediate/stability/RS-04378670.introns.counts.txt, /vscratch/grp-songyao/pnfioric/pantry/intermediate/stability/RS-04378671.introns.counts.txt, /vscratch/grp-songyao/pnfioric/pantry/intermediate/stability/RS-04378672.introns.counts.txt, /vscratch/grp-songyao/pnfioric/pantry/intermediate/stability/RS-04378673.introns.counts.txt, /vscratch/grp-songyao/pnfioric/pantry/intermediate/stability/RS-04378674.introns.counts.txt, /vscratch/grp-songyao/pnfioric/pantry/intermediate/stability/RS-04378675.introns.counts.txt, /vscratch/grp-songyao/pnfioric/pantry/intermediate/stability/RS-04378676.introns.counts.txt, /vscratch/grp-songyao/pnfioric/pantry/intermediate/stability/RS-04378677.introns.counts.txt, /vscratch/grp-songyao/pnfioric/pantry/intermediate/stability/RS-04378678.introns.counts.txt, /vscratch/grp-songyao/pnfioric/pantry/intermediate/stability/RS-04378679.introns.counts.txt, /vscratch/grp-songyao/pnfioric/pantry/intermediate/stability/RS-04378680.introns.counts.txt, /vscratch/grp-songyao/pnfioric/pantry/intermediate/stability/RS-04378681.introns.counts.txt, /vscratch/grp-songyao/pnfioric/pantry/intermediate/stability/RS-04378682.introns.counts.txt, /vscratch/grp-songyao/pnfioric/pantry/intermediate/stability/RS-04378683.introns.counts.txt, /vscratch/grp-songyao/pnfioric/pantry/intermediate/stability/RS-04378684.introns.counts.txt, /vscratch/grp-songyao/pnfioric/pantry/intermediate/stability/RS-04378685.introns.counts.txt, /vscratch/grp-songyao/pnfioric/pantry/intermediate/stability/RS-04378686.introns.counts.txt, /vscratch/grp-songyao/pnfioric/pantry/intermediate/stability/RS-04378687.introns.counts.txt, /vscratch/grp-songyao/pnfioric/pantry/intermediate/stability/RS-04378688.introns.counts.txt, /vscratch/grp-songyao/pnfioric/pantry/intermediate/stability/RS-04378689.introns.counts.txt, /vscratch/grp-songyao/pnfioric/pantry/intermediate/stability/RS-04378690.introns.counts.txt, /vscratch/grp-songyao/pnfioric/pantry/intermediate/stability/RS-04378691.introns.counts.txt, /vscratch/grp-songyao/pnfioric/pantry/intermediate/stability/RS-04378692.introns.counts.txt, /vscratch/grp-songyao/pnfioric/pantry/intermediate/stability/RS-04378693.introns.counts.txt, /vscratch/grp-songyao/pnfioric/pantry/intermediate/stability/RS-04378694.introns.counts.txt, /vscratch/grp-songyao/pnfioric/pantry/intermediate/stability/RS-04378695.introns.counts.txt, /vscratch/grp-songyao/pnfioric/pantry/intermediate/stability/RS-04378696.introns.counts.txt, /vscratch/grp-songyao/pnfioric/pantry/intermediate/stability/RS-04378697.introns.counts.txt, /vscratch/grp-songyao/pnfioric/pantry/intermediate/stability/RS-04378698.introns.counts.txt, /vscratch/grp-songyao/pnfioric/pantry/intermediate/stability/RS-04378699.introns.counts.txt, /vscratch/grp-songyao/pnfioric/pantry/intermediate/stability/RS-04378700.introns.counts.txt, /vscratch/grp-songyao/pnfioric/pantry/intermediate/stability/RS-04378701.introns.counts.txt, /vscratch/grp-songyao/pnfioric/pantry/intermediate/stability/RS-04378702.introns.counts.txt, /vscratch/grp-songyao/pnfioric/pantry/intermediate/stability/RS-04378703.introns.counts.txt, /vscratch/grp-songyao/pnfioric/pantry/intermediate/stability/RS-04378704.introns.counts.txt, /vscratch/grp-songyao/pnfioric/pantry/intermediate/stability/RS-04378705.introns.counts.txt, /vscratch/grp-songyao/pnfioric/pantry/intermediate/stability/RS-04378706.introns.counts.txt, /vscratch/grp-songyao/pnfioric/pantry/intermediate/stability/RS-04378707.introns.counts.txt, /vscratch/grp-songyao/pnfioric/pantry/intermediate/stability/RS-04378708.introns.counts.txt, /vscratch/grp-songyao/pnfioric/pantry/intermediate/stability/RS-04378709.introns.counts.txt, /vscratch/grp-songyao/pnfioric/pantry/intermediate/stability/RS-04378710.introns.counts.txt, /vscratch/grp-songyao/pnfioric/pantry/intermediate/stability/RS-04378711.introns.counts.txt, /vscratch/grp-songyao/pnfioric/pantry/intermediate/stability/RS-04378712.introns.counts.txt, /vscratch/grp-songyao/pnfioric/pantry/intermediate/stability/RS-04378713.introns.counts.txt, /vscratch/grp-songyao/pnfioric/pantry/intermediate/stability/RS-04378714.introns.counts.txt, /vscratch/grp-songyao/pnfioric/pantry/intermediate/stability/RS-04378715.introns.counts.txt, /vscratch/grp-songyao/pnfioric/pantry/intermediate/stability/RS-04378716.introns.counts.txt, /vscratch/grp-songyao/pnfioric/pantry/intermediate/stability/RS-04378717.introns.counts.txt, /vscratch/grp-songyao/pnfioric/pantry/intermediate/stability/RS-04378718.introns.counts.txt, /vscratch/grp-songyao/pnfioric/pantry/intermediate/stability/RS-04378719.introns.counts.txt, /vscratch/grp-songyao/pnfioric/pantry/intermediate/stability/RS-04378720.introns.counts.txt, /vscratch/grp-songyao/pnfioric/pantry/intermediate/stability/RS-04378721.introns.counts.txt, /vscratch/grp-songyao/pnfioric/pantry/intermediate/stability/RS-04378722.introns.counts.txt, /vscratch/grp-songyao/pnfioric/pantry/intermediate/stability/RS-04378723.introns.counts.txt, /vscratch/grp-songyao/pnfioric/pantry/intermediate/stability/RS-04378724.introns.counts.txt, /vscratch/grp-songyao/pnfioric/pantry/intermediate/stability/RS-04378725.introns.counts.txt, /vscratch/grp-songyao/pnfioric/pantry/intermediate/stability/RS-04378726.introns.counts.txt, /vscratch/grp-songyao/pnfioric/pantry/intermediate/stability/RS-04378727.introns.counts.txt, /vscratch/grp-songyao/pnfioric/pantry/intermediate/stability/RS-04378728.introns.counts.txt, /vscratch/grp-songyao/pnfioric/pantry/intermediate/stability/RS-04378729.introns.counts.txt, /vscratch/grp-songyao/pnfioric/pantry/intermediate/stability/RS-04378730.introns.counts.txt, /vscratch/grp-songyao/pnfioric/pantry/intermediate/stability/RS-04378731.introns.counts.txt, /vscratch/grp-songyao/pnfioric/pantry/intermediate/stability/RS-04378732.introns.counts.txt, /vscratch/grp-songyao/pnfioric/pantry/intermediate/stability/RS-04378733.introns.counts.txt, /vscratch/grp-songyao/pnfioric/pantry/intermediate/stability/RS-04378734.introns.counts.txt, /vscratch/grp-songyao/pnfioric/pantry/intermediate/stability/RS-04378735.introns.counts.txt, /vscratch/grp-songyao/pnfioric/pantry/intermediate/stability/RS-04378736.introns.counts.txt, /vscratch/grp-songyao/pnfioric/pantry/intermediate/stability/RS-04378737.introns.counts.txt, /vscratch/grp-songyao/pnfioric/pantry/intermediate/stability/RS-04378738.introns.counts.txt, /vscratch/grp-songyao/pnfioric/pantry/intermediate/stability/RS-04378739.introns.counts.txt, /vscratch/grp-songyao/pnfioric/pantry/intermediate/stability/RS-04378740.introns.counts.txt, /vscratch/grp-songyao/pnfioric/pantry/intermediate/stability/RS-04378741.introns.counts.txt, /vscratch/grp-songyao/pnfioric/pantry/intermediate/stability/RS-04378742.introns.counts.txt, /vscratch/grp-songyao/pnfioric/pantry/intermediate/stability/RS-04378743.introns.counts.txt, /vscratch/grp-songyao/pnfioric/pantry/intermediate/stability/RS-04378744.introns.counts.txt, /vscratch/grp-songyao/pnfioric/pantry/intermediate/stability/RS-04378745.introns.counts.txt, /vscratch/grp-songyao/pnfioric/pantry/intermediate/stability/RS-04378746.introns.counts.txt, /vscratch/grp-songyao/pnfioric/pantry/intermediate/stability/RS-04378747.introns.counts.txt, /vscratch/grp-songyao/pnfioric/pantry/intermediate/stability/RS-04378748.introns.counts.txt, /vscratch/grp-songyao/pnfioric/pantry/intermediate/stability/RS-04378749.introns.counts.txt, /vscratch/grp-songyao/pnfioric/pantry/intermediate/stability/RS-04378750.introns.counts.txt, /vscratch/grp-songyao/pnfioric/pantry/intermediate/stability/RS-04378751.introns.counts.txt, /vscratch/grp-songyao/pnfioric/pantry/intermediate/stability/RS-04378752.introns.counts.txt, /vscratch/grp-songyao/pnfioric/pantry/intermediate/stability/RS-04378753.introns.counts.txt, /vscratch/grp-songyao/pnfioric/pantry/intermediate/stability/RS-04378754.introns.counts.txt, /vscratch/grp-songyao/pnfioric/pantry/intermediate/stability/RS-04378755.introns.counts.txt, /vscratch/grp-songyao/pnfioric/pantry/intermediate/stability/RS-04378756.introns.counts.txt, /vscratch/grp-songyao/pnfioric/pantry/intermediate/stability/RS-04378757.introns.counts.txt, /vscratch/grp-songyao/pnfioric/pantry/intermediate/stability/RS-04378758.introns.counts.txt, /vscratch/grp-songyao/pnfioric/pantry/intermediate/stability/RS-04378759.introns.counts.txt, /vscratch/grp-songyao/pnfioric/pantry/intermediate/stability/RS-04378760.introns.counts.txt, /vscratch/grp-songyao/pnfioric/pantry/intermediate/stability/RS-04378761.introns.counts.txt, /vscratch/grp-songyao/pnfioric/pantry/intermediate/stability/RS-04378762.introns.counts.txt, /vscratch/grp-songyao/pnfioric/pantry/intermediate/stability/RS-04378763.introns.counts.txt, /vscratch/grp-songyao/pnfioric/pantry/intermediate/stability/RS-04378764.introns.counts.txt, /vscratch/grp-songyao/pnfioric/pantry/intermediate/stability/RS-04378765.introns.counts.txt, /vscratch/grp-songyao/pnfioric/pantry/intermediate/stability/RS-04378766.introns.counts.txt, /vscratch/grp-songyao/pnfioric/pantry/intermediate/stability/RS-04378767.introns.counts.txt, /vscratch/grp-songyao/pnfioric/pantry/intermediate/stability/RS-04378768.introns.counts.txt, /vscratch/grp-songyao/pnfioric/pantry/intermediate/stability/RS-04378769.introns.counts.txt, /vscratch/grp-songyao/pnfioric/pantry/intermediate/stability/RS-04378770.introns.counts.txt, /vscratch/grp-songyao/pnfioric/pantry/intermediate/stability/RS-04378771.introns.counts.txt, /vscratch/grp-songyao/pnfioric/pantry/intermediate/stability/RS-04378772.introns.counts.txt, /vscratch/grp-songyao/pnfioric/pantry/intermediate/stability/RS-04378773.introns.counts.txt, /vscratch/grp-songyao/pnfioric/pantry/intermediate/stability/RS-04378774.introns.counts.txt, /vscratch/grp-songyao/pnfioric/pantry/intermediate/stability/RS-04378775.introns.counts.txt, /vscratch/grp-songyao/pnfioric/pantry/intermediate/stability/RS-04378776.introns.counts.txt, /vscratch/grp-songyao/pnfioric/pantry/intermediate/stability/RS-04378777.introns.counts.txt, /vscratch/grp-songyao/pnfioric/pantry/intermediate/stability/RS-04378778.introns.counts.txt, /vscratch/grp-songyao/pnfioric/pantry/intermediate/stability/RS-04378779.introns.counts.txt, /vscratch/grp-songyao/pnfioric/pantry/intermediate/stability/RS-04378780.introns.counts.txt, /vscratch/grp-songyao/pnfioric/pantry/intermediate/stability/RS-04378781.introns.counts.txt, /vscratch/grp-songyao/pnfioric/pantry/intermediate/stability/RS-04378782.introns.counts.txt, /vscratch/grp-songyao/pnfioric/pantry/intermediate/stability/RS-04378783.introns.counts.txt, /vscratch/grp-songyao/pnfioric/pantry/intermediate/stability/RS-04378784.introns.counts.txt, /vscratch/grp-songyao/pnfioric/pantry/intermediate/stability/RS-04378785.introns.counts.txt, /vscratch/grp-songyao/pnfioric/pantry/intermediate/stability/RS-04378786.introns.counts.txt, /vscratch/grp-songyao/pnfioric/pantry/intermediate/stability/RS-04378787.introns.counts.txt, /vscratch/grp-songyao/pnfioric/pantry/intermediate/stability/RS-04378788.introns.counts.txt, /vscratch/grp-songyao/pnfioric/pantry/intermediate/stability/RS-04378789.introns.counts.txt, /vscratch/grp-songyao/pnfioric/pantry/intermediate/stability/RS-04378790.introns.counts.txt, /vscratch/grp-songyao/pnfioric/pantry/intermediate/stability/RS-04378791.introns.counts.txt, /vscratch/grp-songyao/pnfioric/pantry/intermediate/stability/RS-04378792.introns.counts.txt, /vscratch/grp-songyao/pnfioric/pantry/intermediate/stability/RS-04378793.introns.counts.txt, /vscratch/grp-songyao/pnfioric/pantry/intermediate/stability/RS-04378794.introns.counts.txt, /vscratch/grp-songyao/pnfioric/pantry/intermediate/stability/RS-04378795.introns.counts.txt, /vscratch/grp-songyao/pnfioric/pantry/intermediate/stability/RS-04378796.introns.counts.txt, /vscratch/grp-songyao/pnfioric/pantry/intermediate/stability/RS-04378797.introns.counts.txt, /vscratch/grp-songyao/pnfioric/pantry/intermediate/stability/RS-04378798.introns.counts.txt, /vscratch/grp-songyao/pnfioric/pantry/intermediate/stability/RS-04378799.introns.counts.txt, /vscratch/grp-songyao/pnfioric/pantry/intermediate/stability/RS-04396631.introns.counts.txt, /vscratch/grp-songyao/pnfioric/pantry/intermediate/stability/RS-04396632.introns.counts.txt, /vscratch/grp-songyao/pnfioric/pantry/intermediate/stability/RS-04396633.introns.counts.txt, /vscratch/grp-songyao/pnfioric/pantry/intermediate/stability/RS-04396634.introns.counts.txt, /vscratch/grp-songyao/pnfioric/pantry/intermediate/stability/RS-04396635.introns.counts.txt, /vscratch/grp-songyao/pnfioric/pantry/intermediate/stability/RS-04396636.introns.counts.txt, /vscratch/grp-songyao/pnfioric/pantry/intermediate/stability/RS-04396637.introns.counts.txt, /vscratch/grp-songyao/pnfioric/pantry/intermediate/stability/RS-04396638.introns.counts.txt, /vscratch/grp-songyao/pnfioric/pantry/intermediate/stability/RS-04396639.introns.counts.txt, /vscratch/grp-songyao/pnfioric/pantry/intermediate/stability/RS-04396640.introns.counts.txt, /vscratch/grp-songyao/pnfioric/pantry/intermediate/stability/RS-04396641.introns.counts.txt, /vscratch/grp-songyao/pnfioric/pantry/intermediate/stability/RS-04396642.introns.counts.txt, /vscratch/grp-songyao/pnfioric/pantry/intermediate/stability/RS-04396643.introns.counts.txt, /vscratch/grp-songyao/pnfioric/pantry/intermediate/stability/RS-04396644.introns.counts.txt, /vscratch/grp-songyao/pnfioric/pantry/intermediate/stability/RS-04396645.introns.counts.txt, /vscratch/grp-songyao/pnfioric/pantry/intermediate/stability/RS-04396646.introns.counts.txt, /vscratch/grp-songyao/pnfioric/pantry/intermediate/stability/RS-04396647.introns.counts.txt, /vscratch/grp-songyao/pnfioric/pantry/intermediate/stability/RS-04396648.introns.counts.txt, /vscratch/grp-songyao/pnfioric/pantry/intermediate/stability/RS-04396649.introns.counts.txt, /vscratch/grp-songyao/pnfioric/pantry/intermediate/stability/RS-04396650.introns.counts.txt, /vscratch/grp-songyao/pnfioric/pantry/intermediate/stability/RS-04396651.introns.counts.txt, /vscratch/grp-songyao/pnfioric/pantry/intermediate/stability/RS-04396652.introns.counts.txt, /vscratch/grp-songyao/pnfioric/pantry/intermediate/stability/RS-04396653.introns.counts.txt, /vscratch/grp-songyao/pnfioric/pantry/intermediate/stability/RS-04396654.introns.counts.txt, /vscratch/grp-songyao/pnfioric/pantry/intermediate/stability/RS-04396655.introns.counts.txt, /vscratch/grp-songyao/pnfioric/pantry/intermediate/stability/RS-04396656.introns.counts.txt, /vscratch/grp-songyao/pnfioric/pantry/intermediate/stability/RS-04396657.introns.counts.txt, /vscratch/grp-songyao/pnfioric/pantry/intermediate/stability/RS-04396658.introns.counts.txt, /vscratch/grp-songyao/pnfioric/pantry/intermediate/stability/RS-04396659.introns.counts.txt, /vscratch/grp-songyao/pnfioric/pantry/intermediate/stability/RS-04396660.introns.counts.txt, /vscratch/grp-songyao/pnfioric/pantry/intermediate/stability/RS-04396661.introns.counts.txt, /vscratch/grp-songyao/pnfioric/pantry/intermediate/stability/RS-04396662.introns.counts.txt, /vscratch/grp-songyao/pnfioric/pantry/intermediate/stability/RS-04396663.introns.counts.txt, /vscratch/grp-songyao/pnfioric/pantry/intermediate/stability/RS-04396664.introns.counts.txt, /vscratch/grp-songyao/pnfioric/pantry/intermediate/stability/RS-04396665.introns.counts.txt, /vscratch/grp-songyao/pnfioric/pantry/intermediate/stability/RS-04396666.introns.counts.txt, /vscratch/grp-songyao/pnfioric/pantry/intermediate/stability/RS-04396667.introns.counts.txt, /vscratch/grp-songyao/pnfioric/pantry/intermediate/stability/RS-04396668.introns.counts.txt, /vscratch/grp-songyao/pnfioric/pantry/intermediate/stability/RS-04396669.introns.counts.txt, /vscratch/grp-songyao/pnfioric/pantry/intermediate/stability/RS-04396670.introns.counts.txt, /vscratch/grp-songyao/pnfioric/pantry/intermediate/stability/RS-04396671.introns.counts.txt, /vscratch/grp-songyao/pnfioric/pantry/intermediate/stability/RS-04396672.introns.counts.txt, /vscratch/grp-songyao/pnfioric/pantry/intermediate/stability/RS-04396673.introns.counts.txt, /vscratch/grp-songyao/pnfioric/pantry/intermediate/stability/RS-04396674.introns.counts.txt, /vscratch/grp-songyao/pnfioric/pantry/intermediate/stability/RS-04396675.introns.counts.txt, /vscratch/grp-songyao/pnfioric/pantry/intermediate/stability/RS-04396676.introns.counts.txt, /vscratch/grp-songyao/pnfioric/pantry/intermediate/stability/RS-04396677.introns.counts.txt, /vscratch/grp-songyao/pnfioric/pantry/intermediate/stability/RS-04396678.introns.counts.txt, /vscratch/grp-songyao/pnfioric/pantry/intermediate/stability/RS-04396697.introns.counts.txt, /vscratch/grp-songyao/pnfioric/pantry/intermediate/stability/RS-04396698.introns.counts.txt, /vscratch/grp-songyao/pnfioric/pantry/intermediate/stability/RS-04396699.introns.counts.txt, /vscratch/grp-songyao/pnfioric/pantry/intermediate/stability/RS-04396700.introns.counts.txt, /vscratch/grp-songyao/pnfioric/pantry/intermediate/stability/RS-04396701.introns.counts.txt, /vscratch/grp-songyao/pnfioric/pantry/intermediate/stability/RS-04396702.introns.counts.txt, /vscratch/grp-songyao/pnfioric/pantry/intermediate/stability/RS-04396703.introns.counts.txt, /vscratch/grp-songyao/pnfioric/pantry/intermediate/stability/RS-04396704.introns.counts.txt, /vscratch/grp-songyao/pnfioric/pantry/intermediate/stability/RS-04396705.introns.counts.txt, /vscratch/grp-songyao/pnfioric/pantry/intermediate/stability/RS-04396706.introns.counts.txt, /vscratch/grp-songyao/pnfioric/pantry/intermediate/stability/RS-04396707.introns.counts.txt, /vscratch/grp-songyao/pnfioric/pantry/intermediate/stability/RS-04396708.introns.counts.txt, /vscratch/grp-songyao/pnfioric/pantry/intermediate/stability/RS-04396709.introns.counts.txt, /vscratch/grp-songyao/pnfioric/pantry/intermediate/stability/RS-04396710.introns.counts.txt, /vscratch/grp-songyao/pnfioric/pantry/intermediate/stability/RS-04396711.introns.counts.txt, /vscratch/grp-songyao/pnfioric/pantry/intermediate/stability/RS-04396712.introns.counts.txt, /vscratch/grp-songyao/pnfioric/pantry/intermediate/stability/RS-04396713.introns.counts.txt, /vscratch/grp-songyao/pnfioric/pantry/intermediate/stability/RS-04396714.introns.counts.txt, /vscratch/grp-songyao/pnfioric/pantry/intermediate/stability/RS-04396715.introns.counts.txt, /vscratch/grp-songyao/pnfioric/pantry/intermediate/stability/RS-04396716.introns.counts.txt, /vscratch/grp-songyao/pnfioric/pantry/intermediate/stability/RS-04396717.introns.counts.txt, /vscratch/grp-songyao/pnfioric/pantry/intermediate/stability/RS-04396718.introns.counts.txt, /vscratch/grp-songyao/pnfioric/pantry/intermediate/stability/RS-04396719.introns.counts.txt, /vscratch/grp-songyao/pnfioric/pantry/intermediate/stability/RS-04396720.introns.counts.txt, /vscratch/grp-songyao/pnfioric/pantry/intermediate/stability/RS-04396721.introns.counts.txt, /vscratch/grp-songyao/pnfioric/pantry/intermediate/stability/RS-04396722.introns.counts.txt, /vscratch/grp-songyao/pnfioric/pantry/intermediate/stability/RS-04396723.introns.counts.txt, /vscratch/grp-songyao/pnfioric/pantry/intermediate/stability/RS-04396724.introns.counts.txt, /vscratch/grp-songyao/pnfioric/pantry/intermediate/stability/RS-04396725.introns.counts.txt, /vscratch/grp-songyao/pnfioric/pantry/intermediate/stability/RS-04396726.introns.counts.txt, /vscratch/grp-songyao/pnfioric/pantry/intermediate/stability/RS-04396727.introns.counts.txt, /vscratch/grp-songyao/pnfioric/pantry/intermediate/stability/RS-04396728.introns.counts.txt, /vscratch/grp-songyao/pnfioric/pantry/intermediate/stability/RS-04396729.introns.counts.txt, /vscratch/grp-songyao/pnfioric/pantry/intermediate/stability/RS-04396730.introns.counts.txt, /vscratch/grp-songyao/pnfioric/pantry/intermediate/stability/RS-04396731.introns.counts.txt, /vscratch/grp-songyao/pnfioric/pantry/intermediate/stability/RS-04396732.introns.counts.txt, /vscratch/grp-songyao/pnfioric/pantry/intermediate/stability/RS-04396733.introns.counts.txt, /vscratch/grp-songyao/pnfioric/pantry/intermediate/stability/RS-04396734.introns.counts.txt, /vscratch/grp-songyao/pnfioric/pantry/intermediate/stability/RS-04396735.introns.counts.txt, /vscratch/grp-songyao/pnfioric/pantry/intermediate/stability/RS-04396736.introns.counts.txt, /vscratch/grp-songyao/pnfioric/pantry/intermediate/stability/RS-04396737.introns.counts.txt, /vscratch/grp-songyao/pnfioric/pantry/intermediate/stability/RS-04396738.introns.counts.txt, /vscratch/grp-songyao/pnfioric/pantry/intermediate/stability/RS-04396739.introns.counts.txt, /vscratch/grp-songyao/pnfioric/pantry/intermediate/stability/RS-04396740.introns.counts.txt, /vscratch/grp-songyao/pnfioric/pantry/intermediate/stability/RS-04396741.introns.counts.txt, /vscratch/grp-songyao/pnfioric/pantry/intermediate/stability/RS-04396742.introns.counts.txt, /vscratch/grp-songyao/pnfioric/pantry/intermediate/stability/RS-04396743.introns.counts.txt, /vscratch/grp-songyao/pnfioric/pantry/intermediate/stability/RS-04396744.introns.counts.txt, /vscratch/grp-songyao/pnfioric/pantry/intermediate/stability/RS-04396758.introns.counts.txt, /vscratch/grp-songyao/pnfioric/pantry/intermediate/stability/RS-04396759.introns.counts.txt, /vscratch/grp-songyao/pnfioric/pantry/intermediate/stability/RS-04396760.introns.counts.txt, /vscratch/grp-songyao/pnfioric/pantry/intermediate/stability/RS-04396761.introns.counts.txt, /vscratch/grp-songyao/pnfioric/pantry/intermediate/stability/RS-04396762.introns.counts.txt, /vscratch/grp-songyao/pnfioric/pantry/intermediate/stability/RS-04396763.introns.counts.txt, /vscratch/grp-songyao/pnfioric/pantry/intermediate/stability/RS-04396764.introns.counts.txt, /vscratch/grp-songyao/pnfioric/pantry/intermediate/stability/RS-04396765.introns.counts.txt, /vscratch/grp-songyao/pnfioric/pantry/intermediate/stability/RS-04396766.introns.counts.txt, /vscratch/grp-songyao/pnfioric/pantry/intermediate/stability/RS-04396767.introns.counts.txt, /vscratch/grp-songyao/pnfioric/pantry/intermediate/stability/RS-04396768.introns.counts.txt, /vscratch/grp-songyao/pnfioric/pantry/intermediate/stability/RS-04396769.introns.counts.txt, /vscratch/grp-songyao/pnfioric/pantry/intermediate/stability/RS-04396770.introns.counts.txt, /vscratch/grp-songyao/pnfioric/pantry/intermediate/stability/RS-04396771.introns.counts.txt, /vscratch/grp-songyao/pnfioric/pantry/intermediate/stability/RS-04396772.introns.counts.txt, /vscratch/grp-songyao/pnfioric/pantry/intermediate/stability/RS-04396773.introns.counts.txt, /vscratch/grp-songyao/pnfioric/pantry/intermediate/stability/RS-04396774.introns.counts.txt, /vscratch/grp-songyao/pnfioric/pantry/intermediate/stability/RS-04396775.introns.counts.txt, /vscratch/grp-songyao/pnfioric/pantry/intermediate/stability/RS-04396776.introns.counts.txt, /vscratch/grp-songyao/pnfioric/pantry/intermediate/stability/RS-04396777.introns.counts.txt, /vscratch/grp-songyao/pnfioric/pantry/intermediate/stability/RS-04396778.introns.counts.txt, /vscratch/grp-songyao/pnfioric/pantry/intermediate/stability/RS-04396779.introns.counts.txt, /vscratch/grp-songyao/pnfioric/pantry/intermediate/stability/RS-04396780.introns.counts.txt, /vscratch/grp-songyao/pnfioric/pantry/intermediate/stability/RS-04396781.introns.counts.txt, /vscratch/grp-songyao/pnfioric/pantry/intermediate/stability/RS-04396782.introns.counts.txt, /vscratch/grp-songyao/pnfioric/pantry/intermediate/stability/RS-04396783.introns.counts.txt, /vscratch/grp-songyao/pnfioric/pantry/intermediate/stability/RS-04396784.introns.counts.txt, /vscratch/grp-songyao/pnfioric/pantry/intermediate/stability/RS-04396785.introns.counts.txt, /vscratch/grp-songyao/pnfioric/pantry/intermediate/stability/RS-04396786.introns.counts.txt, /vscratch/grp-songyao/pnfioric/pantry/intermediate/stability/RS-04396787.introns.counts.txt, /vscratch/grp-songyao/pnfioric/pantry/intermediate/stability/RS-04396788.introns.counts.txt, /vscratch/grp-songyao/pnfioric/pantry/intermediate/stability/RS-04396789.introns.counts.txt, /vscratch/grp-songyao/pnfioric/pantry/intermediate/stability/RS-04396790.introns.counts.txt, /vscratch/grp-songyao/pnfioric/pantry/intermediate/stability/RS-04396791.introns.counts.txt, /vscratch/grp-songyao/pnfioric/pantry/intermediate/stability/RS-04396792.introns.counts.txt, /vscratch/grp-songyao/pnfioric/pantry/intermediate/stability/RS-04396793.introns.counts.txt, /vscratch/grp-songyao/pnfioric/pantry/intermediate/stability/RS-04396794.introns.counts.txt, /vscratch/grp-songyao/pnfioric/pantry/intermediate/stability/RS-04396795.introns.counts.txt, /vscratch/grp-songyao/pnfioric/pantry/intermediate/stability/RS-04396796.introns.counts.txt, /vscratch/grp-songyao/pnfioric/pantry/intermediate/stability/RS-04396797.introns.counts.txt, /vscratch/grp-songyao/pnfioric/pantry/intermediate/stability/RS-04396798.introns.counts.txt, /vscratch/grp-songyao/pnfioric/pantry/intermediate/stability/RS-04396799.introns.counts.txt, /vscratch/grp-songyao/pnfioric/pantry/intermediate/stability/RS-04396800.introns.counts.txt, /vscratch/grp-songyao/pnfioric/pantry/intermediate/stability/RS-04396801.introns.counts.txt, /vscratch/grp-songyao/pnfioric/pantry/intermediate/stability/RS-04396802.introns.counts.txt, /vscratch/grp-songyao/pnfioric/pantry/intermediate/stability/RS-04396803.introns.counts.txt, /vscratch/grp-songyao/pnfioric/pantry/intermediate/stability/RS-04396804.introns.counts.txt, /vscratch/grp-songyao/pnfioric/pantry/intermediate/stability/RS-04396805.introns.counts.txt, /vscratch/grp-songyao/pnfioric/pantry/intermediate/stability/RS-04396806.introns.counts.txt, /vscratch/grp-songyao/pnfioric/pantry/intermediate/stability/RS-04396807.introns.counts.txt, /vscratch/grp-songyao/pnfioric/pantry/intermediate/stability/RS-04396808.introns.counts.txt, /vscratch/grp-songyao/pnfioric/pantry/intermediate/stability/RS-04396809.introns.counts.txt, /vscratch/grp-songyao/pnfioric/pantry/intermediate/stability/RS-04396810.introns.counts.txt, /vscratch/grp-songyao/pnfioric/pantry/intermediate/stability/RS-04396811.introns.counts.txt, /vscratch/grp-songyao/pnfioric/pantry/intermediate/stability/RS-04396812.introns.counts.txt, /vscratch/grp-songyao/pnfioric/pantry/intermediate/stability/RS-04396813.introns.counts.txt, /vscratch/grp-songyao/pnfioric/pantry/intermediate/stability/RS-04396814.introns.counts.txt, /vscratch/grp-songyao/pnfioric/pantry/intermediate/stability/RS-04396815.introns.counts.txt, /vscratch/grp-songyao/pnfioric/pantry/intermediate/stability/RS-04396816.introns.counts.txt, /vscratch/grp-songyao/pnfioric/pantry/intermediate/stability/RS-04396817.introns.counts.txt, /vscratch/grp-songyao/pnfioric/pantry/intermediate/stability/RS-04396818.introns.counts.txt, /vscratch/grp-songyao/pnfioric/pantry/intermediate/stability/RS-04396819.introns.counts.txt, /vscratch/grp-songyao/pnfioric/pantry/intermediate/stability/RS-04396820.introns.counts.txt, /vscratch/grp-songyao/pnfioric/pantry/intermediate/stability/RS-04396821.introns.counts.txt, /vscratch/grp-songyao/pnfioric/pantry/intermediate/stability/RS-04396822.introns.counts.txt, /vscratch/grp-songyao/pnfioric/pantry/intermediate/stability/RS-04396823.introns.counts.txt, /vscratch/grp-songyao/pnfioric/pantry/intermediate/stability/RS-04396824.introns.counts.txt, /vscratch/grp-songyao/pnfioric/pantry/intermediate/stability/RS-04396825.introns.counts.txt, /vscratch/grp-songyao/pnfioric/pantry/intermediate/stability/RS-04396826.introns.counts.txt, /vscratch/grp-songyao/pnfioric/pantry/intermediate/stability/RS-04396827.introns.counts.txt, /vscratch/grp-songyao/pnfioric/pantry/intermediate/stability/RS-04396828.introns.counts.txt, /vscratch/grp-songyao/pnfioric/pantry/intermediate/stability/RS-04396829.introns.counts.txt, /vscratch/grp-songyao/pnfioric/pantry/intermediate/stability/RS-04396830.introns.counts.txt, /vscratch/grp-songyao/pnfioric/pantry/intermediate/stability/RS-04396831.introns.counts.txt, /vscratch/grp-songyao/pnfioric/pantry/intermediate/stability/RS-04396832.introns.counts.txt, /vscratch/grp-songyao/pnfioric/pantry/intermediate/stability/RS-04396833.introns.counts.txt, /vscratch/grp-songyao/pnfioric/pantry/intermediate/stability/RS-04396834.introns.counts.txt, /vscratch/grp-songyao/pnfioric/pantry/intermediate/stability/RS-04396835.introns.counts.txt, /vscratch/grp-songyao/pnfioric/pantry/intermediate/stability/RS-04396836.introns.counts.txt, /vscratch/grp-songyao/pnfioric/pantry/intermediate/stability/RS-04396837.introns.counts.txt, /vscratch/grp-songyao/pnfioric/pantry/intermediate/stability/RS-04396838.introns.counts.txt, /vscratch/grp-songyao/pnfioric/pantry/intermediate/stability/RS-04396839.introns.counts.txt, /vscratch/grp-songyao/pnfioric/pantry/intermediate/stability/RS-04396840.introns.counts.txt, /vscratch/grp-songyao/pnfioric/pantry/intermediate/stability/RS-04396841.introns.counts.txt, /vscratch/grp-songyao/pnfioric/pantry/intermediate/stability/RS-04396842.introns.counts.txt, /vscratch/grp-songyao/pnfioric/pantry/intermediate/stability/RS-04396843.introns.counts.txt, /vscratch/grp-songyao/pnfioric/pantry/intermediate/stability/RS-04396844.introns.counts.txt, /vscratch/grp-songyao/pnfioric/pantry/intermediate/stability/RS-04396845.introns.counts.txt, /vscratch/grp-songyao/pnfioric/pantry/intermediate/stability/RS-04396846.introns.counts.txt, /vscratch/grp-songyao/pnfioric/pantry/intermediate/stability/RS-04396847.introns.counts.txt, /vscratch/grp-songyao/pnfioric/pantry/intermediate/stability/RS-04396848.introns.counts.txt, /vscratch/grp-songyao/pnfioric/pantry/intermediate/stability/RS-04396849.introns.counts.txt, /vscratch/grp-songyao/pnfioric/pantry/intermediate/stability/RS-04396850.introns.counts.txt, /vscratch/grp-songyao/pnfioric/pantry/intermediate/stability/RS-04396851.introns.counts.txt, /vscratch/grp-songyao/pnfioric/pantry/intermediate/stability/RS-04396852.introns.counts.txt, /vscratch/grp-songyao/pnfioric/pantry/intermediate/stability/RS-04396853.introns.counts.txt, /vscratch/grp-songyao/pnfioric/pantry/intermediate/stability/RS-04430783.introns.counts.txt, /vscratch/grp-songyao/pnfioric/pantry/intermediate/stability/RS-04430784.introns.counts.txt, /vscratch/grp-songyao/pnfioric/pantry/intermediate/stability/RS-04430785.introns.counts.txt, /vscratch/grp-songyao/pnfioric/pantry/intermediate/stability/RS-04430786.introns.counts.txt, /vscratch/grp-songyao/pnfioric/pantry/intermediate/stability/RS-04430787.introns.counts.txt, /vscratch/grp-songyao/pnfioric/pantry/intermediate/stability/RS-04430788.introns.counts.txt, /vscratch/grp-songyao/pnfioric/pantry/intermediate/stability/RS-04430789.introns.counts.txt, /vscratch/grp-songyao/pnfioric/pantry/intermediate/stability/RS-04430790.introns.counts.txt, /vscratch/grp-songyao/pnfioric/pantry/intermediate/stability/RS-04430791.introns.counts.txt, /vscratch/grp-songyao/pnfioric/pantry/intermediate/stability/RS-04430792.introns.counts.txt, /vscratch/grp-songyao/pnfioric/pantry/intermediate/stability/RS-04430793.introns.counts.txt, /vscratch/grp-songyao/pnfioric/pantry/intermediate/stability/RS-04430794.introns.counts.txt, /vscratch/grp-songyao/pnfioric/pantry/intermediate/stability/RS-04430795.introns.counts.txt, /vscratch/grp-songyao/pnfioric/pantry/intermediate/stability/RS-04430798.introns.counts.txt, /vscratch/grp-songyao/pnfioric/pantry/intermediate/stability/RS-04430800.introns.counts.txt, /vscratch/grp-songyao/pnfioric/pantry/intermediate/stability/RS-04430802.introns.counts.txt, /vscratch/grp-songyao/pnfioric/pantry/intermediate/stability/RS-04430805.introns.counts.txt, /vscratch/grp-songyao/pnfioric/pantry/intermediate/stability/RS-04430806.introns.counts.txt, /vscratch/grp-songyao/pnfioric/pantry/intermediate/stability/RS-04430807.introns.counts.txt, /vscratch/grp-songyao/pnfioric/pantry/intermediate/stability/RS-04430808.introns.counts.txt, /vscratch/grp-songyao/pnfioric/pantry/intermediate/stability/RS-04430809.introns.counts.txt, /vscratch/grp-songyao/pnfioric/pantry/intermediate/stability/RS-04430810.introns.counts.txt, /vscratch/grp-songyao/pnfioric/pantry/intermediate/stability/RS-04430811.introns.counts.txt, /vscratch/grp-songyao/pnfioric/pantry/intermediate/stability/RS-04430812.introns.counts.txt, /vscratch/grp-songyao/pnfioric/pantry/intermediate/stability/RS-04430813.introns.counts.txt, /vscratch/grp-songyao/pnfioric/pantry/intermediate/stability/RS-04430814.introns.counts.txt, /vscratch/grp-songyao/pnfioric/pantry/intermediate/stability/RS-04430815.introns.counts.txt, /vscratch/grp-songyao/pnfioric/pantry/intermediate/stability/RS-04430816.introns.counts.txt, /vscratch/grp-songyao/pnfioric/pantry/intermediate/stability/RS-04430817.introns.counts.txt, /vscratch/grp-songyao/pnfioric/pantry/intermediate/stability/RS-04430818.introns.counts.txt, /vscratch/grp-songyao/pnfioric/pantry/intermediate/stability/RS-04430819.introns.counts.txt, /vscratch/grp-songyao/pnfioric/pantry/intermediate/stability/RS-04430820.introns.counts.txt, /vscratch/grp-songyao/pnfioric/pantry/intermediate/stability/RS-04430821.introns.counts.txt, /vscratch/grp-songyao/pnfioric/pantry/intermediate/stability/RS-04430822.introns.counts.txt, /vscratch/grp-songyao/pnfioric/pantry/intermediate/stability/RS-04430823.introns.counts.txt, /vscratch/grp-songyao/pnfioric/pantry/intermediate/stability/RS-04430824.introns.counts.txt, /vscratch/grp-songyao/pnfioric/pantry/intermediate/stability/RS-04430825.introns.counts.txt, /vscratch/grp-songyao/pnfioric/pantry/intermediate/stability/RS-04430826.introns.counts.txt, /vscratch/grp-songyao/pnfioric/pantry/intermediate/stability/RS-04430827.introns.counts.txt, /vscratch/grp-songyao/pnfioric/pantry/intermediate/stability/RS-04430828.introns.counts.txt, /vscratch/grp-songyao/pnfioric/pantry/intermediate/stability/RS-04430829.introns.counts.txt, /vscratch/grp-songyao/pnfioric/pantry/intermediate/stability/RS-04430830.introns.counts.txt, /vscratch/grp-songyao/pnfioric/pantry/intermediate/stability/RS-04430831.introns.counts.txt, /vscratch/grp-songyao/pnfioric/pantry/intermediate/stability/RS-04430832.introns.counts.txt, /vscratch/grp-songyao/pnfioric/pantry/intermediate/stability/RS-04430833.introns.counts.txt, /vscratch/grp-songyao/pnfioric/pantry/intermediate/stability/RS-04430834.introns.counts.txt, /vscratch/grp-songyao/pnfioric/pantry/intermediate/stability/RS-04430835.introns.counts.txt, /vscratch/grp-songyao/pnfioric/pantry/intermediate/stability/RS-04430836.introns.counts.txt, /vscratch/grp-songyao/pnfioric/pantry/intermediate/stability/RS-04430837.introns.counts.txt, /vscratch/grp-songyao/pnfioric/pantry/intermediate/stability/RS-04430838.introns.counts.txt, /vscratch/grp-songyao/pnfioric/pantry/intermediate/stability/RS-04430839.introns.counts.txt, /vscratch/grp-songyao/pnfioric/pantry/intermediate/stability/RS-04430840.introns.counts.txt, /vscratch/grp-songyao/pnfioric/pantry/intermediate/stability/RS-04430841.introns.counts.txt, /vscratch/grp-songyao/pnfioric/pantry/intermediate/stability/RS-04430842.introns.counts.txt, /vscratch/grp-songyao/pnfioric/pantry/intermediate/stability/RS-04430843.introns.counts.txt, /vscratch/grp-songyao/pnfioric/pantry/intermediate/stability/RS-04430844.introns.counts.txt, /vscratch/grp-songyao/pnfioric/pantry/intermediate/stability/RS-04430845.introns.counts.txt, /vscratch/grp-songyao/pnfioric/pantry/intermediate/stability/RS-04430846.introns.counts.txt, /vscratch/grp-songyao/pnfioric/pantry/intermediate/stability/RS-04430847.introns.counts.txt, /vscratch/grp-songyao/pnfioric/pantry/intermediate/stability/RS-04430848.introns.counts.txt, /vscratch/grp-songyao/pnfioric/pantry/intermediate/stability/RS-04430849.introns.counts.txt, /vscratch/grp-songyao/pnfioric/pantry/intermediate/stability/RS-04430850.introns.counts.txt, /vscratch/grp-songyao/pnfioric/pantry/intermediate/stability/RS-04430851.introns.counts.txt, /vscratch/grp-songyao/pnfioric/pantry/intermediate/stability/RS-04430852.introns.counts.txt, /vscratch/grp-songyao/pnfioric/pantry/intermediate/stability/RS-04430853.introns.counts.txt, /vscratch/grp-songyao/pnfioric/pantry/intermediate/stability/RS-04430854.introns.counts.txt, /vscratch/grp-songyao/pnfioric/pantry/intermediate/stability/RS-04430855.introns.counts.txt, /vscratch/grp-songyao/pnfioric/pantry/intermediate/stability/RS-04430856.introns.counts.txt, /vscratch/grp-songyao/pnfioric/pantry/intermediate/stability/RS-04430857.introns.counts.txt, /vscratch/grp-songyao/pnfioric/pantry/intermediate/stability/RS-04430858.introns.counts.txt, /vscratch/grp-songyao/pnfioric/pantry/intermediate/stability/RS-04430859.introns.counts.txt, /vscratch/grp-songyao/pnfioric/pantry/intermediate/stability/RS-04430860.introns.counts.txt, /vscratch/grp-songyao/pnfioric/pantry/intermediate/stability/RS-04430861.introns.counts.txt, /vscratch/grp-songyao/pnfioric/pantry/intermediate/stability/RS-04430862.introns.counts.txt, /vscratch/grp-songyao/pnfioric/pantry/intermediate/stability/RS-04430863.introns.counts.txt, /vscratch/grp-songyao/pnfioric/pantry/intermediate/stability/RS-04430864.introns.counts.txt, /vscratch/grp-songyao/pnfioric/pantry/intermediate/stability/RS-04430865.introns.counts.txt, /vscratch/grp-songyao/pnfioric/pantry/intermediate/stability/RS-04430866.introns.counts.txt, /vscratch/grp-songyao/pnfioric/pantry/intermediate/stability/RS-04430867.introns.counts.txt, /vscratch/grp-songyao/pnfioric/pantry/intermediate/stability/RS-04430868.introns.counts.txt, /vscratch/grp-songyao/pnfioric/pantry/intermediate/stability/RS-04430869.introns.counts.txt, /vscratch/grp-songyao/pnfioric/pantry/intermediate/stability/RS-04430870.introns.counts.txt, /vscratch/grp-songyao/pnfioric/pantry/intermediate/stability/RS-04430871.introns.counts.txt, /vscratch/grp-songyao/pnfioric/pantry/intermediate/stability/RS-04430872.introns.counts.txt, /vscratch/grp-songyao/pnfioric/pantry/intermediate/stability/RS-04430873.introns.counts.txt, /vscratch/grp-songyao/pnfioric/pantry/intermediate/stability/RS-04430874.introns.counts.txt, /vscratch/grp-songyao/pnfioric/pantry/intermediate/stability/RS-04430875.introns.counts.txt, /vscratch/grp-songyao/pnfioric/pantry/intermediate/stability/RS-04430876.introns.counts.txt, /vscratch/grp-songyao/pnfioric/pantry/intermediate/stability/RS-04430877.introns.counts.txt, /vscratch/grp-songyao/pnfioric/pantry/intermediate/stability/RS-04430878.introns.counts.txt, /vscratch/grp-songyao/pnfioric/pantry/intermediate/stability/RS-04430879.introns.counts.txt, /vscratch/grp-songyao/pnfioric/pantry/intermediate/stability/RS-04430880.introns.counts.txt, /vscratch/grp-songyao/pnfioric/pantry/intermediate/stability/RS-04430881.introns.counts.txt, /vscratch/grp-songyao/pnfioric/pantry/intermediate/stability/RS-04430882.introns.counts.txt, /vscratch/grp-songyao/pnfioric/pantry/intermediate/stability/RS-04430883.introns.counts.txt, /vscratch/grp-songyao/pnfioric/pantry/intermediate/stability/RS-04430884.introns.counts.txt, /projects/rpci/songyao/pnfioric/arc_project/pantry/sample_ids.txt, /projects/rpci/songyao/pnfioric/tils_r01_RNAseq/reference/gencode.v44.fixed.withsource.gtf
    output: output/unnorm/stability.bed
    jobid: 7914
    reason: Input files updated by another job: /vscratch/grp-songyao/pnfioric/pantry/intermediate/stability/RS-04367397.introns.counts.txt, /vscratch/grp-songyao/pnfioric/pantry/intermediate/stability/RS-04240729.constit_exons.counts.txt, /vscratch/grp-songyao/pnfioric/pantry/intermediate/stability/RS-04199405.constit_exons.counts.txt, /vscratch/grp-songyao/pnfioric/pantry/intermediate/stability/RS-04218233.constit_exons.counts.txt, /vscratch/grp-songyao/pnfioric/pantry/intermediate/stability/RS-04396807.constit_exons.counts.txt, /vscratch/grp-songyao/pnfioric/pantry/intermediate/stability/RS-04367515.introns.counts.txt, /vscratch/grp-songyao/pnfioric/pantry/intermediate/stability/RS-04396637.introns.counts.txt, /vscratch/grp-songyao/pnfioric/pantry/intermediate/stability/RS-04218233.introns.counts.txt, /vscratch/grp-songyao/pnfioric/pantry/intermediate/stability/RS-04050572.constit_exons.counts.txt, /vscratch/grp-songyao/pnfioric/pantry/intermediate/stability/RS-04050572.introns.counts.txt, /vscratch/grp-songyao/pnfioric/pantry/intermediate/stability/RS-04367396.constit_exons.counts.txt, /vscratch/grp-songyao/pnfioric/pantry/intermediate/stability/RS-04240729.introns.counts.txt, /vscratch/grp-songyao/pnfioric/pantry/intermediate/stability/RS-04367396.introns.counts.txt, /vscratch/grp-songyao/pnfioric/pantry/intermediate/stability/RS-04367515.constit_exons.counts.txt, /vscratch/grp-songyao/pnfioric/pantry/intermediate/stability/RS-04396637.constit_exons.counts.txt, /vscratch/grp-songyao/pnfioric/pantry/intermediate/stability/RS-04218234.introns.counts.txt, /vscratch/grp-songyao/pnfioric/pantry/intermediate/stability/RS-04218234.constit_exons.counts.txt, /vscratch/grp-songyao/pnfioric/pantry/intermediate/stability/RS-04367484.introns.counts.txt, /vscratch/grp-songyao/pnfioric/pantry/intermediate/stability/RS-04396767.constit_exons.counts.txt, /vscratch/grp-songyao/pnfioric/pantry/intermediate/stability/RS-04367484.constit_exons.counts.txt, /vscratch/grp-songyao/pnfioric/pantry/intermediate/stability/RS-04396807.introns.counts.txt, /vscratch/grp-songyao/pnfioric/pantry/intermediate/stability/RS-04199405.introns.counts.txt, /vscratch/grp-songyao/pnfioric/pantry/intermediate/stability/RS-04367397.constit_exons.counts.txt, /vscratch/grp-songyao/pnfioric/pantry/intermediate/stability/RS-04396767.introns.counts.txt
    resources: mem_mb=16000, disk_mb=6889, tmpdir=<TBD>, runtime=04:00:00, slurm_extra=--qos=general-compute
INFO:snakemake.logging:rule assemble_stability_bed:
    input: /vscratch/grp-songyao/pnfioric/pantry/intermediate/stability/RS-02166929.constit_exons.counts.txt, /vscratch/grp-songyao/pnfioric/pantry/intermediate/stability/RS-02732377.constit_exons.counts.txt, /vscratch/grp-songyao/pnfioric/pantry/intermediate/stability/RS-03423261.constit_exons.counts.txt, /vscratch/grp-songyao/pnfioric/pantry/intermediate/stability/RS-03427463.constit_exons.counts.txt, /vscratch/grp-songyao/pnfioric/pantry/intermediate/stability/RS-03522170.constit_exons.counts.txt, /vscratch/grp-songyao/pnfioric/pantry/intermediate/stability/RS-03522202.constit_exons.counts.txt, /vscratch/grp-songyao/pnfioric/pantry/intermediate/stability/RS-03568549.constit_exons.counts.txt, /vscratch/grp-songyao/pnfioric/pantry/intermediate/stability/RS-03602187.constit_exons.counts.txt, /vscratch/grp-songyao/pnfioric/pantry/intermediate/stability/RS-03689431.constit_exons.counts.txt, /vscratch/grp-songyao/pnfioric/pantry/intermediate/stability/RS-03695641.constit_exons.counts.txt, /vscratch/grp-songyao/pnfioric/pantry/intermediate/stability/RS-03697717.constit_exons.counts.txt, /vscratch/grp-songyao/pnfioric/pantry/intermediate/stability/RS-03702962.constit_exons.counts.txt, /vscratch/grp-songyao/pnfioric/pantry/intermediate/stability/RS-03709093.constit_exons.counts.txt, /vscratch/grp-songyao/pnfioric/pantry/intermediate/stability/RS-03709094.constit_exons.counts.txt, /vscratch/grp-songyao/pnfioric/pantry/intermediate/stability/RS-03709098.constit_exons.counts.txt, /vscratch/grp-songyao/pnfioric/pantry/intermediate/stability/RS-03710643.constit_exons.counts.txt, /vscratch/grp-songyao/pnfioric/pantry/intermediate/stability/RS-03711363.constit_exons.counts.txt, /vscratch/grp-songyao/pnfioric/pantry/intermediate/stability/RS-03722465.constit_exons.counts.txt, /vscratch/grp-songyao/pnfioric/pantry/intermediate/stability/RS-03726100.constit_exons.counts.txt, /vscratch/grp-songyao/pnfioric/pantry/intermediate/stability/RS-03726102.constit_exons.counts.txt, /vscratch/grp-songyao/pnfioric/pantry/intermediate/stability/RS-03726103.constit_exons.counts.txt, /vscratch/grp-songyao/pnfioric/pantry/intermediate/stability/RS-03745424.constit_exons.counts.txt, /vscratch/grp-songyao/pnfioric/pantry/intermediate/stability/RS-03746605.constit_exons.counts.txt, /vscratch/grp-songyao/pnfioric/pantry/intermediate/stability/RS-03746606.constit_exons.counts.txt, /vscratch/grp-songyao/pnfioric/pantry/intermediate/stability/RS-03750575.constit_exons.counts.txt, /vscratch/grp-songyao/pnfioric/pantry/intermediate/stability/RS-03750576.constit_exons.counts.txt, /vscratch/grp-songyao/pnfioric/pantry/intermediate/stability/RS-03750577.constit_exons.counts.txt, /vscratch/grp-songyao/pnfioric/pantry/intermediate/stability/RS-03753113.constit_exons.counts.txt, /vscratch/grp-songyao/pnfioric/pantry/intermediate/stability/RS-03753115.constit_exons.counts.txt, /vscratch/grp-songyao/pnfioric/pantry/intermediate/stability/RS-03754774.constit_exons.counts.txt, /vscratch/grp-songyao/pnfioric/pantry/intermediate/stability/RS-03754775.constit_exons.counts.txt, /vscratch/grp-songyao/pnfioric/pantry/intermediate/stability/RS-03756154.constit_exons.counts.txt, /vscratch/grp-songyao/pnfioric/pantry/intermediate/stability/RS-03756156.constit_exons.counts.txt, /vscratch/grp-songyao/pnfioric/pantry/intermediate/stability/RS-03756157.constit_exons.counts.txt, /vscratch/grp-songyao/pnfioric/pantry/intermediate/stability/RS-03766372.constit_exons.counts.txt, /vscratch/grp-songyao/pnfioric/pantry/intermediate/stability/RS-03766374.constit_exons.counts.txt, /vscratch/grp-songyao/pnfioric/pantry/intermediate/stability/RS-03767743.constit_exons.counts.txt, /vscratch/grp-songyao/pnfioric/pantry/intermediate/stability/RS-03767744.constit_exons.counts.txt, /vscratch/grp-songyao/pnfioric/pantry/intermediate/stability/RS-03769227.constit_exons.counts.txt, /vscratch/grp-songyao/pnfioric/pantry/intermediate/stability/RS-03769895.constit_exons.counts.txt, /vscratch/grp-songyao/pnfioric/pantry/intermediate/stability/RS-03769896.constit_exons.counts.txt, /vscratch/grp-songyao/pnfioric/pantry/intermediate/stability/RS-03773034.constit_exons.counts.txt, /vscratch/grp-songyao/pnfioric/pantry/intermediate/stability/RS-03773036.constit_exons.counts.txt, /vscratch/grp-songyao/pnfioric/pantry/intermediate/stability/RS-03773039.constit_exons.counts.txt, /vscratch/grp-songyao/pnfioric/pantry/intermediate/stability/RS-03779390.constit_exons.counts.txt, /vscratch/grp-songyao/pnfioric/pantry/intermediate/stability/RS-03779391.constit_exons.counts.txt, /vscratch/grp-songyao/pnfioric/pantry/intermediate/stability/RS-03779392.constit_exons.counts.txt, /vscratch/grp-songyao/pnfioric/pantry/intermediate/stability/RS-03779394.constit_exons.counts.txt, /vscratch/grp-songyao/pnfioric/pantry/intermediate/stability/RS-03792485.constit_exons.counts.txt, /vscratch/grp-songyao/pnfioric/pantry/intermediate/stability/RS-03792488.constit_exons.counts.txt, /vscratch/grp-songyao/pnfioric/pantry/intermediate/stability/RS-03800061.constit_exons.counts.txt, /vscratch/grp-songyao/pnfioric/pantry/intermediate/stability/RS-03804912.constit_exons.counts.txt, /vscratch/grp-songyao/pnfioric/pantry/intermediate/stability/RS-03804915.constit_exons.counts.txt, /vscratch/grp-songyao/pnfioric/pantry/intermediate/stability/RS-03804916.constit_exons.counts.txt, /vscratch/grp-songyao/pnfioric/pantry/intermediate/stability/RS-03813027.constit_exons.counts.txt, /vscratch/grp-songyao/pnfioric/pantry/intermediate/stability/RS-03813029.constit_exons.counts.txt, /vscratch/grp-songyao/pnfioric/pantry/intermediate/stability/RS-03813031.constit_exons.counts.txt, /vscratch/grp-songyao/pnfioric/pantry/intermediate/stability/RS-03813032.constit_exons.counts.txt, /vscratch/grp-songyao/pnfioric/pantry/intermediate/stability/RS-03816355.constit_exons.counts.txt, /vscratch/grp-songyao/pnfioric/pantry/intermediate/stability/RS-03816356.constit_exons.counts.txt, /vscratch/grp-songyao/pnfioric/pantry/intermediate/stability/RS-03816358.constit_exons.counts.txt, /vscratch/grp-songyao/pnfioric/pantry/intermediate/stability/RS-03817302.constit_exons.counts.txt, /vscratch/grp-songyao/pnfioric/pantry/intermediate/stability/RS-03817304.constit_exons.counts.txt, /vscratch/grp-songyao/pnfioric/pantry/intermediate/stability/RS-03827250.constit_exons.counts.txt, /vscratch/grp-songyao/pnfioric/pantry/intermediate/stability/RS-03827254.constit_exons.counts.txt, /vscratch/grp-songyao/pnfioric/pantry/intermediate/stability/RS-03831725.constit_exons.counts.txt, /vscratch/grp-songyao/pnfioric/pantry/intermediate/stability/RS-03834166.constit_exons.counts.txt, /vscratch/grp-songyao/pnfioric/pantry/intermediate/stability/RS-03834168.constit_exons.counts.txt, /vscratch/grp-songyao/pnfioric/pantry/intermediate/stability/RS-03837511.constit_exons.counts.txt, /vscratch/grp-songyao/pnfioric/pantry/intermediate/stability/RS-03837512.constit_exons.counts.txt, /vscratch/grp-songyao/pnfioric/pantry/intermediate/stability/RS-03837577.constit_exons.counts.txt, /vscratch/grp-songyao/pnfioric/pantry/intermediate/stability/RS-03838687.constit_exons.counts.txt, /vscratch/grp-songyao/pnfioric/pantry/intermediate/stability/RS-03840948.constit_exons.counts.txt, /vscratch/grp-songyao/pnfioric/pantry/intermediate/stability/RS-03840952.constit_exons.counts.txt, /vscratch/grp-songyao/pnfioric/pantry/intermediate/stability/RS-03840994.constit_exons.counts.txt, /vscratch/grp-songyao/pnfioric/pantry/intermediate/stability/RS-03849883.constit_exons.counts.txt, /vscratch/grp-songyao/pnfioric/pantry/intermediate/stability/RS-03857995.constit_exons.counts.txt, /vscratch/grp-songyao/pnfioric/pantry/intermediate/stability/RS-03860509.constit_exons.counts.txt, /vscratch/grp-songyao/pnfioric/pantry/intermediate/stability/RS-03862582.constit_exons.counts.txt, /vscratch/grp-songyao/pnfioric/pantry/intermediate/stability/RS-03862589.constit_exons.counts.txt, /vscratch/grp-songyao/pnfioric/pantry/intermediate/stability/RS-03879231.constit_exons.counts.txt, /vscratch/grp-songyao/pnfioric/pantry/intermediate/stability/RS-03885248.constit_exons.counts.txt, /vscratch/grp-songyao/pnfioric/pantry/intermediate/stability/RS-03885250.constit_exons.counts.txt, /vscratch/grp-songyao/pnfioric/pantry/intermediate/stability/RS-03886129.constit_exons.counts.txt, /vscratch/grp-songyao/pnfioric/pantry/intermediate/stability/RS-03888427.constit_exons.counts.txt, /vscratch/grp-songyao/pnfioric/pantry/intermediate/stability/RS-03888429.constit_exons.counts.txt, /vscratch/grp-songyao/pnfioric/pantry/intermediate/stability/RS-03890640.constit_exons.counts.txt, /vscratch/grp-songyao/pnfioric/pantry/intermediate/stability/RS-03890644.constit_exons.counts.txt, /vscratch/grp-songyao/pnfioric/pantry/intermediate/stability/RS-03898411.constit_exons.counts.txt, /vscratch/grp-songyao/pnfioric/pantry/intermediate/stability/RS-03898412.constit_exons.counts.txt, /vscratch/grp-songyao/pnfioric/pantry/intermediate/stability/RS-03899701.constit_exons.counts.txt, /vscratch/grp-songyao/pnfioric/pantry/intermediate/stability/RS-03899703.constit_exons.counts.txt, /vscratch/grp-songyao/pnfioric/pantry/intermediate/stability/RS-03899706.constit_exons.counts.txt, /vscratch/grp-songyao/pnfioric/pantry/intermediate/stability/RS-03901858.constit_exons.counts.txt, /vscratch/grp-songyao/pnfioric/pantry/intermediate/stability/RS-03931520.constit_exons.counts.txt, /vscratch/grp-songyao/pnfioric/pantry/intermediate/stability/RS-03970187.constit_exons.counts.txt, /vscratch/grp-songyao/pnfioric/pantry/intermediate/stability/RS-04035152.constit_exons.counts.txt, /vscratch/grp-songyao/pnfioric/pantry/intermediate/stability/RS-04035153.constit_exons.counts.txt, /vscratch/grp-songyao/pnfioric/pantry/intermediate/stability/RS-04035154.constit_exons.counts.txt, /vscratch/grp-songyao/pnfioric/pantry/intermediate/stability/RS-04036669.constit_exons.counts.txt, /vscratch/grp-songyao/pnfioric/pantry/intermediate/stability/RS-04036674.constit_exons.counts.txt, /vscratch/grp-songyao/pnfioric/pantry/intermediate/stability/RS-04045323.constit_exons.counts.txt, /vscratch/grp-songyao/pnfioric/pantry/intermediate/stability/RS-04045663.constit_exons.counts.txt, /vscratch/grp-songyao/pnfioric/pantry/intermediate/stability/RS-04048349.constit_exons.counts.txt, /vscratch/grp-songyao/pnfioric/pantry/intermediate/stability/RS-04050572.constit_exons.counts.txt, /vscratch/grp-songyao/pnfioric/pantry/intermediate/stability/RS-04056908.constit_exons.counts.txt, /vscratch/grp-songyao/pnfioric/pantry/intermediate/stability/RS-04056909.constit_exons.counts.txt, /vscratch/grp-songyao/pnfioric/pantry/intermediate/stability/RS-04056911.constit_exons.counts.txt, /vscratch/grp-songyao/pnfioric/pantry/intermediate/stability/RS-04058236.constit_exons.counts.txt, /vscratch/grp-songyao/pnfioric/pantry/intermediate/stability/RS-04058254.constit_exons.counts.txt, /vscratch/grp-songyao/pnfioric/pantry/intermediate/stability/RS-04058255.constit_exons.counts.txt, /vscratch/grp-songyao/pnfioric/pantry/intermediate/stability/RS-04058256.constit_exons.counts.txt, /vscratch/grp-songyao/pnfioric/pantry/intermediate/stability/RS-04059952.constit_exons.counts.txt, /vscratch/grp-songyao/pnfioric/pantry/intermediate/stability/RS-04059954.constit_exons.counts.txt, /vscratch/grp-songyao/pnfioric/pantry/intermediate/stability/RS-04061367.constit_exons.counts.txt, /vscratch/grp-songyao/pnfioric/pantry/intermediate/stability/RS-04061369.constit_exons.counts.txt, /vscratch/grp-songyao/pnfioric/pantry/intermediate/stability/RS-04065375.constit_exons.counts.txt, /vscratch/grp-songyao/pnfioric/pantry/intermediate/stability/RS-04066121.constit_exons.counts.txt, /vscratch/grp-songyao/pnfioric/pantry/intermediate/stability/RS-04068926.constit_exons.counts.txt, /vscratch/grp-songyao/pnfioric/pantry/intermediate/stability/RS-04072742.constit_exons.counts.txt, /vscratch/grp-songyao/pnfioric/pantry/intermediate/stability/RS-04075008.constit_exons.counts.txt, /vscratch/grp-songyao/pnfioric/pantry/intermediate/stability/RS-04075720.constit_exons.counts.txt, /vscratch/grp-songyao/pnfioric/pantry/intermediate/stability/RS-04079693.constit_exons.counts.txt, /vscratch/grp-songyao/pnfioric/pantry/intermediate/stability/RS-04079696.constit_exons.counts.txt, /vscratch/grp-songyao/pnfioric/pantry/intermediate/stability/RS-04083995.constit_exons.counts.txt, /vscratch/grp-songyao/pnfioric/pantry/intermediate/stability/RS-04084275.constit_exons.counts.txt, /vscratch/grp-songyao/pnfioric/pantry/intermediate/stability/RS-04084277.constit_exons.counts.txt, /vscratch/grp-songyao/pnfioric/pantry/intermediate/stability/RS-04088695.constit_exons.counts.txt, /vscratch/grp-songyao/pnfioric/pantry/intermediate/stability/RS-04088698.constit_exons.counts.txt, /vscratch/grp-songyao/pnfioric/pantry/intermediate/stability/RS-04088945.constit_exons.counts.txt, /vscratch/grp-songyao/pnfioric/pantry/intermediate/stability/RS-04092923.constit_exons.counts.txt, /vscratch/grp-songyao/pnfioric/pantry/intermediate/stability/RS-04096236.constit_exons.counts.txt, /vscratch/grp-songyao/pnfioric/pantry/intermediate/stability/RS-04096237.constit_exons.counts.txt, /vscratch/grp-songyao/pnfioric/pantry/intermediate/stability/RS-04096238.constit_exons.counts.txt, /vscratch/grp-songyao/pnfioric/pantry/intermediate/stability/RS-04096478.constit_exons.counts.txt, /vscratch/grp-songyao/pnfioric/pantry/intermediate/stability/RS-04104756.constit_exons.counts.txt, /vscratch/grp-songyao/pnfioric/pantry/intermediate/stability/RS-04104778.constit_exons.counts.txt, /vscratch/grp-songyao/pnfioric/pantry/intermediate/stability/RS-04120256.constit_exons.counts.txt, /vscratch/grp-songyao/pnfioric/pantry/intermediate/stability/RS-04124047.constit_exons.counts.txt, /vscratch/grp-songyao/pnfioric/pantry/intermediate/stability/RS-04124088.constit_exons.counts.txt, /vscratch/grp-songyao/pnfioric/pantry/intermediate/stability/RS-04128336.constit_exons.counts.txt, /vscratch/grp-songyao/pnfioric/pantry/intermediate/stability/RS-04128573.constit_exons.counts.txt, /vscratch/grp-songyao/pnfioric/pantry/intermediate/stability/RS-04128574.constit_exons.counts.txt, /vscratch/grp-songyao/pnfioric/pantry/intermediate/stability/RS-04147830.constit_exons.counts.txt, /vscratch/grp-songyao/pnfioric/pantry/intermediate/stability/RS-04147928.constit_exons.counts.txt, /vscratch/grp-songyao/pnfioric/pantry/intermediate/stability/RS-04151684.constit_exons.counts.txt, /vscratch/grp-songyao/pnfioric/pantry/intermediate/stability/RS-04151685.constit_exons.counts.txt, /vscratch/grp-songyao/pnfioric/pantry/intermediate/stability/RS-04152328.constit_exons.counts.txt, /vscratch/grp-songyao/pnfioric/pantry/intermediate/stability/RS-04153630.constit_exons.counts.txt, /vscratch/grp-songyao/pnfioric/pantry/intermediate/stability/RS-04164414.constit_exons.counts.txt, /vscratch/grp-songyao/pnfioric/pantry/intermediate/stability/RS-04165459.constit_exons.counts.txt, /vscratch/grp-songyao/pnfioric/pantry/intermediate/stability/RS-04178224.constit_exons.counts.txt, /vscratch/grp-songyao/pnfioric/pantry/intermediate/stability/RS-04187404.constit_exons.counts.txt, /vscratch/grp-songyao/pnfioric/pantry/intermediate/stability/RS-04190909.constit_exons.counts.txt, /vscratch/grp-songyao/pnfioric/pantry/intermediate/stability/RS-04199405.constit_exons.counts.txt, /vscratch/grp-songyao/pnfioric/pantry/intermediate/stability/RS-04208747.constit_exons.counts.txt, /vscratch/grp-songyao/pnfioric/pantry/intermediate/stability/RS-04208749.constit_exons.counts.txt, /vscratch/grp-songyao/pnfioric/pantry/intermediate/stability/RS-04211377.constit_exons.counts.txt, /vscratch/grp-songyao/pnfioric/pantry/intermediate/stability/RS-04212075.constit_exons.counts.txt, /vscratch/grp-songyao/pnfioric/pantry/intermediate/stability/RS-04212079.constit_exons.counts.txt, /vscratch/grp-songyao/pnfioric/pantry/intermediate/stability/RS-04212143.constit_exons.counts.txt, /vscratch/grp-songyao/pnfioric/pantry/intermediate/stability/RS-04215055.constit_exons.counts.txt, /vscratch/grp-songyao/pnfioric/pantry/intermediate/stability/RS-04215978.constit_exons.counts.txt, /vscratch/grp-songyao/pnfioric/pantry/intermediate/stability/RS-04215980.constit_exons.counts.txt, /vscratch/grp-songyao/pnfioric/pantry/intermediate/stability/RS-04218231.constit_exons.counts.txt, /vscratch/grp-songyao/pnfioric/pantry/intermediate/stability/RS-04218233.constit_exons.counts.txt, /vscratch/grp-songyao/pnfioric/pantry/intermediate/stability/RS-04218234.constit_exons.counts.txt, /vscratch/grp-songyao/pnfioric/pantry/intermediate/stability/RS-04221471.constit_exons.counts.txt, /vscratch/grp-songyao/pnfioric/pantry/intermediate/stability/RS-04224029.constit_exons.counts.txt, /vscratch/grp-songyao/pnfioric/pantry/intermediate/stability/RS-04233421.constit_exons.counts.txt, /vscratch/grp-songyao/pnfioric/pantry/intermediate/stability/RS-04234182.constit_exons.counts.txt, /vscratch/grp-songyao/pnfioric/pantry/intermediate/stability/RS-04235657.constit_exons.counts.txt, /vscratch/grp-songyao/pnfioric/pantry/intermediate/stability/RS-04237081.constit_exons.counts.txt, /vscratch/grp-songyao/pnfioric/pantry/intermediate/stability/RS-04238109.constit_exons.counts.txt, /vscratch/grp-songyao/pnfioric/pantry/intermediate/stability/RS-04238138.constit_exons.counts.txt, /vscratch/grp-songyao/pnfioric/pantry/intermediate/stability/RS-04239576.constit_exons.counts.txt, /vscratch/grp-songyao/pnfioric/pantry/intermediate/stability/RS-04240727.constit_exons.counts.txt, /vscratch/grp-songyao/pnfioric/pantry/intermediate/stability/RS-04240729.constit_exons.counts.txt, /vscratch/grp-songyao/pnfioric/pantry/intermediate/stability/RS-04240732.constit_exons.counts.txt, /vscratch/grp-songyao/pnfioric/pantry/intermediate/stability/RS-04241362.constit_exons.counts.txt, /vscratch/grp-songyao/pnfioric/pantry/intermediate/stability/RS-04246019.constit_exons.counts.txt, /vscratch/grp-songyao/pnfioric/pantry/intermediate/stability/RS-04247341.constit_exons.counts.txt, /vscratch/grp-songyao/pnfioric/pantry/intermediate/stability/RS-04247342.constit_exons.counts.txt, /vscratch/grp-songyao/pnfioric/pantry/intermediate/stability/RS-04251303.constit_exons.counts.txt, /vscratch/grp-songyao/pnfioric/pantry/intermediate/stability/RS-04251304.constit_exons.counts.txt, /vscratch/grp-songyao/pnfioric/pantry/intermediate/stability/RS-04252125.constit_exons.counts.txt, /vscratch/grp-songyao/pnfioric/pantry/intermediate/stability/RS-04256820.constit_exons.counts.txt, /vscratch/grp-songyao/pnfioric/pantry/intermediate/stability/RS-04262923.constit_exons.counts.txt, /vscratch/grp-songyao/pnfioric/pantry/intermediate/stability/RS-04262928.constit_exons.counts.txt, /vscratch/grp-songyao/pnfioric/pantry/intermediate/stability/RS-04266595.constit_exons.counts.txt, /vscratch/grp-songyao/pnfioric/pantry/intermediate/stability/RS-04267058.constit_exons.counts.txt, /vscratch/grp-songyao/pnfioric/pantry/intermediate/stability/RS-04267062.constit_exons.counts.txt, /vscratch/grp-songyao/pnfioric/pantry/intermediate/stability/RS-04367335.constit_exons.counts.txt, /vscratch/grp-songyao/pnfioric/pantry/intermediate/stability/RS-04367336.constit_exons.counts.txt, /vscratch/grp-songyao/pnfioric/pantry/intermediate/stability/RS-04367337.constit_exons.counts.txt, /vscratch/grp-songyao/pnfioric/pantry/intermediate/stability/RS-04367338.constit_exons.counts.txt, /vscratch/grp-songyao/pnfioric/pantry/intermediate/stability/RS-04367339.constit_exons.counts.txt, /vscratch/grp-songyao/pnfioric/pantry/intermediate/stability/RS-04367340.constit_exons.counts.txt, /vscratch/grp-songyao/pnfioric/pantry/intermediate/stability/RS-04367341.constit_exons.counts.txt, /vscratch/grp-songyao/pnfioric/pantry/intermediate/stability/RS-04367342.constit_exons.counts.txt, /vscratch/grp-songyao/pnfioric/pantry/intermediate/stability/RS-04367343.constit_exons.counts.txt, /vscratch/grp-songyao/pnfioric/pantry/intermediate/stability/RS-04367344.constit_exons.counts.txt, /vscratch/grp-songyao/pnfioric/pantry/intermediate/stability/RS-04367345.constit_exons.counts.txt, /vscratch/grp-songyao/pnfioric/pantry/intermediate/stability/RS-04367346.constit_exons.counts.txt, /vscratch/grp-songyao/pnfioric/pantry/intermediate/stability/RS-04367347.constit_exons.counts.txt, /vscratch/grp-songyao/pnfioric/pantry/intermediate/stability/RS-04367348.constit_exons.counts.txt, /vscratch/grp-songyao/pnfioric/pantry/intermediate/stability/RS-04367349.constit_exons.counts.txt, /vscratch/grp-songyao/pnfioric/pantry/intermediate/stability/RS-04367350.constit_exons.counts.txt, /vscratch/grp-songyao/pnfioric/pantry/intermediate/stability/RS-04367351.constit_exons.counts.txt, /vscratch/grp-songyao/pnfioric/pantry/intermediate/stability/RS-04367352.constit_exons.counts.txt, /vscratch/grp-songyao/pnfioric/pantry/intermediate/stability/RS-04367353.constit_exons.counts.txt, /vscratch/grp-songyao/pnfioric/pantry/intermediate/stability/RS-04367354.constit_exons.counts.txt, /vscratch/grp-songyao/pnfioric/pantry/intermediate/stability/RS-04367355.constit_exons.counts.txt, /vscratch/grp-songyao/pnfioric/pantry/intermediate/stability/RS-04367356.constit_exons.counts.txt, /vscratch/grp-songyao/pnfioric/pantry/intermediate/stability/RS-04367357.constit_exons.counts.txt, /vscratch/grp-songyao/pnfioric/pantry/intermediate/stability/RS-04367358.constit_exons.counts.txt, /vscratch/grp-songyao/pnfioric/pantry/intermediate/stability/RS-04367359.constit_exons.counts.txt, /vscratch/grp-songyao/pnfioric/pantry/intermediate/stability/RS-04367360.constit_exons.counts.txt, /vscratch/grp-songyao/pnfioric/pantry/intermediate/stability/RS-04367361.constit_exons.counts.txt, /vscratch/grp-songyao/pnfioric/pantry/intermediate/stability/RS-04367362.constit_exons.counts.txt, /vscratch/grp-songyao/pnfioric/pantry/intermediate/stability/RS-04367363.constit_exons.counts.txt, /vscratch/grp-songyao/pnfioric/pantry/intermediate/stability/RS-04367364.constit_exons.counts.txt, /vscratch/grp-songyao/pnfioric/pantry/intermediate/stability/RS-04367365.constit_exons.counts.txt, /vscratch/grp-songyao/pnfioric/pantry/intermediate/stability/RS-04367366.constit_exons.counts.txt, /vscratch/grp-songyao/pnfioric/pantry/intermediate/stability/RS-04367367.constit_exons.counts.txt, /vscratch/grp-songyao/pnfioric/pantry/intermediate/stability/RS-04367368.constit_exons.counts.txt, /vscratch/grp-songyao/pnfioric/pantry/intermediate/stability/RS-04367369.constit_exons.counts.txt, /vscratch/grp-songyao/pnfioric/pantry/intermediate/stability/RS-04367370.constit_exons.counts.txt, /vscratch/grp-songyao/pnfioric/pantry/intermediate/stability/RS-04367371.constit_exons.counts.txt, /vscratch/grp-songyao/pnfioric/pantry/intermediate/stability/RS-04367372.constit_exons.counts.txt, /vscratch/grp-songyao/pnfioric/pantry/intermediate/stability/RS-04367373.constit_exons.counts.txt, /vscratch/grp-songyao/pnfioric/pantry/intermediate/stability/RS-04367374.constit_exons.counts.txt, /vscratch/grp-songyao/pnfioric/pantry/intermediate/stability/RS-04367375.constit_exons.counts.txt, /vscratch/grp-songyao/pnfioric/pantry/intermediate/stability/RS-04367376.constit_exons.counts.txt, /vscratch/grp-songyao/pnfioric/pantry/intermediate/stability/RS-04367377.constit_exons.counts.txt, /vscratch/grp-songyao/pnfioric/pantry/intermediate/stability/RS-04367378.constit_exons.counts.txt, /vscratch/grp-songyao/pnfioric/pantry/intermediate/stability/RS-04367379.constit_exons.counts.txt, /vscratch/grp-songyao/pnfioric/pantry/intermediate/stability/RS-04367380.constit_exons.counts.txt, /vscratch/grp-songyao/pnfioric/pantry/intermediate/stability/RS-04367381.constit_exons.counts.txt, /vscratch/grp-songyao/pnfioric/pantry/intermediate/stability/RS-04367382.constit_exons.counts.txt, /vscratch/grp-songyao/pnfioric/pantry/intermediate/stability/RS-04367383.constit_exons.counts.txt, /vscratch/grp-songyao/pnfioric/pantry/intermediate/stability/RS-04367384.constit_exons.counts.txt, /vscratch/grp-songyao/pnfioric/pantry/intermediate/stability/RS-04367385.constit_exons.counts.txt, /vscratch/grp-songyao/pnfioric/pantry/intermediate/stability/RS-04367386.constit_exons.counts.txt, /vscratch/grp-songyao/pnfioric/pantry/intermediate/stability/RS-04367387.constit_exons.counts.txt, /vscratch/grp-songyao/pnfioric/pantry/intermediate/stability/RS-04367388.constit_exons.counts.txt, /vscratch/grp-songyao/pnfioric/pantry/intermediate/stability/RS-04367389.constit_exons.counts.txt, /vscratch/grp-songyao/pnfioric/pantry/intermediate/stability/RS-04367390.constit_exons.counts.txt, /vscratch/grp-songyao/pnfioric/pantry/intermediate/stability/RS-04367391.constit_exons.counts.txt, /vscratch/grp-songyao/pnfioric/pantry/intermediate/stability/RS-04367392.constit_exons.counts.txt, /vscratch/grp-songyao/pnfioric/pantry/intermediate/stability/RS-04367393.constit_exons.counts.txt, /vscratch/grp-songyao/pnfioric/pantry/intermediate/stability/RS-04367394.constit_exons.counts.txt, /vscratch/grp-songyao/pnfioric/pantry/intermediate/stability/RS-04367395.constit_exons.counts.txt, /vscratch/grp-songyao/pnfioric/pantry/intermediate/stability/RS-04367396.constit_exons.counts.txt, /vscratch/grp-songyao/pnfioric/pantry/intermediate/stability/RS-04367397.constit_exons.counts.txt, /vscratch/grp-songyao/pnfioric/pantry/intermediate/stability/RS-04367398.constit_exons.counts.txt, /vscratch/grp-songyao/pnfioric/pantry/intermediate/stability/RS-04367399.constit_exons.counts.txt, /vscratch/grp-songyao/pnfioric/pantry/intermediate/stability/RS-04367400.constit_exons.counts.txt, /vscratch/grp-songyao/pnfioric/pantry/intermediate/stability/RS-04367401.constit_exons.counts.txt, /vscratch/grp-songyao/pnfioric/pantry/intermediate/stability/RS-04367402.constit_exons.counts.txt, /vscratch/grp-songyao/pnfioric/pantry/intermediate/stability/RS-04367403.constit_exons.counts.txt, /vscratch/grp-songyao/pnfioric/pantry/intermediate/stability/RS-04367404.constit_exons.counts.txt, /vscratch/grp-songyao/pnfioric/pantry/intermediate/stability/RS-04367405.constit_exons.counts.txt, /vscratch/grp-songyao/pnfioric/pantry/intermediate/stability/RS-04367406.constit_exons.counts.txt, /vscratch/grp-songyao/pnfioric/pantry/intermediate/stability/RS-04367407.constit_exons.counts.txt, /vscratch/grp-songyao/pnfioric/pantry/intermediate/stability/RS-04367408.constit_exons.counts.txt, /vscratch/grp-songyao/pnfioric/pantry/intermediate/stability/RS-04367409.constit_exons.counts.txt, /vscratch/grp-songyao/pnfioric/pantry/intermediate/stability/RS-04367410.constit_exons.counts.txt, /vscratch/grp-songyao/pnfioric/pantry/intermediate/stability/RS-04367411.constit_exons.counts.txt, /vscratch/grp-songyao/pnfioric/pantry/intermediate/stability/RS-04367412.constit_exons.counts.txt, /vscratch/grp-songyao/pnfioric/pantry/intermediate/stability/RS-04367413.constit_exons.counts.txt, /vscratch/grp-songyao/pnfioric/pantry/intermediate/stability/RS-04367414.constit_exons.counts.txt, /vscratch/grp-songyao/pnfioric/pantry/intermediate/stability/RS-04367415.constit_exons.counts.txt, /vscratch/grp-songyao/pnfioric/pantry/intermediate/stability/RS-04367416.constit_exons.counts.txt, /vscratch/grp-songyao/pnfioric/pantry/intermediate/stability/RS-04367417.constit_exons.counts.txt, /vscratch/grp-songyao/pnfioric/pantry/intermediate/stability/RS-04367418.constit_exons.counts.txt, /vscratch/grp-songyao/pnfioric/pantry/intermediate/stability/RS-04367419.constit_exons.counts.txt, /vscratch/grp-songyao/pnfioric/pantry/intermediate/stability/RS-04367420.constit_exons.counts.txt, /vscratch/grp-songyao/pnfioric/pantry/intermediate/stability/RS-04367421.constit_exons.counts.txt, /vscratch/grp-songyao/pnfioric/pantry/intermediate/stability/RS-04367422.constit_exons.counts.txt, /vscratch/grp-songyao/pnfioric/pantry/intermediate/stability/RS-04367423.constit_exons.counts.txt, /vscratch/grp-songyao/pnfioric/pantry/intermediate/stability/RS-04367424.constit_exons.counts.txt, /vscratch/grp-songyao/pnfioric/pantry/intermediate/stability/RS-04367425.constit_exons.counts.txt, /vscratch/grp-songyao/pnfioric/pantry/intermediate/stability/RS-04367426.constit_exons.counts.txt, /vscratch/grp-songyao/pnfioric/pantry/intermediate/stability/RS-04367427.constit_exons.counts.txt, /vscratch/grp-songyao/pnfioric/pantry/intermediate/stability/RS-04367428.constit_exons.counts.txt, /vscratch/grp-songyao/pnfioric/pantry/intermediate/stability/RS-04367429.constit_exons.counts.txt, /vscratch/grp-songyao/pnfioric/pantry/intermediate/stability/RS-04367430.constit_exons.counts.txt, /vscratch/grp-songyao/pnfioric/pantry/intermediate/stability/RS-04367431.constit_exons.counts.txt, /vscratch/grp-songyao/pnfioric/pantry/intermediate/stability/RS-04367432.constit_exons.counts.txt, /vscratch/grp-songyao/pnfioric/pantry/intermediate/stability/RS-04367433.constit_exons.counts.txt, /vscratch/grp-songyao/pnfioric/pantry/intermediate/stability/RS-04367434.constit_exons.counts.txt, /vscratch/grp-songyao/pnfioric/pantry/intermediate/stability/RS-04367435.constit_exons.counts.txt, /vscratch/grp-songyao/pnfioric/pantry/intermediate/stability/RS-04367436.constit_exons.counts.txt, /vscratch/grp-songyao/pnfioric/pantry/intermediate/stability/RS-04367437.constit_exons.counts.txt, /vscratch/grp-songyao/pnfioric/pantry/intermediate/stability/RS-04367438.constit_exons.counts.txt, /vscratch/grp-songyao/pnfioric/pantry/intermediate/stability/RS-04367439.constit_exons.counts.txt, /vscratch/grp-songyao/pnfioric/pantry/intermediate/stability/RS-04367440.constit_exons.counts.txt, /vscratch/grp-songyao/pnfioric/pantry/intermediate/stability/RS-04367441.constit_exons.counts.txt, /vscratch/grp-songyao/pnfioric/pantry/intermediate/stability/RS-04367442.constit_exons.counts.txt, /vscratch/grp-songyao/pnfioric/pantry/intermediate/stability/RS-04367443.constit_exons.counts.txt, /vscratch/grp-songyao/pnfioric/pantry/intermediate/stability/RS-04367444.constit_exons.counts.txt, /vscratch/grp-songyao/pnfioric/pantry/intermediate/stability/RS-04367445.constit_exons.counts.txt, /vscratch/grp-songyao/pnfioric/pantry/intermediate/stability/RS-04367446.constit_exons.counts.txt, /vscratch/grp-songyao/pnfioric/pantry/intermediate/stability/RS-04367447.constit_exons.counts.txt, /vscratch/grp-songyao/pnfioric/pantry/intermediate/stability/RS-04367448.constit_exons.counts.txt, /vscratch/grp-songyao/pnfioric/pantry/intermediate/stability/RS-04367449.constit_exons.counts.txt, /vscratch/grp-songyao/pnfioric/pantry/intermediate/stability/RS-04367450.constit_exons.counts.txt, /vscratch/grp-songyao/pnfioric/pantry/intermediate/stability/RS-04367451.constit_exons.counts.txt, /vscratch/grp-songyao/pnfioric/pantry/intermediate/stability/RS-04367452.constit_exons.counts.txt, /vscratch/grp-songyao/pnfioric/pantry/intermediate/stability/RS-04367453.constit_exons.counts.txt, /vscratch/grp-songyao/pnfioric/pantry/intermediate/stability/RS-04367454.constit_exons.counts.txt, /vscratch/grp-songyao/pnfioric/pantry/intermediate/stability/RS-04367455.constit_exons.counts.txt, /vscratch/grp-songyao/pnfioric/pantry/intermediate/stability/RS-04367456.constit_exons.counts.txt, /vscratch/grp-songyao/pnfioric/pantry/intermediate/stability/RS-04367457.constit_exons.counts.txt, /vscratch/grp-songyao/pnfioric/pantry/intermediate/stability/RS-04367458.constit_exons.counts.txt, /vscratch/grp-songyao/pnfioric/pantry/intermediate/stability/RS-04367459.constit_exons.counts.txt, /vscratch/grp-songyao/pnfioric/pantry/intermediate/stability/RS-04367460.constit_exons.counts.txt, /vscratch/grp-songyao/pnfioric/pantry/intermediate/stability/RS-04367461.constit_exons.counts.txt, /vscratch/grp-songyao/pnfioric/pantry/intermediate/stability/RS-04367462.constit_exons.counts.txt, /vscratch/grp-songyao/pnfioric/pantry/intermediate/stability/RS-04367463.constit_exons.counts.txt, /vscratch/grp-songyao/pnfioric/pantry/intermediate/stability/RS-04367464.constit_exons.counts.txt, /vscratch/grp-songyao/pnfioric/pantry/intermediate/stability/RS-04367465.constit_exons.counts.txt, /vscratch/grp-songyao/pnfioric/pantry/intermediate/stability/RS-04367466.constit_exons.counts.txt, /vscratch/grp-songyao/pnfioric/pantry/intermediate/stability/RS-04367467.constit_exons.counts.txt, /vscratch/grp-songyao/pnfioric/pantry/intermediate/stability/RS-04367468.constit_exons.counts.txt, /vscratch/grp-songyao/pnfioric/pantry/intermediate/stability/RS-04367469.constit_exons.counts.txt, /vscratch/grp-songyao/pnfioric/pantry/intermediate/stability/RS-04367470.constit_exons.counts.txt, /vscratch/grp-songyao/pnfioric/pantry/intermediate/stability/RS-04367471.constit_exons.counts.txt, /vscratch/grp-songyao/pnfioric/pantry/intermediate/stability/RS-04367472.constit_exons.counts.txt, /vscratch/grp-songyao/pnfioric/pantry/intermediate/stability/RS-04367473.constit_exons.counts.txt, /vscratch/grp-songyao/pnfioric/pantry/intermediate/stability/RS-04367474.constit_exons.counts.txt, /vscratch/grp-songyao/pnfioric/pantry/intermediate/stability/RS-04367475.constit_exons.counts.txt, /vscratch/grp-songyao/pnfioric/pantry/intermediate/stability/RS-04367476.constit_exons.counts.txt, /vscratch/grp-songyao/pnfioric/pantry/intermediate/stability/RS-04367477.constit_exons.counts.txt, /vscratch/grp-songyao/pnfioric/pantry/intermediate/stability/RS-04367478.constit_exons.counts.txt, /vscratch/grp-songyao/pnfioric/pantry/intermediate/stability/RS-04367479.constit_exons.counts.txt, /vscratch/grp-songyao/pnfioric/pantry/intermediate/stability/RS-04367480.constit_exons.counts.txt, /vscratch/grp-songyao/pnfioric/pantry/intermediate/stability/RS-04367481.constit_exons.counts.txt, /vscratch/grp-songyao/pnfioric/pantry/intermediate/stability/RS-04367482.constit_exons.counts.txt, /vscratch/grp-songyao/pnfioric/pantry/intermediate/stability/RS-04367483.constit_exons.counts.txt, /vscratch/grp-songyao/pnfioric/pantry/intermediate/stability/RS-04367484.constit_exons.counts.txt, /vscratch/grp-songyao/pnfioric/pantry/intermediate/stability/RS-04367485.constit_exons.counts.txt, /vscratch/grp-songyao/pnfioric/pantry/intermediate/stability/RS-04367486.constit_exons.counts.txt, /vscratch/grp-songyao/pnfioric/pantry/intermediate/stability/RS-04367487.constit_exons.counts.txt, /vscratch/grp-songyao/pnfioric/pantry/intermediate/stability/RS-04367488.constit_exons.counts.txt, /vscratch/grp-songyao/pnfioric/pantry/intermediate/stability/RS-04367489.constit_exons.counts.txt, /vscratch/grp-songyao/pnfioric/pantry/intermediate/stability/RS-04367490.constit_exons.counts.txt, /vscratch/grp-songyao/pnfioric/pantry/intermediate/stability/RS-04367491.constit_exons.counts.txt, /vscratch/grp-songyao/pnfioric/pantry/intermediate/stability/RS-04367492.constit_exons.counts.txt, /vscratch/grp-songyao/pnfioric/pantry/intermediate/stability/RS-04367493.constit_exons.counts.txt, /vscratch/grp-songyao/pnfioric/pantry/intermediate/stability/RS-04367494.constit_exons.counts.txt, /vscratch/grp-songyao/pnfioric/pantry/intermediate/stability/RS-04367495.constit_exons.counts.txt, /vscratch/grp-songyao/pnfioric/pantry/intermediate/stability/RS-04367496.constit_exons.counts.txt, /vscratch/grp-songyao/pnfioric/pantry/intermediate/stability/RS-04367497.constit_exons.counts.txt, /vscratch/grp-songyao/pnfioric/pantry/intermediate/stability/RS-04367498.constit_exons.counts.txt, /vscratch/grp-songyao/pnfioric/pantry/intermediate/stability/RS-04367499.constit_exons.counts.txt, /vscratch/grp-songyao/pnfioric/pantry/intermediate/stability/RS-04367500.constit_exons.counts.txt, /vscratch/grp-songyao/pnfioric/pantry/intermediate/stability/RS-04367501.constit_exons.counts.txt, /vscratch/grp-songyao/pnfioric/pantry/intermediate/stability/RS-04367502.constit_exons.counts.txt, /vscratch/grp-songyao/pnfioric/pantry/intermediate/stability/RS-04367503.constit_exons.counts.txt, /vscratch/grp-songyao/pnfioric/pantry/intermediate/stability/RS-04367504.constit_exons.counts.txt, /vscratch/grp-songyao/pnfioric/pantry/intermediate/stability/RS-04367505.constit_exons.counts.txt, /vscratch/grp-songyao/pnfioric/pantry/intermediate/stability/RS-04367506.constit_exons.counts.txt, /vscratch/grp-songyao/pnfioric/pantry/intermediate/stability/RS-04367507.constit_exons.counts.txt, /vscratch/grp-songyao/pnfioric/pantry/intermediate/stability/RS-04367508.constit_exons.counts.txt, /vscratch/grp-songyao/pnfioric/pantry/intermediate/stability/RS-04367509.constit_exons.counts.txt, /vscratch/grp-songyao/pnfioric/pantry/intermediate/stability/RS-04367510.constit_exons.counts.txt, /vscratch/grp-songyao/pnfioric/pantry/intermediate/stability/RS-04367511.constit_exons.counts.txt, /vscratch/grp-songyao/pnfioric/pantry/intermediate/stability/RS-04367512.constit_exons.counts.txt, /vscratch/grp-songyao/pnfioric/pantry/intermediate/stability/RS-04367513.constit_exons.counts.txt, /vscratch/grp-songyao/pnfioric/pantry/intermediate/stability/RS-04367514.constit_exons.counts.txt, /vscratch/grp-songyao/pnfioric/pantry/intermediate/stability/RS-04367515.constit_exons.counts.txt, /vscratch/grp-songyao/pnfioric/pantry/intermediate/stability/RS-04367516.constit_exons.counts.txt, /vscratch/grp-songyao/pnfioric/pantry/intermediate/stability/RS-04367517.constit_exons.counts.txt, /vscratch/grp-songyao/pnfioric/pantry/intermediate/stability/RS-04367518.constit_exons.counts.txt, /vscratch/grp-songyao/pnfioric/pantry/intermediate/stability/RS-04367519.constit_exons.counts.txt, /vscratch/grp-songyao/pnfioric/pantry/intermediate/stability/RS-04367520.constit_exons.counts.txt, /vscratch/grp-songyao/pnfioric/pantry/intermediate/stability/RS-04367521.constit_exons.counts.txt, /vscratch/grp-songyao/pnfioric/pantry/intermediate/stability/RS-04367522.constit_exons.counts.txt, /vscratch/grp-songyao/pnfioric/pantry/intermediate/stability/RS-04367523.constit_exons.counts.txt, /vscratch/grp-songyao/pnfioric/pantry/intermediate/stability/RS-04367524.constit_exons.counts.txt, /vscratch/grp-songyao/pnfioric/pantry/intermediate/stability/RS-04367525.constit_exons.counts.txt, /vscratch/grp-songyao/pnfioric/pantry/intermediate/stability/RS-04367526.constit_exons.counts.txt, /vscratch/grp-songyao/pnfioric/pantry/intermediate/stability/RS-04378608.constit_exons.counts.txt, /vscratch/grp-songyao/pnfioric/pantry/intermediate/stability/RS-04378609.constit_exons.counts.txt, /vscratch/grp-songyao/pnfioric/pantry/intermediate/stability/RS-04378610.constit_exons.counts.txt, /vscratch/grp-songyao/pnfioric/pantry/intermediate/stability/RS-04378611.constit_exons.counts.txt, /vscratch/grp-songyao/pnfioric/pantry/intermediate/stability/RS-04378612.constit_exons.counts.txt, /vscratch/grp-songyao/pnfioric/pantry/intermediate/stability/RS-04378613.constit_exons.counts.txt, /vscratch/grp-songyao/pnfioric/pantry/intermediate/stability/RS-04378614.constit_exons.counts.txt, /vscratch/grp-songyao/pnfioric/pantry/intermediate/stability/RS-04378615.constit_exons.counts.txt, /vscratch/grp-songyao/pnfioric/pantry/intermediate/stability/RS-04378616.constit_exons.counts.txt, /vscratch/grp-songyao/pnfioric/pantry/intermediate/stability/RS-04378617.constit_exons.counts.txt, /vscratch/grp-songyao/pnfioric/pantry/intermediate/stability/RS-04378618.constit_exons.counts.txt, /vscratch/grp-songyao/pnfioric/pantry/intermediate/stability/RS-04378619.constit_exons.counts.txt, /vscratch/grp-songyao/pnfioric/pantry/intermediate/stability/RS-04378620.constit_exons.counts.txt, /vscratch/grp-songyao/pnfioric/pantry/intermediate/stability/RS-04378621.constit_exons.counts.txt, /vscratch/grp-songyao/pnfioric/pantry/intermediate/stability/RS-04378622.constit_exons.counts.txt, /vscratch/grp-songyao/pnfioric/pantry/intermediate/stability/RS-04378623.constit_exons.counts.txt, /vscratch/grp-songyao/pnfioric/pantry/intermediate/stability/RS-04378624.constit_exons.counts.txt, /vscratch/grp-songyao/pnfioric/pantry/intermediate/stability/RS-04378625.constit_exons.counts.txt, /vscratch/grp-songyao/pnfioric/pantry/intermediate/stability/RS-04378626.constit_exons.counts.txt, /vscratch/grp-songyao/pnfioric/pantry/intermediate/stability/RS-04378627.constit_exons.counts.txt, /vscratch/grp-songyao/pnfioric/pantry/intermediate/stability/RS-04378628.constit_exons.counts.txt, /vscratch/grp-songyao/pnfioric/pantry/intermediate/stability/RS-04378629.constit_exons.counts.txt, /vscratch/grp-songyao/pnfioric/pantry/intermediate/stability/RS-04378630.constit_exons.counts.txt, /vscratch/grp-songyao/pnfioric/pantry/intermediate/stability/RS-04378631.constit_exons.counts.txt, /vscratch/grp-songyao/pnfioric/pantry/intermediate/stability/RS-04378632.constit_exons.counts.txt, /vscratch/grp-songyao/pnfioric/pantry/intermediate/stability/RS-04378633.constit_exons.counts.txt, /vscratch/grp-songyao/pnfioric/pantry/intermediate/stability/RS-04378634.constit_exons.counts.txt, /vscratch/grp-songyao/pnfioric/pantry/intermediate/stability/RS-04378635.constit_exons.counts.txt, /vscratch/grp-songyao/pnfioric/pantry/intermediate/stability/RS-04378636.constit_exons.counts.txt, /vscratch/grp-songyao/pnfioric/pantry/intermediate/stability/RS-04378637.constit_exons.counts.txt, /vscratch/grp-songyao/pnfioric/pantry/intermediate/stability/RS-04378638.constit_exons.counts.txt, /vscratch/grp-songyao/pnfioric/pantry/intermediate/stability/RS-04378639.constit_exons.counts.txt, /vscratch/grp-songyao/pnfioric/pantry/intermediate/stability/RS-04378640.constit_exons.counts.txt, /vscratch/grp-songyao/pnfioric/pantry/intermediate/stability/RS-04378641.constit_exons.counts.txt, /vscratch/grp-songyao/pnfioric/pantry/intermediate/stability/RS-04378642.constit_exons.counts.txt, /vscratch/grp-songyao/pnfioric/pantry/intermediate/stability/RS-04378643.constit_exons.counts.txt, /vscratch/grp-songyao/pnfioric/pantry/intermediate/stability/RS-04378644.constit_exons.counts.txt, /vscratch/grp-songyao/pnfioric/pantry/intermediate/stability/RS-04378645.constit_exons.counts.txt, /vscratch/grp-songyao/pnfioric/pantry/intermediate/stability/RS-04378646.constit_exons.counts.txt, /vscratch/grp-songyao/pnfioric/pantry/intermediate/stability/RS-04378647.constit_exons.counts.txt, /vscratch/grp-songyao/pnfioric/pantry/intermediate/stability/RS-04378648.constit_exons.counts.txt, /vscratch/grp-songyao/pnfioric/pantry/intermediate/stability/RS-04378649.constit_exons.counts.txt, /vscratch/grp-songyao/pnfioric/pantry/intermediate/stability/RS-04378650.constit_exons.counts.txt, /vscratch/grp-songyao/pnfioric/pantry/intermediate/stability/RS-04378651.constit_exons.counts.txt, /vscratch/grp-songyao/pnfioric/pantry/intermediate/stability/RS-04378652.constit_exons.counts.txt, /vscratch/grp-songyao/pnfioric/pantry/intermediate/stability/RS-04378653.constit_exons.counts.txt, /vscratch/grp-songyao/pnfioric/pantry/intermediate/stability/RS-04378654.constit_exons.counts.txt, /vscratch/grp-songyao/pnfioric/pantry/intermediate/stability/RS-04378655.constit_exons.counts.txt, /vscratch/grp-songyao/pnfioric/pantry/intermediate/stability/RS-04378656.constit_exons.counts.txt, /vscratch/grp-songyao/pnfioric/pantry/intermediate/stability/RS-04378657.constit_exons.counts.txt, /vscratch/grp-songyao/pnfioric/pantry/intermediate/stability/RS-04378658.constit_exons.counts.txt, /vscratch/grp-songyao/pnfioric/pantry/intermediate/stability/RS-04378659.constit_exons.counts.txt, /vscratch/grp-songyao/pnfioric/pantry/intermediate/stability/RS-04378660.constit_exons.counts.txt, /vscratch/grp-songyao/pnfioric/pantry/intermediate/stability/RS-04378661.constit_exons.counts.txt, /vscratch/grp-songyao/pnfioric/pantry/intermediate/stability/RS-04378662.constit_exons.counts.txt, /vscratch/grp-songyao/pnfioric/pantry/intermediate/stability/RS-04378663.constit_exons.counts.txt, /vscratch/grp-songyao/pnfioric/pantry/intermediate/stability/RS-04378664.constit_exons.counts.txt, /vscratch/grp-songyao/pnfioric/pantry/intermediate/stability/RS-04378665.constit_exons.counts.txt, /vscratch/grp-songyao/pnfioric/pantry/intermediate/stability/RS-04378666.constit_exons.counts.txt, /vscratch/grp-songyao/pnfioric/pantry/intermediate/stability/RS-04378667.constit_exons.counts.txt, /vscratch/grp-songyao/pnfioric/pantry/intermediate/stability/RS-04378668.constit_exons.counts.txt, /vscratch/grp-songyao/pnfioric/pantry/intermediate/stability/RS-04378669.constit_exons.counts.txt, /vscratch/grp-songyao/pnfioric/pantry/intermediate/stability/RS-04378670.constit_exons.counts.txt, /vscratch/grp-songyao/pnfioric/pantry/intermediate/stability/RS-04378671.constit_exons.counts.txt, /vscratch/grp-songyao/pnfioric/pantry/intermediate/stability/RS-04378672.constit_exons.counts.txt, /vscratch/grp-songyao/pnfioric/pantry/intermediate/stability/RS-04378673.constit_exons.counts.txt, /vscratch/grp-songyao/pnfioric/pantry/intermediate/stability/RS-04378674.constit_exons.counts.txt, /vscratch/grp-songyao/pnfioric/pantry/intermediate/stability/RS-04378675.constit_exons.counts.txt, /vscratch/grp-songyao/pnfioric/pantry/intermediate/stability/RS-04378676.constit_exons.counts.txt, /vscratch/grp-songyao/pnfioric/pantry/intermediate/stability/RS-04378677.constit_exons.counts.txt, /vscratch/grp-songyao/pnfioric/pantry/intermediate/stability/RS-04378678.constit_exons.counts.txt, /vscratch/grp-songyao/pnfioric/pantry/intermediate/stability/RS-04378679.constit_exons.counts.txt, /vscratch/grp-songyao/pnfioric/pantry/intermediate/stability/RS-04378680.constit_exons.counts.txt, /vscratch/grp-songyao/pnfioric/pantry/intermediate/stability/RS-04378681.constit_exons.counts.txt, /vscratch/grp-songyao/pnfioric/pantry/intermediate/stability/RS-04378682.constit_exons.counts.txt, /vscratch/grp-songyao/pnfioric/pantry/intermediate/stability/RS-04378683.constit_exons.counts.txt, /vscratch/grp-songyao/pnfioric/pantry/intermediate/stability/RS-04378684.constit_exons.counts.txt, /vscratch/grp-songyao/pnfioric/pantry/intermediate/stability/RS-04378685.constit_exons.counts.txt, /vscratch/grp-songyao/pnfioric/pantry/intermediate/stability/RS-04378686.constit_exons.counts.txt, /vscratch/grp-songyao/pnfioric/pantry/intermediate/stability/RS-04378687.constit_exons.counts.txt, /vscratch/grp-songyao/pnfioric/pantry/intermediate/stability/RS-04378688.constit_exons.counts.txt, /vscratch/grp-songyao/pnfioric/pantry/intermediate/stability/RS-04378689.constit_exons.counts.txt, /vscratch/grp-songyao/pnfioric/pantry/intermediate/stability/RS-04378690.constit_exons.counts.txt, /vscratch/grp-songyao/pnfioric/pantry/intermediate/stability/RS-04378691.constit_exons.counts.txt, /vscratch/grp-songyao/pnfioric/pantry/intermediate/stability/RS-04378692.constit_exons.counts.txt, /vscratch/grp-songyao/pnfioric/pantry/intermediate/stability/RS-04378693.constit_exons.counts.txt, /vscratch/grp-songyao/pnfioric/pantry/intermediate/stability/RS-04378694.constit_exons.counts.txt, /vscratch/grp-songyao/pnfioric/pantry/intermediate/stability/RS-04378695.constit_exons.counts.txt, /vscratch/grp-songyao/pnfioric/pantry/intermediate/stability/RS-04378696.constit_exons.counts.txt, /vscratch/grp-songyao/pnfioric/pantry/intermediate/stability/RS-04378697.constit_exons.counts.txt, /vscratch/grp-songyao/pnfioric/pantry/intermediate/stability/RS-04378698.constit_exons.counts.txt, /vscratch/grp-songyao/pnfioric/pantry/intermediate/stability/RS-04378699.constit_exons.counts.txt, /vscratch/grp-songyao/pnfioric/pantry/intermediate/stability/RS-04378700.constit_exons.counts.txt, /vscratch/grp-songyao/pnfioric/pantry/intermediate/stability/RS-04378701.constit_exons.counts.txt, /vscratch/grp-songyao/pnfioric/pantry/intermediate/stability/RS-04378702.constit_exons.counts.txt, /vscratch/grp-songyao/pnfioric/pantry/intermediate/stability/RS-04378703.constit_exons.counts.txt, /vscratch/grp-songyao/pnfioric/pantry/intermediate/stability/RS-04378704.constit_exons.counts.txt, /vscratch/grp-songyao/pnfioric/pantry/intermediate/stability/RS-04378705.constit_exons.counts.txt, /vscratch/grp-songyao/pnfioric/pantry/intermediate/stability/RS-04378706.constit_exons.counts.txt, /vscratch/grp-songyao/pnfioric/pantry/intermediate/stability/RS-04378707.constit_exons.counts.txt, /vscratch/grp-songyao/pnfioric/pantry/intermediate/stability/RS-04378708.constit_exons.counts.txt, /vscratch/grp-songyao/pnfioric/pantry/intermediate/stability/RS-04378709.constit_exons.counts.txt, /vscratch/grp-songyao/pnfioric/pantry/intermediate/stability/RS-04378710.constit_exons.counts.txt, /vscratch/grp-songyao/pnfioric/pantry/intermediate/stability/RS-04378711.constit_exons.counts.txt, /vscratch/grp-songyao/pnfioric/pantry/intermediate/stability/RS-04378712.constit_exons.counts.txt, /vscratch/grp-songyao/pnfioric/pantry/intermediate/stability/RS-04378713.constit_exons.counts.txt, /vscratch/grp-songyao/pnfioric/pantry/intermediate/stability/RS-04378714.constit_exons.counts.txt, /vscratch/grp-songyao/pnfioric/pantry/intermediate/stability/RS-04378715.constit_exons.counts.txt, /vscratch/grp-songyao/pnfioric/pantry/intermediate/stability/RS-04378716.constit_exons.counts.txt, /vscratch/grp-songyao/pnfioric/pantry/intermediate/stability/RS-04378717.constit_exons.counts.txt, /vscratch/grp-songyao/pnfioric/pantry/intermediate/stability/RS-04378718.constit_exons.counts.txt, /vscratch/grp-songyao/pnfioric/pantry/intermediate/stability/RS-04378719.constit_exons.counts.txt, /vscratch/grp-songyao/pnfioric/pantry/intermediate/stability/RS-04378720.constit_exons.counts.txt, /vscratch/grp-songyao/pnfioric/pantry/intermediate/stability/RS-04378721.constit_exons.counts.txt, /vscratch/grp-songyao/pnfioric/pantry/intermediate/stability/RS-04378722.constit_exons.counts.txt, /vscratch/grp-songyao/pnfioric/pantry/intermediate/stability/RS-04378723.constit_exons.counts.txt, /vscratch/grp-songyao/pnfioric/pantry/intermediate/stability/RS-04378724.constit_exons.counts.txt, /vscratch/grp-songyao/pnfioric/pantry/intermediate/stability/RS-04378725.constit_exons.counts.txt, /vscratch/grp-songyao/pnfioric/pantry/intermediate/stability/RS-04378726.constit_exons.counts.txt, /vscratch/grp-songyao/pnfioric/pantry/intermediate/stability/RS-04378727.constit_exons.counts.txt, /vscratch/grp-songyao/pnfioric/pantry/intermediate/stability/RS-04378728.constit_exons.counts.txt, /vscratch/grp-songyao/pnfioric/pantry/intermediate/stability/RS-04378729.constit_exons.counts.txt, /vscratch/grp-songyao/pnfioric/pantry/intermediate/stability/RS-04378730.constit_exons.counts.txt, /vscratch/grp-songyao/pnfioric/pantry/intermediate/stability/RS-04378731.constit_exons.counts.txt, /vscratch/grp-songyao/pnfioric/pantry/intermediate/stability/RS-04378732.constit_exons.counts.txt, /vscratch/grp-songyao/pnfioric/pantry/intermediate/stability/RS-04378733.constit_exons.counts.txt, /vscratch/grp-songyao/pnfioric/pantry/intermediate/stability/RS-04378734.constit_exons.counts.txt, /vscratch/grp-songyao/pnfioric/pantry/intermediate/stability/RS-04378735.constit_exons.counts.txt, /vscratch/grp-songyao/pnfioric/pantry/intermediate/stability/RS-04378736.constit_exons.counts.txt, /vscratch/grp-songyao/pnfioric/pantry/intermediate/stability/RS-04378737.constit_exons.counts.txt, /vscratch/grp-songyao/pnfioric/pantry/intermediate/stability/RS-04378738.constit_exons.counts.txt, /vscratch/grp-songyao/pnfioric/pantry/intermediate/stability/RS-04378739.constit_exons.counts.txt, /vscratch/grp-songyao/pnfioric/pantry/intermediate/stability/RS-04378740.constit_exons.counts.txt, /vscratch/grp-songyao/pnfioric/pantry/intermediate/stability/RS-04378741.constit_exons.counts.txt, /vscratch/grp-songyao/pnfioric/pantry/intermediate/stability/RS-04378742.constit_exons.counts.txt, /vscratch/grp-songyao/pnfioric/pantry/intermediate/stability/RS-04378743.constit_exons.counts.txt, /vscratch/grp-songyao/pnfioric/pantry/intermediate/stability/RS-04378744.constit_exons.counts.txt, /vscratch/grp-songyao/pnfioric/pantry/intermediate/stability/RS-04378745.constit_exons.counts.txt, /vscratch/grp-songyao/pnfioric/pantry/intermediate/stability/RS-04378746.constit_exons.counts.txt, /vscratch/grp-songyao/pnfioric/pantry/intermediate/stability/RS-04378747.constit_exons.counts.txt, /vscratch/grp-songyao/pnfioric/pantry/intermediate/stability/RS-04378748.constit_exons.counts.txt, /vscratch/grp-songyao/pnfioric/pantry/intermediate/stability/RS-04378749.constit_exons.counts.txt, /vscratch/grp-songyao/pnfioric/pantry/intermediate/stability/RS-04378750.constit_exons.counts.txt, /vscratch/grp-songyao/pnfioric/pantry/intermediate/stability/RS-04378751.constit_exons.counts.txt, /vscratch/grp-songyao/pnfioric/pantry/intermediate/stability/RS-04378752.constit_exons.counts.txt, /vscratch/grp-songyao/pnfioric/pantry/intermediate/stability/RS-04378753.constit_exons.counts.txt, /vscratch/grp-songyao/pnfioric/pantry/intermediate/stability/RS-04378754.constit_exons.counts.txt, /vscratch/grp-songyao/pnfioric/pantry/intermediate/stability/RS-04378755.constit_exons.counts.txt, /vscratch/grp-songyao/pnfioric/pantry/intermediate/stability/RS-04378756.constit_exons.counts.txt, /vscratch/grp-songyao/pnfioric/pantry/intermediate/stability/RS-04378757.constit_exons.counts.txt, /vscratch/grp-songyao/pnfioric/pantry/intermediate/stability/RS-04378758.constit_exons.counts.txt, /vscratch/grp-songyao/pnfioric/pantry/intermediate/stability/RS-04378759.constit_exons.counts.txt, /vscratch/grp-songyao/pnfioric/pantry/intermediate/stability/RS-04378760.constit_exons.counts.txt, /vscratch/grp-songyao/pnfioric/pantry/intermediate/stability/RS-04378761.constit_exons.counts.txt, /vscratch/grp-songyao/pnfioric/pantry/intermediate/stability/RS-04378762.constit_exons.counts.txt, /vscratch/grp-songyao/pnfioric/pantry/intermediate/stability/RS-04378763.constit_exons.counts.txt, /vscratch/grp-songyao/pnfioric/pantry/intermediate/stability/RS-04378764.constit_exons.counts.txt, /vscratch/grp-songyao/pnfioric/pantry/intermediate/stability/RS-04378765.constit_exons.counts.txt, /vscratch/grp-songyao/pnfioric/pantry/intermediate/stability/RS-04378766.constit_exons.counts.txt, /vscratch/grp-songyao/pnfioric/pantry/intermediate/stability/RS-04378767.constit_exons.counts.txt, /vscratch/grp-songyao/pnfioric/pantry/intermediate/stability/RS-04378768.constit_exons.counts.txt, /vscratch/grp-songyao/pnfioric/pantry/intermediate/stability/RS-04378769.constit_exons.counts.txt, /vscratch/grp-songyao/pnfioric/pantry/intermediate/stability/RS-04378770.constit_exons.counts.txt, /vscratch/grp-songyao/pnfioric/pantry/intermediate/stability/RS-04378771.constit_exons.counts.txt, /vscratch/grp-songyao/pnfioric/pantry/intermediate/stability/RS-04378772.constit_exons.counts.txt, /vscratch/grp-songyao/pnfioric/pantry/intermediate/stability/RS-04378773.constit_exons.counts.txt, /vscratch/grp-songyao/pnfioric/pantry/intermediate/stability/RS-04378774.constit_exons.counts.txt, /vscratch/grp-songyao/pnfioric/pantry/intermediate/stability/RS-04378775.constit_exons.counts.txt, /vscratch/grp-songyao/pnfioric/pantry/intermediate/stability/RS-04378776.constit_exons.counts.txt, /vscratch/grp-songyao/pnfioric/pantry/intermediate/stability/RS-04378777.constit_exons.counts.txt, /vscratch/grp-songyao/pnfioric/pantry/intermediate/stability/RS-04378778.constit_exons.counts.txt, /vscratch/grp-songyao/pnfioric/pantry/intermediate/stability/RS-04378779.constit_exons.counts.txt, /vscratch/grp-songyao/pnfioric/pantry/intermediate/stability/RS-04378780.constit_exons.counts.txt, /vscratch/grp-songyao/pnfioric/pantry/intermediate/stability/RS-04378781.constit_exons.counts.txt, /vscratch/grp-songyao/pnfioric/pantry/intermediate/stability/RS-04378782.constit_exons.counts.txt, /vscratch/grp-songyao/pnfioric/pantry/intermediate/stability/RS-04378783.constit_exons.counts.txt, /vscratch/grp-songyao/pnfioric/pantry/intermediate/stability/RS-04378784.constit_exons.counts.txt, /vscratch/grp-songyao/pnfioric/pantry/intermediate/stability/RS-04378785.constit_exons.counts.txt, /vscratch/grp-songyao/pnfioric/pantry/intermediate/stability/RS-04378786.constit_exons.counts.txt, /vscratch/grp-songyao/pnfioric/pantry/intermediate/stability/RS-04378787.constit_exons.counts.txt, /vscratch/grp-songyao/pnfioric/pantry/intermediate/stability/RS-04378788.constit_exons.counts.txt, /vscratch/grp-songyao/pnfioric/pantry/intermediate/stability/RS-04378789.constit_exons.counts.txt, /vscratch/grp-songyao/pnfioric/pantry/intermediate/stability/RS-04378790.constit_exons.counts.txt, /vscratch/grp-songyao/pnfioric/pantry/intermediate/stability/RS-04378791.constit_exons.counts.txt, /vscratch/grp-songyao/pnfioric/pantry/intermediate/stability/RS-04378792.constit_exons.counts.txt, /vscratch/grp-songyao/pnfioric/pantry/intermediate/stability/RS-04378793.constit_exons.counts.txt, /vscratch/grp-songyao/pnfioric/pantry/intermediate/stability/RS-04378794.constit_exons.counts.txt, /vscratch/grp-songyao/pnfioric/pantry/intermediate/stability/RS-04378795.constit_exons.counts.txt, /vscratch/grp-songyao/pnfioric/pantry/intermediate/stability/RS-04378796.constit_exons.counts.txt, /vscratch/grp-songyao/pnfioric/pantry/intermediate/stability/RS-04378797.constit_exons.counts.txt, /vscratch/grp-songyao/pnfioric/pantry/intermediate/stability/RS-04378798.constit_exons.counts.txt, /vscratch/grp-songyao/pnfioric/pantry/intermediate/stability/RS-04378799.constit_exons.counts.txt, /vscratch/grp-songyao/pnfioric/pantry/intermediate/stability/RS-04396631.constit_exons.counts.txt, /vscratch/grp-songyao/pnfioric/pantry/intermediate/stability/RS-04396632.constit_exons.counts.txt, /vscratch/grp-songyao/pnfioric/pantry/intermediate/stability/RS-04396633.constit_exons.counts.txt, /vscratch/grp-songyao/pnfioric/pantry/intermediate/stability/RS-04396634.constit_exons.counts.txt, /vscratch/grp-songyao/pnfioric/pantry/intermediate/stability/RS-04396635.constit_exons.counts.txt, /vscratch/grp-songyao/pnfioric/pantry/intermediate/stability/RS-04396636.constit_exons.counts.txt, /vscratch/grp-songyao/pnfioric/pantry/intermediate/stability/RS-04396637.constit_exons.counts.txt, /vscratch/grp-songyao/pnfioric/pantry/intermediate/stability/RS-04396638.constit_exons.counts.txt, /vscratch/grp-songyao/pnfioric/pantry/intermediate/stability/RS-04396639.constit_exons.counts.txt, /vscratch/grp-songyao/pnfioric/pantry/intermediate/stability/RS-04396640.constit_exons.counts.txt, /vscratch/grp-songyao/pnfioric/pantry/intermediate/stability/RS-04396641.constit_exons.counts.txt, /vscratch/grp-songyao/pnfioric/pantry/intermediate/stability/RS-04396642.constit_exons.counts.txt, /vscratch/grp-songyao/pnfioric/pantry/intermediate/stability/RS-04396643.constit_exons.counts.txt, /vscratch/grp-songyao/pnfioric/pantry/intermediate/stability/RS-04396644.constit_exons.counts.txt, /vscratch/grp-songyao/pnfioric/pantry/intermediate/stability/RS-04396645.constit_exons.counts.txt, /vscratch/grp-songyao/pnfioric/pantry/intermediate/stability/RS-04396646.constit_exons.counts.txt, /vscratch/grp-songyao/pnfioric/pantry/intermediate/stability/RS-04396647.constit_exons.counts.txt, /vscratch/grp-songyao/pnfioric/pantry/intermediate/stability/RS-04396648.constit_exons.counts.txt, /vscratch/grp-songyao/pnfioric/pantry/intermediate/stability/RS-04396649.constit_exons.counts.txt, /vscratch/grp-songyao/pnfioric/pantry/intermediate/stability/RS-04396650.constit_exons.counts.txt, /vscratch/grp-songyao/pnfioric/pantry/intermediate/stability/RS-04396651.constit_exons.counts.txt, /vscratch/grp-songyao/pnfioric/pantry/intermediate/stability/RS-04396652.constit_exons.counts.txt, /vscratch/grp-songyao/pnfioric/pantry/intermediate/stability/RS-04396653.constit_exons.counts.txt, /vscratch/grp-songyao/pnfioric/pantry/intermediate/stability/RS-04396654.constit_exons.counts.txt, /vscratch/grp-songyao/pnfioric/pantry/intermediate/stability/RS-04396655.constit_exons.counts.txt, /vscratch/grp-songyao/pnfioric/pantry/intermediate/stability/RS-04396656.constit_exons.counts.txt, /vscratch/grp-songyao/pnfioric/pantry/intermediate/stability/RS-04396657.constit_exons.counts.txt, /vscratch/grp-songyao/pnfioric/pantry/intermediate/stability/RS-04396658.constit_exons.counts.txt, /vscratch/grp-songyao/pnfioric/pantry/intermediate/stability/RS-04396659.constit_exons.counts.txt, /vscratch/grp-songyao/pnfioric/pantry/intermediate/stability/RS-04396660.constit_exons.counts.txt, /vscratch/grp-songyao/pnfioric/pantry/intermediate/stability/RS-04396661.constit_exons.counts.txt, /vscratch/grp-songyao/pnfioric/pantry/intermediate/stability/RS-04396662.constit_exons.counts.txt, /vscratch/grp-songyao/pnfioric/pantry/intermediate/stability/RS-04396663.constit_exons.counts.txt, /vscratch/grp-songyao/pnfioric/pantry/intermediate/stability/RS-04396664.constit_exons.counts.txt, /vscratch/grp-songyao/pnfioric/pantry/intermediate/stability/RS-04396665.constit_exons.counts.txt, /vscratch/grp-songyao/pnfioric/pantry/intermediate/stability/RS-04396666.constit_exons.counts.txt, /vscratch/grp-songyao/pnfioric/pantry/intermediate/stability/RS-04396667.constit_exons.counts.txt, /vscratch/grp-songyao/pnfioric/pantry/intermediate/stability/RS-04396668.constit_exons.counts.txt, /vscratch/grp-songyao/pnfioric/pantry/intermediate/stability/RS-04396669.constit_exons.counts.txt, /vscratch/grp-songyao/pnfioric/pantry/intermediate/stability/RS-04396670.constit_exons.counts.txt, /vscratch/grp-songyao/pnfioric/pantry/intermediate/stability/RS-04396671.constit_exons.counts.txt, /vscratch/grp-songyao/pnfioric/pantry/intermediate/stability/RS-04396672.constit_exons.counts.txt, /vscratch/grp-songyao/pnfioric/pantry/intermediate/stability/RS-04396673.constit_exons.counts.txt, /vscratch/grp-songyao/pnfioric/pantry/intermediate/stability/RS-04396674.constit_exons.counts.txt, /vscratch/grp-songyao/pnfioric/pantry/intermediate/stability/RS-04396675.constit_exons.counts.txt, /vscratch/grp-songyao/pnfioric/pantry/intermediate/stability/RS-04396676.constit_exons.counts.txt, /vscratch/grp-songyao/pnfioric/pantry/intermediate/stability/RS-04396677.constit_exons.counts.txt, /vscratch/grp-songyao/pnfioric/pantry/intermediate/stability/RS-04396678.constit_exons.counts.txt, /vscratch/grp-songyao/pnfioric/pantry/intermediate/stability/RS-04396697.constit_exons.counts.txt, /vscratch/grp-songyao/pnfioric/pantry/intermediate/stability/RS-04396698.constit_exons.counts.txt, /vscratch/grp-songyao/pnfioric/pantry/intermediate/stability/RS-04396699.constit_exons.counts.txt, /vscratch/grp-songyao/pnfioric/pantry/intermediate/stability/RS-04396700.constit_exons.counts.txt, /vscratch/grp-songyao/pnfioric/pantry/intermediate/stability/RS-04396701.constit_exons.counts.txt, /vscratch/grp-songyao/pnfioric/pantry/intermediate/stability/RS-04396702.constit_exons.counts.txt, /vscratch/grp-songyao/pnfioric/pantry/intermediate/stability/RS-04396703.constit_exons.counts.txt, /vscratch/grp-songyao/pnfioric/pantry/intermediate/stability/RS-04396704.constit_exons.counts.txt, /vscratch/grp-songyao/pnfioric/pantry/intermediate/stability/RS-04396705.constit_exons.counts.txt, /vscratch/grp-songyao/pnfioric/pantry/intermediate/stability/RS-04396706.constit_exons.counts.txt, /vscratch/grp-songyao/pnfioric/pantry/intermediate/stability/RS-04396707.constit_exons.counts.txt, /vscratch/grp-songyao/pnfioric/pantry/intermediate/stability/RS-04396708.constit_exons.counts.txt, /vscratch/grp-songyao/pnfioric/pantry/intermediate/stability/RS-04396709.constit_exons.counts.txt, /vscratch/grp-songyao/pnfioric/pantry/intermediate/stability/RS-04396710.constit_exons.counts.txt, /vscratch/grp-songyao/pnfioric/pantry/intermediate/stability/RS-04396711.constit_exons.counts.txt, /vscratch/grp-songyao/pnfioric/pantry/intermediate/stability/RS-04396712.constit_exons.counts.txt, /vscratch/grp-songyao/pnfioric/pantry/intermediate/stability/RS-04396713.constit_exons.counts.txt, /vscratch/grp-songyao/pnfioric/pantry/intermediate/stability/RS-04396714.constit_exons.counts.txt, /vscratch/grp-songyao/pnfioric/pantry/intermediate/stability/RS-04396715.constit_exons.counts.txt, /vscratch/grp-songyao/pnfioric/pantry/intermediate/stability/RS-04396716.constit_exons.counts.txt, /vscratch/grp-songyao/pnfioric/pantry/intermediate/stability/RS-04396717.constit_exons.counts.txt, /vscratch/grp-songyao/pnfioric/pantry/intermediate/stability/RS-04396718.constit_exons.counts.txt, /vscratch/grp-songyao/pnfioric/pantry/intermediate/stability/RS-04396719.constit_exons.counts.txt, /vscratch/grp-songyao/pnfioric/pantry/intermediate/stability/RS-04396720.constit_exons.counts.txt, /vscratch/grp-songyao/pnfioric/pantry/intermediate/stability/RS-04396721.constit_exons.counts.txt, /vscratch/grp-songyao/pnfioric/pantry/intermediate/stability/RS-04396722.constit_exons.counts.txt, /vscratch/grp-songyao/pnfioric/pantry/intermediate/stability/RS-04396723.constit_exons.counts.txt, /vscratch/grp-songyao/pnfioric/pantry/intermediate/stability/RS-04396724.constit_exons.counts.txt, /vscratch/grp-songyao/pnfioric/pantry/intermediate/stability/RS-04396725.constit_exons.counts.txt, /vscratch/grp-songyao/pnfioric/pantry/intermediate/stability/RS-04396726.constit_exons.counts.txt, /vscratch/grp-songyao/pnfioric/pantry/intermediate/stability/RS-04396727.constit_exons.counts.txt, /vscratch/grp-songyao/pnfioric/pantry/intermediate/stability/RS-04396728.constit_exons.counts.txt, /vscratch/grp-songyao/pnfioric/pantry/intermediate/stability/RS-04396729.constit_exons.counts.txt, /vscratch/grp-songyao/pnfioric/pantry/intermediate/stability/RS-04396730.constit_exons.counts.txt, /vscratch/grp-songyao/pnfioric/pantry/intermediate/stability/RS-04396731.constit_exons.counts.txt, /vscratch/grp-songyao/pnfioric/pantry/intermediate/stability/RS-04396732.constit_exons.counts.txt, /vscratch/grp-songyao/pnfioric/pantry/intermediate/stability/RS-04396733.constit_exons.counts.txt, /vscratch/grp-songyao/pnfioric/pantry/intermediate/stability/RS-04396734.constit_exons.counts.txt, /vscratch/grp-songyao/pnfioric/pantry/intermediate/stability/RS-04396735.constit_exons.counts.txt, /vscratch/grp-songyao/pnfioric/pantry/intermediate/stability/RS-04396736.constit_exons.counts.txt, /vscratch/grp-songyao/pnfioric/pantry/intermediate/stability/RS-04396737.constit_exons.counts.txt, /vscratch/grp-songyao/pnfioric/pantry/intermediate/stability/RS-04396738.constit_exons.counts.txt, /vscratch/grp-songyao/pnfioric/pantry/intermediate/stability/RS-04396739.constit_exons.counts.txt, /vscratch/grp-songyao/pnfioric/pantry/intermediate/stability/RS-04396740.constit_exons.counts.txt, /vscratch/grp-songyao/pnfioric/pantry/intermediate/stability/RS-04396741.constit_exons.counts.txt, /vscratch/grp-songyao/pnfioric/pantry/intermediate/stability/RS-04396742.constit_exons.counts.txt, /vscratch/grp-songyao/pnfioric/pantry/intermediate/stability/RS-04396743.constit_exons.counts.txt, /vscratch/grp-songyao/pnfioric/pantry/intermediate/stability/RS-04396744.constit_exons.counts.txt, /vscratch/grp-songyao/pnfioric/pantry/intermediate/stability/RS-04396758.constit_exons.counts.txt, /vscratch/grp-songyao/pnfioric/pantry/intermediate/stability/RS-04396759.constit_exons.counts.txt, /vscratch/grp-songyao/pnfioric/pantry/intermediate/stability/RS-04396760.constit_exons.counts.txt, /vscratch/grp-songyao/pnfioric/pantry/intermediate/stability/RS-04396761.constit_exons.counts.txt, /vscratch/grp-songyao/pnfioric/pantry/intermediate/stability/RS-04396762.constit_exons.counts.txt, /vscratch/grp-songyao/pnfioric/pantry/intermediate/stability/RS-04396763.constit_exons.counts.txt, /vscratch/grp-songyao/pnfioric/pantry/intermediate/stability/RS-04396764.constit_exons.counts.txt, /vscratch/grp-songyao/pnfioric/pantry/intermediate/stability/RS-04396765.constit_exons.counts.txt, /vscratch/grp-songyao/pnfioric/pantry/intermediate/stability/RS-04396766.constit_exons.counts.txt, /vscratch/grp-songyao/pnfioric/pantry/intermediate/stability/RS-04396767.constit_exons.counts.txt, /vscratch/grp-songyao/pnfioric/pantry/intermediate/stability/RS-04396768.constit_exons.counts.txt, /vscratch/grp-songyao/pnfioric/pantry/intermediate/stability/RS-04396769.constit_exons.counts.txt, /vscratch/grp-songyao/pnfioric/pantry/intermediate/stability/RS-04396770.constit_exons.counts.txt, /vscratch/grp-songyao/pnfioric/pantry/intermediate/stability/RS-04396771.constit_exons.counts.txt, /vscratch/grp-songyao/pnfioric/pantry/intermediate/stability/RS-04396772.constit_exons.counts.txt, /vscratch/grp-songyao/pnfioric/pantry/intermediate/stability/RS-04396773.constit_exons.counts.txt, /vscratch/grp-songyao/pnfioric/pantry/intermediate/stability/RS-04396774.constit_exons.counts.txt, /vscratch/grp-songyao/pnfioric/pantry/intermediate/stability/RS-04396775.constit_exons.counts.txt, /vscratch/grp-songyao/pnfioric/pantry/intermediate/stability/RS-04396776.constit_exons.counts.txt, /vscratch/grp-songyao/pnfioric/pantry/intermediate/stability/RS-04396777.constit_exons.counts.txt, /vscratch/grp-songyao/pnfioric/pantry/intermediate/stability/RS-04396778.constit_exons.counts.txt, /vscratch/grp-songyao/pnfioric/pantry/intermediate/stability/RS-04396779.constit_exons.counts.txt, /vscratch/grp-songyao/pnfioric/pantry/intermediate/stability/RS-04396780.constit_exons.counts.txt, /vscratch/grp-songyao/pnfioric/pantry/intermediate/stability/RS-04396781.constit_exons.counts.txt, /vscratch/grp-songyao/pnfioric/pantry/intermediate/stability/RS-04396782.constit_exons.counts.txt, /vscratch/grp-songyao/pnfioric/pantry/intermediate/stability/RS-04396783.constit_exons.counts.txt, /vscratch/grp-songyao/pnfioric/pantry/intermediate/stability/RS-04396784.constit_exons.counts.txt, /vscratch/grp-songyao/pnfioric/pantry/intermediate/stability/RS-04396785.constit_exons.counts.txt, /vscratch/grp-songyao/pnfioric/pantry/intermediate/stability/RS-04396786.constit_exons.counts.txt, /vscratch/grp-songyao/pnfioric/pantry/intermediate/stability/RS-04396787.constit_exons.counts.txt, /vscratch/grp-songyao/pnfioric/pantry/intermediate/stability/RS-04396788.constit_exons.counts.txt, /vscratch/grp-songyao/pnfioric/pantry/intermediate/stability/RS-04396789.constit_exons.counts.txt, /vscratch/grp-songyao/pnfioric/pantry/intermediate/stability/RS-04396790.constit_exons.counts.txt, /vscratch/grp-songyao/pnfioric/pantry/intermediate/stability/RS-04396791.constit_exons.counts.txt, /vscratch/grp-songyao/pnfioric/pantry/intermediate/stability/RS-04396792.constit_exons.counts.txt, /vscratch/grp-songyao/pnfioric/pantry/intermediate/stability/RS-04396793.constit_exons.counts.txt, /vscratch/grp-songyao/pnfioric/pantry/intermediate/stability/RS-04396794.constit_exons.counts.txt, /vscratch/grp-songyao/pnfioric/pantry/intermediate/stability/RS-04396795.constit_exons.counts.txt, /vscratch/grp-songyao/pnfioric/pantry/intermediate/stability/RS-04396796.constit_exons.counts.txt, /vscratch/grp-songyao/pnfioric/pantry/intermediate/stability/RS-04396797.constit_exons.counts.txt, /vscratch/grp-songyao/pnfioric/pantry/intermediate/stability/RS-04396798.constit_exons.counts.txt, /vscratch/grp-songyao/pnfioric/pantry/intermediate/stability/RS-04396799.constit_exons.counts.txt, /vscratch/grp-songyao/pnfioric/pantry/intermediate/stability/RS-04396800.constit_exons.counts.txt, /vscratch/grp-songyao/pnfioric/pantry/intermediate/stability/RS-04396801.constit_exons.counts.txt, /vscratch/grp-songyao/pnfioric/pantry/intermediate/stability/RS-04396802.constit_exons.counts.txt, /vscratch/grp-songyao/pnfioric/pantry/intermediate/stability/RS-04396803.constit_exons.counts.txt, /vscratch/grp-songyao/pnfioric/pantry/intermediate/stability/RS-04396804.constit_exons.counts.txt, /vscratch/grp-songyao/pnfioric/pantry/intermediate/stability/RS-04396805.constit_exons.counts.txt, /vscratch/grp-songyao/pnfioric/pantry/intermediate/stability/RS-04396806.constit_exons.counts.txt, /vscratch/grp-songyao/pnfioric/pantry/intermediate/stability/RS-04396807.constit_exons.counts.txt, /vscratch/grp-songyao/pnfioric/pantry/intermediate/stability/RS-04396808.constit_exons.counts.txt, /vscratch/grp-songyao/pnfioric/pantry/intermediate/stability/RS-04396809.constit_exons.counts.txt, /vscratch/grp-songyao/pnfioric/pantry/intermediate/stability/RS-04396810.constit_exons.counts.txt, /vscratch/grp-songyao/pnfioric/pantry/intermediate/stability/RS-04396811.constit_exons.counts.txt, /vscratch/grp-songyao/pnfioric/pantry/intermediate/stability/RS-04396812.constit_exons.counts.txt, /vscratch/grp-songyao/pnfioric/pantry/intermediate/stability/RS-04396813.constit_exons.counts.txt, /vscratch/grp-songyao/pnfioric/pantry/intermediate/stability/RS-04396814.constit_exons.counts.txt, /vscratch/grp-songyao/pnfioric/pantry/intermediate/stability/RS-04396815.constit_exons.counts.txt, /vscratch/grp-songyao/pnfioric/pantry/intermediate/stability/RS-04396816.constit_exons.counts.txt, /vscratch/grp-songyao/pnfioric/pantry/intermediate/stability/RS-04396817.constit_exons.counts.txt, /vscratch/grp-songyao/pnfioric/pantry/intermediate/stability/RS-04396818.constit_exons.counts.txt, /vscratch/grp-songyao/pnfioric/pantry/intermediate/stability/RS-04396819.constit_exons.counts.txt, /vscratch/grp-songyao/pnfioric/pantry/intermediate/stability/RS-04396820.constit_exons.counts.txt, /vscratch/grp-songyao/pnfioric/pantry/intermediate/stability/RS-04396821.constit_exons.counts.txt, /vscratch/grp-songyao/pnfioric/pantry/intermediate/stability/RS-04396822.constit_exons.counts.txt, /vscratch/grp-songyao/pnfioric/pantry/intermediate/stability/RS-04396823.constit_exons.counts.txt, /vscratch/grp-songyao/pnfioric/pantry/intermediate/stability/RS-04396824.constit_exons.counts.txt, /vscratch/grp-songyao/pnfioric/pantry/intermediate/stability/RS-04396825.constit_exons.counts.txt, /vscratch/grp-songyao/pnfioric/pantry/intermediate/stability/RS-04396826.constit_exons.counts.txt, /vscratch/grp-songyao/pnfioric/pantry/intermediate/stability/RS-04396827.constit_exons.counts.txt, /vscratch/grp-songyao/pnfioric/pantry/intermediate/stability/RS-04396828.constit_exons.counts.txt, /vscratch/grp-songyao/pnfioric/pantry/intermediate/stability/RS-04396829.constit_exons.counts.txt, /vscratch/grp-songyao/pnfioric/pantry/intermediate/stability/RS-04396830.constit_exons.counts.txt, /vscratch/grp-songyao/pnfioric/pantry/intermediate/stability/RS-04396831.constit_exons.counts.txt, /vscratch/grp-songyao/pnfioric/pantry/intermediate/stability/RS-04396832.constit_exons.counts.txt, /vscratch/grp-songyao/pnfioric/pantry/intermediate/stability/RS-04396833.constit_exons.counts.txt, /vscratch/grp-songyao/pnfioric/pantry/intermediate/stability/RS-04396834.constit_exons.counts.txt, /vscratch/grp-songyao/pnfioric/pantry/intermediate/stability/RS-04396835.constit_exons.counts.txt, /vscratch/grp-songyao/pnfioric/pantry/intermediate/stability/RS-04396836.constit_exons.counts.txt, /vscratch/grp-songyao/pnfioric/pantry/intermediate/stability/RS-04396837.constit_exons.counts.txt, /vscratch/grp-songyao/pnfioric/pantry/intermediate/stability/RS-04396838.constit_exons.counts.txt, /vscratch/grp-songyao/pnfioric/pantry/intermediate/stability/RS-04396839.constit_exons.counts.txt, /vscratch/grp-songyao/pnfioric/pantry/intermediate/stability/RS-04396840.constit_exons.counts.txt, /vscratch/grp-songyao/pnfioric/pantry/intermediate/stability/RS-04396841.constit_exons.counts.txt, /vscratch/grp-songyao/pnfioric/pantry/intermediate/stability/RS-04396842.constit_exons.counts.txt, /vscratch/grp-songyao/pnfioric/pantry/intermediate/stability/RS-04396843.constit_exons.counts.txt, /vscratch/grp-songyao/pnfioric/pantry/intermediate/stability/RS-04396844.constit_exons.counts.txt, /vscratch/grp-songyao/pnfioric/pantry/intermediate/stability/RS-04396845.constit_exons.counts.txt, /vscratch/grp-songyao/pnfioric/pantry/intermediate/stability/RS-04396846.constit_exons.counts.txt, /vscratch/grp-songyao/pnfioric/pantry/intermediate/stability/RS-04396847.constit_exons.counts.txt, /vscratch/grp-songyao/pnfioric/pantry/intermediate/stability/RS-04396848.constit_exons.counts.txt, /vscratch/grp-songyao/pnfioric/pantry/intermediate/stability/RS-04396849.constit_exons.counts.txt, /vscratch/grp-songyao/pnfioric/pantry/intermediate/stability/RS-04396850.constit_exons.counts.txt, /vscratch/grp-songyao/pnfioric/pantry/intermediate/stability/RS-04396851.constit_exons.counts.txt, /vscratch/grp-songyao/pnfioric/pantry/intermediate/stability/RS-04396852.constit_exons.counts.txt, /vscratch/grp-songyao/pnfioric/pantry/intermediate/stability/RS-04396853.constit_exons.counts.txt, /vscratch/grp-songyao/pnfioric/pantry/intermediate/stability/RS-04430783.constit_exons.counts.txt, /vscratch/grp-songyao/pnfioric/pantry/intermediate/stability/RS-04430784.constit_exons.counts.txt, /vscratch/grp-songyao/pnfioric/pantry/intermediate/stability/RS-04430785.constit_exons.counts.txt, /vscratch/grp-songyao/pnfioric/pantry/intermediate/stability/RS-04430786.constit_exons.counts.txt, /vscratch/grp-songyao/pnfioric/pantry/intermediate/stability/RS-04430787.constit_exons.counts.txt, /vscratch/grp-songyao/pnfioric/pantry/intermediate/stability/RS-04430788.constit_exons.counts.txt, /vscratch/grp-songyao/pnfioric/pantry/intermediate/stability/RS-04430789.constit_exons.counts.txt, /vscratch/grp-songyao/pnfioric/pantry/intermediate/stability/RS-04430790.constit_exons.counts.txt, /vscratch/grp-songyao/pnfioric/pantry/intermediate/stability/RS-04430791.constit_exons.counts.txt, /vscratch/grp-songyao/pnfioric/pantry/intermediate/stability/RS-04430792.constit_exons.counts.txt, /vscratch/grp-songyao/pnfioric/pantry/intermediate/stability/RS-04430793.constit_exons.counts.txt, /vscratch/grp-songyao/pnfioric/pantry/intermediate/stability/RS-04430794.constit_exons.counts.txt, /vscratch/grp-songyao/pnfioric/pantry/intermediate/stability/RS-04430795.constit_exons.counts.txt, /vscratch/grp-songyao/pnfioric/pantry/intermediate/stability/RS-04430798.constit_exons.counts.txt, /vscratch/grp-songyao/pnfioric/pantry/intermediate/stability/RS-04430800.constit_exons.counts.txt, /vscratch/grp-songyao/pnfioric/pantry/intermediate/stability/RS-04430802.constit_exons.counts.txt, /vscratch/grp-songyao/pnfioric/pantry/intermediate/stability/RS-04430805.constit_exons.counts.txt, /vscratch/grp-songyao/pnfioric/pantry/intermediate/stability/RS-04430806.constit_exons.counts.txt, /vscratch/grp-songyao/pnfioric/pantry/intermediate/stability/RS-04430807.constit_exons.counts.txt, /vscratch/grp-songyao/pnfioric/pantry/intermediate/stability/RS-04430808.constit_exons.counts.txt, /vscratch/grp-songyao/pnfioric/pantry/intermediate/stability/RS-04430809.constit_exons.counts.txt, /vscratch/grp-songyao/pnfioric/pantry/intermediate/stability/RS-04430810.constit_exons.counts.txt, /vscratch/grp-songyao/pnfioric/pantry/intermediate/stability/RS-04430811.constit_exons.counts.txt, /vscratch/grp-songyao/pnfioric/pantry/intermediate/stability/RS-04430812.constit_exons.counts.txt, /vscratch/grp-songyao/pnfioric/pantry/intermediate/stability/RS-04430813.constit_exons.counts.txt, /vscratch/grp-songyao/pnfioric/pantry/intermediate/stability/RS-04430814.constit_exons.counts.txt, /vscratch/grp-songyao/pnfioric/pantry/intermediate/stability/RS-04430815.constit_exons.counts.txt, /vscratch/grp-songyao/pnfioric/pantry/intermediate/stability/RS-04430816.constit_exons.counts.txt, /vscratch/grp-songyao/pnfioric/pantry/intermediate/stability/RS-04430817.constit_exons.counts.txt, /vscratch/grp-songyao/pnfioric/pantry/intermediate/stability/RS-04430818.constit_exons.counts.txt, /vscratch/grp-songyao/pnfioric/pantry/intermediate/stability/RS-04430819.constit_exons.counts.txt, /vscratch/grp-songyao/pnfioric/pantry/intermediate/stability/RS-04430820.constit_exons.counts.txt, /vscratch/grp-songyao/pnfioric/pantry/intermediate/stability/RS-04430821.constit_exons.counts.txt, /vscratch/grp-songyao/pnfioric/pantry/intermediate/stability/RS-04430822.constit_exons.counts.txt, /vscratch/grp-songyao/pnfioric/pantry/intermediate/stability/RS-04430823.constit_exons.counts.txt, /vscratch/grp-songyao/pnfioric/pantry/intermediate/stability/RS-04430824.constit_exons.counts.txt, /vscratch/grp-songyao/pnfioric/pantry/intermediate/stability/RS-04430825.constit_exons.counts.txt, /vscratch/grp-songyao/pnfioric/pantry/intermediate/stability/RS-04430826.constit_exons.counts.txt, /vscratch/grp-songyao/pnfioric/pantry/intermediate/stability/RS-04430827.constit_exons.counts.txt, /vscratch/grp-songyao/pnfioric/pantry/intermediate/stability/RS-04430828.constit_exons.counts.txt, /vscratch/grp-songyao/pnfioric/pantry/intermediate/stability/RS-04430829.constit_exons.counts.txt, /vscratch/grp-songyao/pnfioric/pantry/intermediate/stability/RS-04430830.constit_exons.counts.txt, /vscratch/grp-songyao/pnfioric/pantry/intermediate/stability/RS-04430831.constit_exons.counts.txt, /vscratch/grp-songyao/pnfioric/pantry/intermediate/stability/RS-04430832.constit_exons.counts.txt, /vscratch/grp-songyao/pnfioric/pantry/intermediate/stability/RS-04430833.constit_exons.counts.txt, /vscratch/grp-songyao/pnfioric/pantry/intermediate/stability/RS-04430834.constit_exons.counts.txt, /vscratch/grp-songyao/pnfioric/pantry/intermediate/stability/RS-04430835.constit_exons.counts.txt, /vscratch/grp-songyao/pnfioric/pantry/intermediate/stability/RS-04430836.constit_exons.counts.txt, /vscratch/grp-songyao/pnfioric/pantry/intermediate/stability/RS-04430837.constit_exons.counts.txt, /vscratch/grp-songyao/pnfioric/pantry/intermediate/stability/RS-04430838.constit_exons.counts.txt, /vscratch/grp-songyao/pnfioric/pantry/intermediate/stability/RS-04430839.constit_exons.counts.txt, /vscratch/grp-songyao/pnfioric/pantry/intermediate/stability/RS-04430840.constit_exons.counts.txt, /vscratch/grp-songyao/pnfioric/pantry/intermediate/stability/RS-04430841.constit_exons.counts.txt, /vscratch/grp-songyao/pnfioric/pantry/intermediate/stability/RS-04430842.constit_exons.counts.txt, /vscratch/grp-songyao/pnfioric/pantry/intermediate/stability/RS-04430843.constit_exons.counts.txt, /vscratch/grp-songyao/pnfioric/pantry/intermediate/stability/RS-04430844.constit_exons.counts.txt, /vscratch/grp-songyao/pnfioric/pantry/intermediate/stability/RS-04430845.constit_exons.counts.txt, /vscratch/grp-songyao/pnfioric/pantry/intermediate/stability/RS-04430846.constit_exons.counts.txt, /vscratch/grp-songyao/pnfioric/pantry/intermediate/stability/RS-04430847.constit_exons.counts.txt, /vscratch/grp-songyao/pnfioric/pantry/intermediate/stability/RS-04430848.constit_exons.counts.txt, /vscratch/grp-songyao/pnfioric/pantry/intermediate/stability/RS-04430849.constit_exons.counts.txt, /vscratch/grp-songyao/pnfioric/pantry/intermediate/stability/RS-04430850.constit_exons.counts.txt, /vscratch/grp-songyao/pnfioric/pantry/intermediate/stability/RS-04430851.constit_exons.counts.txt, /vscratch/grp-songyao/pnfioric/pantry/intermediate/stability/RS-04430852.constit_exons.counts.txt, /vscratch/grp-songyao/pnfioric/pantry/intermediate/stability/RS-04430853.constit_exons.counts.txt, /vscratch/grp-songyao/pnfioric/pantry/intermediate/stability/RS-04430854.constit_exons.counts.txt, /vscratch/grp-songyao/pnfioric/pantry/intermediate/stability/RS-04430855.constit_exons.counts.txt, /vscratch/grp-songyao/pnfioric/pantry/intermediate/stability/RS-04430856.constit_exons.counts.txt, /vscratch/grp-songyao/pnfioric/pantry/intermediate/stability/RS-04430857.constit_exons.counts.txt, /vscratch/grp-songyao/pnfioric/pantry/intermediate/stability/RS-04430858.constit_exons.counts.txt, /vscratch/grp-songyao/pnfioric/pantry/intermediate/stability/RS-04430859.constit_exons.counts.txt, /vscratch/grp-songyao/pnfioric/pantry/intermediate/stability/RS-04430860.constit_exons.counts.txt, /vscratch/grp-songyao/pnfioric/pantry/intermediate/stability/RS-04430861.constit_exons.counts.txt, /vscratch/grp-songyao/pnfioric/pantry/intermediate/stability/RS-04430862.constit_exons.counts.txt, /vscratch/grp-songyao/pnfioric/pantry/intermediate/stability/RS-04430863.constit_exons.counts.txt, /vscratch/grp-songyao/pnfioric/pantry/intermediate/stability/RS-04430864.constit_exons.counts.txt, /vscratch/grp-songyao/pnfioric/pantry/intermediate/stability/RS-04430865.constit_exons.counts.txt, /vscratch/grp-songyao/pnfioric/pantry/intermediate/stability/RS-04430866.constit_exons.counts.txt, /vscratch/grp-songyao/pnfioric/pantry/intermediate/stability/RS-04430867.constit_exons.counts.txt, /vscratch/grp-songyao/pnfioric/pantry/intermediate/stability/RS-04430868.constit_exons.counts.txt, /vscratch/grp-songyao/pnfioric/pantry/intermediate/stability/RS-04430869.constit_exons.counts.txt, /vscratch/grp-songyao/pnfioric/pantry/intermediate/stability/RS-04430870.constit_exons.counts.txt, /vscratch/grp-songyao/pnfioric/pantry/intermediate/stability/RS-04430871.constit_exons.counts.txt, /vscratch/grp-songyao/pnfioric/pantry/intermediate/stability/RS-04430872.constit_exons.counts.txt, /vscratch/grp-songyao/pnfioric/pantry/intermediate/stability/RS-04430873.constit_exons.counts.txt, /vscratch/grp-songyao/pnfioric/pantry/intermediate/stability/RS-04430874.constit_exons.counts.txt, /vscratch/grp-songyao/pnfioric/pantry/intermediate/stability/RS-04430875.constit_exons.counts.txt, /vscratch/grp-songyao/pnfioric/pantry/intermediate/stability/RS-04430876.constit_exons.counts.txt, /vscratch/grp-songyao/pnfioric/pantry/intermediate/stability/RS-04430877.constit_exons.counts.txt, /vscratch/grp-songyao/pnfioric/pantry/intermediate/stability/RS-04430878.constit_exons.counts.txt, /vscratch/grp-songyao/pnfioric/pantry/intermediate/stability/RS-04430879.constit_exons.counts.txt, /vscratch/grp-songyao/pnfioric/pantry/intermediate/stability/RS-04430880.constit_exons.counts.txt, /vscratch/grp-songyao/pnfioric/pantry/intermediate/stability/RS-04430881.constit_exons.counts.txt, /vscratch/grp-songyao/pnfioric/pantry/intermediate/stability/RS-04430882.constit_exons.counts.txt, /vscratch/grp-songyao/pnfioric/pantry/intermediate/stability/RS-04430883.constit_exons.counts.txt, /vscratch/grp-songyao/pnfioric/pantry/intermediate/stability/RS-04430884.constit_exons.counts.txt, /vscratch/grp-songyao/pnfioric/pantry/intermediate/stability/RS-02166929.introns.counts.txt, /vscratch/grp-songyao/pnfioric/pantry/intermediate/stability/RS-02732377.introns.counts.txt, /vscratch/grp-songyao/pnfioric/pantry/intermediate/stability/RS-03423261.introns.counts.txt, /vscratch/grp-songyao/pnfioric/pantry/intermediate/stability/RS-03427463.introns.counts.txt, /vscratch/grp-songyao/pnfioric/pantry/intermediate/stability/RS-03522170.introns.counts.txt, /vscratch/grp-songyao/pnfioric/pantry/intermediate/stability/RS-03522202.introns.counts.txt, /vscratch/grp-songyao/pnfioric/pantry/intermediate/stability/RS-03568549.introns.counts.txt, /vscratch/grp-songyao/pnfioric/pantry/intermediate/stability/RS-03602187.introns.counts.txt, /vscratch/grp-songyao/pnfioric/pantry/intermediate/stability/RS-03689431.introns.counts.txt, /vscratch/grp-songyao/pnfioric/pantry/intermediate/stability/RS-03695641.introns.counts.txt, /vscratch/grp-songyao/pnfioric/pantry/intermediate/stability/RS-03697717.introns.counts.txt, /vscratch/grp-songyao/pnfioric/pantry/intermediate/stability/RS-03702962.introns.counts.txt, /vscratch/grp-songyao/pnfioric/pantry/intermediate/stability/RS-03709093.introns.counts.txt, /vscratch/grp-songyao/pnfioric/pantry/intermediate/stability/RS-03709094.introns.counts.txt, /vscratch/grp-songyao/pnfioric/pantry/intermediate/stability/RS-03709098.introns.counts.txt, /vscratch/grp-songyao/pnfioric/pantry/intermediate/stability/RS-03710643.introns.counts.txt, /vscratch/grp-songyao/pnfioric/pantry/intermediate/stability/RS-03711363.introns.counts.txt, /vscratch/grp-songyao/pnfioric/pantry/intermediate/stability/RS-03722465.introns.counts.txt, /vscratch/grp-songyao/pnfioric/pantry/intermediate/stability/RS-03726100.introns.counts.txt, /vscratch/grp-songyao/pnfioric/pantry/intermediate/stability/RS-03726102.introns.counts.txt, /vscratch/grp-songyao/pnfioric/pantry/intermediate/stability/RS-03726103.introns.counts.txt, /vscratch/grp-songyao/pnfioric/pantry/intermediate/stability/RS-03745424.introns.counts.txt, /vscratch/grp-songyao/pnfioric/pantry/intermediate/stability/RS-03746605.introns.counts.txt, /vscratch/grp-songyao/pnfioric/pantry/intermediate/stability/RS-03746606.introns.counts.txt, /vscratch/grp-songyao/pnfioric/pantry/intermediate/stability/RS-03750575.introns.counts.txt, /vscratch/grp-songyao/pnfioric/pantry/intermediate/stability/RS-03750576.introns.counts.txt, /vscratch/grp-songyao/pnfioric/pantry/intermediate/stability/RS-03750577.introns.counts.txt, /vscratch/grp-songyao/pnfioric/pantry/intermediate/stability/RS-03753113.introns.counts.txt, /vscratch/grp-songyao/pnfioric/pantry/intermediate/stability/RS-03753115.introns.counts.txt, /vscratch/grp-songyao/pnfioric/pantry/intermediate/stability/RS-03754774.introns.counts.txt, /vscratch/grp-songyao/pnfioric/pantry/intermediate/stability/RS-03754775.introns.counts.txt, /vscratch/grp-songyao/pnfioric/pantry/intermediate/stability/RS-03756154.introns.counts.txt, /vscratch/grp-songyao/pnfioric/pantry/intermediate/stability/RS-03756156.introns.counts.txt, /vscratch/grp-songyao/pnfioric/pantry/intermediate/stability/RS-03756157.introns.counts.txt, /vscratch/grp-songyao/pnfioric/pantry/intermediate/stability/RS-03766372.introns.counts.txt, /vscratch/grp-songyao/pnfioric/pantry/intermediate/stability/RS-03766374.introns.counts.txt, /vscratch/grp-songyao/pnfioric/pantry/intermediate/stability/RS-03767743.introns.counts.txt, /vscratch/grp-songyao/pnfioric/pantry/intermediate/stability/RS-03767744.introns.counts.txt, /vscratch/grp-songyao/pnfioric/pantry/intermediate/stability/RS-03769227.introns.counts.txt, /vscratch/grp-songyao/pnfioric/pantry/intermediate/stability/RS-03769895.introns.counts.txt, /vscratch/grp-songyao/pnfioric/pantry/intermediate/stability/RS-03769896.introns.counts.txt, /vscratch/grp-songyao/pnfioric/pantry/intermediate/stability/RS-03773034.introns.counts.txt, /vscratch/grp-songyao/pnfioric/pantry/intermediate/stability/RS-03773036.introns.counts.txt, /vscratch/grp-songyao/pnfioric/pantry/intermediate/stability/RS-03773039.introns.counts.txt, /vscratch/grp-songyao/pnfioric/pantry/intermediate/stability/RS-03779390.introns.counts.txt, /vscratch/grp-songyao/pnfioric/pantry/intermediate/stability/RS-03779391.introns.counts.txt, /vscratch/grp-songyao/pnfioric/pantry/intermediate/stability/RS-03779392.introns.counts.txt, /vscratch/grp-songyao/pnfioric/pantry/intermediate/stability/RS-03779394.introns.counts.txt, /vscratch/grp-songyao/pnfioric/pantry/intermediate/stability/RS-03792485.introns.counts.txt, /vscratch/grp-songyao/pnfioric/pantry/intermediate/stability/RS-03792488.introns.counts.txt, /vscratch/grp-songyao/pnfioric/pantry/intermediate/stability/RS-03800061.introns.counts.txt, /vscratch/grp-songyao/pnfioric/pantry/intermediate/stability/RS-03804912.introns.counts.txt, /vscratch/grp-songyao/pnfioric/pantry/intermediate/stability/RS-03804915.introns.counts.txt, /vscratch/grp-songyao/pnfioric/pantry/intermediate/stability/RS-03804916.introns.counts.txt, /vscratch/grp-songyao/pnfioric/pantry/intermediate/stability/RS-03813027.introns.counts.txt, /vscratch/grp-songyao/pnfioric/pantry/intermediate/stability/RS-03813029.introns.counts.txt, /vscratch/grp-songyao/pnfioric/pantry/intermediate/stability/RS-03813031.introns.counts.txt, /vscratch/grp-songyao/pnfioric/pantry/intermediate/stability/RS-03813032.introns.counts.txt, /vscratch/grp-songyao/pnfioric/pantry/intermediate/stability/RS-03816355.introns.counts.txt, /vscratch/grp-songyao/pnfioric/pantry/intermediate/stability/RS-03816356.introns.counts.txt, /vscratch/grp-songyao/pnfioric/pantry/intermediate/stability/RS-03816358.introns.counts.txt, /vscratch/grp-songyao/pnfioric/pantry/intermediate/stability/RS-03817302.introns.counts.txt, /vscratch/grp-songyao/pnfioric/pantry/intermediate/stability/RS-03817304.introns.counts.txt, /vscratch/grp-songyao/pnfioric/pantry/intermediate/stability/RS-03827250.introns.counts.txt, /vscratch/grp-songyao/pnfioric/pantry/intermediate/stability/RS-03827254.introns.counts.txt, /vscratch/grp-songyao/pnfioric/pantry/intermediate/stability/RS-03831725.introns.counts.txt, /vscratch/grp-songyao/pnfioric/pantry/intermediate/stability/RS-03834166.introns.counts.txt, /vscratch/grp-songyao/pnfioric/pantry/intermediate/stability/RS-03834168.introns.counts.txt, /vscratch/grp-songyao/pnfioric/pantry/intermediate/stability/RS-03837511.introns.counts.txt, /vscratch/grp-songyao/pnfioric/pantry/intermediate/stability/RS-03837512.introns.counts.txt, /vscratch/grp-songyao/pnfioric/pantry/intermediate/stability/RS-03837577.introns.counts.txt, /vscratch/grp-songyao/pnfioric/pantry/intermediate/stability/RS-03838687.introns.counts.txt, /vscratch/grp-songyao/pnfioric/pantry/intermediate/stability/RS-03840948.introns.counts.txt, /vscratch/grp-songyao/pnfioric/pantry/intermediate/stability/RS-03840952.introns.counts.txt, /vscratch/grp-songyao/pnfioric/pantry/intermediate/stability/RS-03840994.introns.counts.txt, /vscratch/grp-songyao/pnfioric/pantry/intermediate/stability/RS-03849883.introns.counts.txt, /vscratch/grp-songyao/pnfioric/pantry/intermediate/stability/RS-03857995.introns.counts.txt, /vscratch/grp-songyao/pnfioric/pantry/intermediate/stability/RS-03860509.introns.counts.txt, /vscratch/grp-songyao/pnfioric/pantry/intermediate/stability/RS-03862582.introns.counts.txt, /vscratch/grp-songyao/pnfioric/pantry/intermediate/stability/RS-03862589.introns.counts.txt, /vscratch/grp-songyao/pnfioric/pantry/intermediate/stability/RS-03879231.introns.counts.txt, /vscratch/grp-songyao/pnfioric/pantry/intermediate/stability/RS-03885248.introns.counts.txt, /vscratch/grp-songyao/pnfioric/pantry/intermediate/stability/RS-03885250.introns.counts.txt, /vscratch/grp-songyao/pnfioric/pantry/intermediate/stability/RS-03886129.introns.counts.txt, /vscratch/grp-songyao/pnfioric/pantry/intermediate/stability/RS-03888427.introns.counts.txt, /vscratch/grp-songyao/pnfioric/pantry/intermediate/stability/RS-03888429.introns.counts.txt, /vscratch/grp-songyao/pnfioric/pantry/intermediate/stability/RS-03890640.introns.counts.txt, /vscratch/grp-songyao/pnfioric/pantry/intermediate/stability/RS-03890644.introns.counts.txt, /vscratch/grp-songyao/pnfioric/pantry/intermediate/stability/RS-03898411.introns.counts.txt, /vscratch/grp-songyao/pnfioric/pantry/intermediate/stability/RS-03898412.introns.counts.txt, /vscratch/grp-songyao/pnfioric/pantry/intermediate/stability/RS-03899701.introns.counts.txt, /vscratch/grp-songyao/pnfioric/pantry/intermediate/stability/RS-03899703.introns.counts.txt, /vscratch/grp-songyao/pnfioric/pantry/intermediate/stability/RS-03899706.introns.counts.txt, /vscratch/grp-songyao/pnfioric/pantry/intermediate/stability/RS-03901858.introns.counts.txt, /vscratch/grp-songyao/pnfioric/pantry/intermediate/stability/RS-03931520.introns.counts.txt, /vscratch/grp-songyao/pnfioric/pantry/intermediate/stability/RS-03970187.introns.counts.txt, /vscratch/grp-songyao/pnfioric/pantry/intermediate/stability/RS-04035152.introns.counts.txt, /vscratch/grp-songyao/pnfioric/pantry/intermediate/stability/RS-04035153.introns.counts.txt, /vscratch/grp-songyao/pnfioric/pantry/intermediate/stability/RS-04035154.introns.counts.txt, /vscratch/grp-songyao/pnfioric/pantry/intermediate/stability/RS-04036669.introns.counts.txt, /vscratch/grp-songyao/pnfioric/pantry/intermediate/stability/RS-04036674.introns.counts.txt, /vscratch/grp-songyao/pnfioric/pantry/intermediate/stability/RS-04045323.introns.counts.txt, /vscratch/grp-songyao/pnfioric/pantry/intermediate/stability/RS-04045663.introns.counts.txt, /vscratch/grp-songyao/pnfioric/pantry/intermediate/stability/RS-04048349.introns.counts.txt, /vscratch/grp-songyao/pnfioric/pantry/intermediate/stability/RS-04050572.introns.counts.txt, /vscratch/grp-songyao/pnfioric/pantry/intermediate/stability/RS-04056908.introns.counts.txt, /vscratch/grp-songyao/pnfioric/pantry/intermediate/stability/RS-04056909.introns.counts.txt, /vscratch/grp-songyao/pnfioric/pantry/intermediate/stability/RS-04056911.introns.counts.txt, /vscratch/grp-songyao/pnfioric/pantry/intermediate/stability/RS-04058236.introns.counts.txt, /vscratch/grp-songyao/pnfioric/pantry/intermediate/stability/RS-04058254.introns.counts.txt, /vscratch/grp-songyao/pnfioric/pantry/intermediate/stability/RS-04058255.introns.counts.txt, /vscratch/grp-songyao/pnfioric/pantry/intermediate/stability/RS-04058256.introns.counts.txt, /vscratch/grp-songyao/pnfioric/pantry/intermediate/stability/RS-04059952.introns.counts.txt, /vscratch/grp-songyao/pnfioric/pantry/intermediate/stability/RS-04059954.introns.counts.txt, /vscratch/grp-songyao/pnfioric/pantry/intermediate/stability/RS-04061367.introns.counts.txt, /vscratch/grp-songyao/pnfioric/pantry/intermediate/stability/RS-04061369.introns.counts.txt, /vscratch/grp-songyao/pnfioric/pantry/intermediate/stability/RS-04065375.introns.counts.txt, /vscratch/grp-songyao/pnfioric/pantry/intermediate/stability/RS-04066121.introns.counts.txt, /vscratch/grp-songyao/pnfioric/pantry/intermediate/stability/RS-04068926.introns.counts.txt, /vscratch/grp-songyao/pnfioric/pantry/intermediate/stability/RS-04072742.introns.counts.txt, /vscratch/grp-songyao/pnfioric/pantry/intermediate/stability/RS-04075008.introns.counts.txt, /vscratch/grp-songyao/pnfioric/pantry/intermediate/stability/RS-04075720.introns.counts.txt, /vscratch/grp-songyao/pnfioric/pantry/intermediate/stability/RS-04079693.introns.counts.txt, /vscratch/grp-songyao/pnfioric/pantry/intermediate/stability/RS-04079696.introns.counts.txt, /vscratch/grp-songyao/pnfioric/pantry/intermediate/stability/RS-04083995.introns.counts.txt, /vscratch/grp-songyao/pnfioric/pantry/intermediate/stability/RS-04084275.introns.counts.txt, /vscratch/grp-songyao/pnfioric/pantry/intermediate/stability/RS-04084277.introns.counts.txt, /vscratch/grp-songyao/pnfioric/pantry/intermediate/stability/RS-04088695.introns.counts.txt, /vscratch/grp-songyao/pnfioric/pantry/intermediate/stability/RS-04088698.introns.counts.txt, /vscratch/grp-songyao/pnfioric/pantry/intermediate/stability/RS-04088945.introns.counts.txt, /vscratch/grp-songyao/pnfioric/pantry/intermediate/stability/RS-04092923.introns.counts.txt, /vscratch/grp-songyao/pnfioric/pantry/intermediate/stability/RS-04096236.introns.counts.txt, /vscratch/grp-songyao/pnfioric/pantry/intermediate/stability/RS-04096237.introns.counts.txt, /vscratch/grp-songyao/pnfioric/pantry/intermediate/stability/RS-04096238.introns.counts.txt, /vscratch/grp-songyao/pnfioric/pantry/intermediate/stability/RS-04096478.introns.counts.txt, /vscratch/grp-songyao/pnfioric/pantry/intermediate/stability/RS-04104756.introns.counts.txt, /vscratch/grp-songyao/pnfioric/pantry/intermediate/stability/RS-04104778.introns.counts.txt, /vscratch/grp-songyao/pnfioric/pantry/intermediate/stability/RS-04120256.introns.counts.txt, /vscratch/grp-songyao/pnfioric/pantry/intermediate/stability/RS-04124047.introns.counts.txt, /vscratch/grp-songyao/pnfioric/pantry/intermediate/stability/RS-04124088.introns.counts.txt, /vscratch/grp-songyao/pnfioric/pantry/intermediate/stability/RS-04128336.introns.counts.txt, /vscratch/grp-songyao/pnfioric/pantry/intermediate/stability/RS-04128573.introns.counts.txt, /vscratch/grp-songyao/pnfioric/pantry/intermediate/stability/RS-04128574.introns.counts.txt, /vscratch/grp-songyao/pnfioric/pantry/intermediate/stability/RS-04147830.introns.counts.txt, /vscratch/grp-songyao/pnfioric/pantry/intermediate/stability/RS-04147928.introns.counts.txt, /vscratch/grp-songyao/pnfioric/pantry/intermediate/stability/RS-04151684.introns.counts.txt, /vscratch/grp-songyao/pnfioric/pantry/intermediate/stability/RS-04151685.introns.counts.txt, /vscratch/grp-songyao/pnfioric/pantry/intermediate/stability/RS-04152328.introns.counts.txt, /vscratch/grp-songyao/pnfioric/pantry/intermediate/stability/RS-04153630.introns.counts.txt, /vscratch/grp-songyao/pnfioric/pantry/intermediate/stability/RS-04164414.introns.counts.txt, /vscratch/grp-songyao/pnfioric/pantry/intermediate/stability/RS-04165459.introns.counts.txt, /vscratch/grp-songyao/pnfioric/pantry/intermediate/stability/RS-04178224.introns.counts.txt, /vscratch/grp-songyao/pnfioric/pantry/intermediate/stability/RS-04187404.introns.counts.txt, /vscratch/grp-songyao/pnfioric/pantry/intermediate/stability/RS-04190909.introns.counts.txt, /vscratch/grp-songyao/pnfioric/pantry/intermediate/stability/RS-04199405.introns.counts.txt, /vscratch/grp-songyao/pnfioric/pantry/intermediate/stability/RS-04208747.introns.counts.txt, /vscratch/grp-songyao/pnfioric/pantry/intermediate/stability/RS-04208749.introns.counts.txt, /vscratch/grp-songyao/pnfioric/pantry/intermediate/stability/RS-04211377.introns.counts.txt, /vscratch/grp-songyao/pnfioric/pantry/intermediate/stability/RS-04212075.introns.counts.txt, /vscratch/grp-songyao/pnfioric/pantry/intermediate/stability/RS-04212079.introns.counts.txt, /vscratch/grp-songyao/pnfioric/pantry/intermediate/stability/RS-04212143.introns.counts.txt, /vscratch/grp-songyao/pnfioric/pantry/intermediate/stability/RS-04215055.introns.counts.txt, /vscratch/grp-songyao/pnfioric/pantry/intermediate/stability/RS-04215978.introns.counts.txt, /vscratch/grp-songyao/pnfioric/pantry/intermediate/stability/RS-04215980.introns.counts.txt, /vscratch/grp-songyao/pnfioric/pantry/intermediate/stability/RS-04218231.introns.counts.txt, /vscratch/grp-songyao/pnfioric/pantry/intermediate/stability/RS-04218233.introns.counts.txt, /vscratch/grp-songyao/pnfioric/pantry/intermediate/stability/RS-04218234.introns.counts.txt, /vscratch/grp-songyao/pnfioric/pantry/intermediate/stability/RS-04221471.introns.counts.txt, /vscratch/grp-songyao/pnfioric/pantry/intermediate/stability/RS-04224029.introns.counts.txt, /vscratch/grp-songyao/pnfioric/pantry/intermediate/stability/RS-04233421.introns.counts.txt, /vscratch/grp-songyao/pnfioric/pantry/intermediate/stability/RS-04234182.introns.counts.txt, /vscratch/grp-songyao/pnfioric/pantry/intermediate/stability/RS-04235657.introns.counts.txt, /vscratch/grp-songyao/pnfioric/pantry/intermediate/stability/RS-04237081.introns.counts.txt, /vscratch/grp-songyao/pnfioric/pantry/intermediate/stability/RS-04238109.introns.counts.txt, /vscratch/grp-songyao/pnfioric/pantry/intermediate/stability/RS-04238138.introns.counts.txt, /vscratch/grp-songyao/pnfioric/pantry/intermediate/stability/RS-04239576.introns.counts.txt, /vscratch/grp-songyao/pnfioric/pantry/intermediate/stability/RS-04240727.introns.counts.txt, /vscratch/grp-songyao/pnfioric/pantry/intermediate/stability/RS-04240729.introns.counts.txt, /vscratch/grp-songyao/pnfioric/pantry/intermediate/stability/RS-04240732.introns.counts.txt, /vscratch/grp-songyao/pnfioric/pantry/intermediate/stability/RS-04241362.introns.counts.txt, /vscratch/grp-songyao/pnfioric/pantry/intermediate/stability/RS-04246019.introns.counts.txt, /vscratch/grp-songyao/pnfioric/pantry/intermediate/stability/RS-04247341.introns.counts.txt, /vscratch/grp-songyao/pnfioric/pantry/intermediate/stability/RS-04247342.introns.counts.txt, /vscratch/grp-songyao/pnfioric/pantry/intermediate/stability/RS-04251303.introns.counts.txt, /vscratch/grp-songyao/pnfioric/pantry/intermediate/stability/RS-04251304.introns.counts.txt, /vscratch/grp-songyao/pnfioric/pantry/intermediate/stability/RS-04252125.introns.counts.txt, /vscratch/grp-songyao/pnfioric/pantry/intermediate/stability/RS-04256820.introns.counts.txt, /vscratch/grp-songyao/pnfioric/pantry/intermediate/stability/RS-04262923.introns.counts.txt, /vscratch/grp-songyao/pnfioric/pantry/intermediate/stability/RS-04262928.introns.counts.txt, /vscratch/grp-songyao/pnfioric/pantry/intermediate/stability/RS-04266595.introns.counts.txt, /vscratch/grp-songyao/pnfioric/pantry/intermediate/stability/RS-04267058.introns.counts.txt, /vscratch/grp-songyao/pnfioric/pantry/intermediate/stability/RS-04267062.introns.counts.txt, /vscratch/grp-songyao/pnfioric/pantry/intermediate/stability/RS-04367335.introns.counts.txt, /vscratch/grp-songyao/pnfioric/pantry/intermediate/stability/RS-04367336.introns.counts.txt, /vscratch/grp-songyao/pnfioric/pantry/intermediate/stability/RS-04367337.introns.counts.txt, /vscratch/grp-songyao/pnfioric/pantry/intermediate/stability/RS-04367338.introns.counts.txt, /vscratch/grp-songyao/pnfioric/pantry/intermediate/stability/RS-04367339.introns.counts.txt, /vscratch/grp-songyao/pnfioric/pantry/intermediate/stability/RS-04367340.introns.counts.txt, /vscratch/grp-songyao/pnfioric/pantry/intermediate/stability/RS-04367341.introns.counts.txt, /vscratch/grp-songyao/pnfioric/pantry/intermediate/stability/RS-04367342.introns.counts.txt, /vscratch/grp-songyao/pnfioric/pantry/intermediate/stability/RS-04367343.introns.counts.txt, /vscratch/grp-songyao/pnfioric/pantry/intermediate/stability/RS-04367344.introns.counts.txt, /vscratch/grp-songyao/pnfioric/pantry/intermediate/stability/RS-04367345.introns.counts.txt, /vscratch/grp-songyao/pnfioric/pantry/intermediate/stability/RS-04367346.introns.counts.txt, /vscratch/grp-songyao/pnfioric/pantry/intermediate/stability/RS-04367347.introns.counts.txt, /vscratch/grp-songyao/pnfioric/pantry/intermediate/stability/RS-04367348.introns.counts.txt, /vscratch/grp-songyao/pnfioric/pantry/intermediate/stability/RS-04367349.introns.counts.txt, /vscratch/grp-songyao/pnfioric/pantry/intermediate/stability/RS-04367350.introns.counts.txt, /vscratch/grp-songyao/pnfioric/pantry/intermediate/stability/RS-04367351.introns.counts.txt, /vscratch/grp-songyao/pnfioric/pantry/intermediate/stability/RS-04367352.introns.counts.txt, /vscratch/grp-songyao/pnfioric/pantry/intermediate/stability/RS-04367353.introns.counts.txt, /vscratch/grp-songyao/pnfioric/pantry/intermediate/stability/RS-04367354.introns.counts.txt, /vscratch/grp-songyao/pnfioric/pantry/intermediate/stability/RS-04367355.introns.counts.txt, /vscratch/grp-songyao/pnfioric/pantry/intermediate/stability/RS-04367356.introns.counts.txt, /vscratch/grp-songyao/pnfioric/pantry/intermediate/stability/RS-04367357.introns.counts.txt, /vscratch/grp-songyao/pnfioric/pantry/intermediate/stability/RS-04367358.introns.counts.txt, /vscratch/grp-songyao/pnfioric/pantry/intermediate/stability/RS-04367359.introns.counts.txt, /vscratch/grp-songyao/pnfioric/pantry/intermediate/stability/RS-04367360.introns.counts.txt, /vscratch/grp-songyao/pnfioric/pantry/intermediate/stability/RS-04367361.introns.counts.txt, /vscratch/grp-songyao/pnfioric/pantry/intermediate/stability/RS-04367362.introns.counts.txt, /vscratch/grp-songyao/pnfioric/pantry/intermediate/stability/RS-04367363.introns.counts.txt, /vscratch/grp-songyao/pnfioric/pantry/intermediate/stability/RS-04367364.introns.counts.txt, /vscratch/grp-songyao/pnfioric/pantry/intermediate/stability/RS-04367365.introns.counts.txt, /vscratch/grp-songyao/pnfioric/pantry/intermediate/stability/RS-04367366.introns.counts.txt, /vscratch/grp-songyao/pnfioric/pantry/intermediate/stability/RS-04367367.introns.counts.txt, /vscratch/grp-songyao/pnfioric/pantry/intermediate/stability/RS-04367368.introns.counts.txt, /vscratch/grp-songyao/pnfioric/pantry/intermediate/stability/RS-04367369.introns.counts.txt, /vscratch/grp-songyao/pnfioric/pantry/intermediate/stability/RS-04367370.introns.counts.txt, /vscratch/grp-songyao/pnfioric/pantry/intermediate/stability/RS-04367371.introns.counts.txt, /vscratch/grp-songyao/pnfioric/pantry/intermediate/stability/RS-04367372.introns.counts.txt, /vscratch/grp-songyao/pnfioric/pantry/intermediate/stability/RS-04367373.introns.counts.txt, /vscratch/grp-songyao/pnfioric/pantry/intermediate/stability/RS-04367374.introns.counts.txt, /vscratch/grp-songyao/pnfioric/pantry/intermediate/stability/RS-04367375.introns.counts.txt, /vscratch/grp-songyao/pnfioric/pantry/intermediate/stability/RS-04367376.introns.counts.txt, /vscratch/grp-songyao/pnfioric/pantry/intermediate/stability/RS-04367377.introns.counts.txt, /vscratch/grp-songyao/pnfioric/pantry/intermediate/stability/RS-04367378.introns.counts.txt, /vscratch/grp-songyao/pnfioric/pantry/intermediate/stability/RS-04367379.introns.counts.txt, /vscratch/grp-songyao/pnfioric/pantry/intermediate/stability/RS-04367380.introns.counts.txt, /vscratch/grp-songyao/pnfioric/pantry/intermediate/stability/RS-04367381.introns.counts.txt, /vscratch/grp-songyao/pnfioric/pantry/intermediate/stability/RS-04367382.introns.counts.txt, /vscratch/grp-songyao/pnfioric/pantry/intermediate/stability/RS-04367383.introns.counts.txt, /vscratch/grp-songyao/pnfioric/pantry/intermediate/stability/RS-04367384.introns.counts.txt, /vscratch/grp-songyao/pnfioric/pantry/intermediate/stability/RS-04367385.introns.counts.txt, /vscratch/grp-songyao/pnfioric/pantry/intermediate/stability/RS-04367386.introns.counts.txt, /vscratch/grp-songyao/pnfioric/pantry/intermediate/stability/RS-04367387.introns.counts.txt, /vscratch/grp-songyao/pnfioric/pantry/intermediate/stability/RS-04367388.introns.counts.txt, /vscratch/grp-songyao/pnfioric/pantry/intermediate/stability/RS-04367389.introns.counts.txt, /vscratch/grp-songyao/pnfioric/pantry/intermediate/stability/RS-04367390.introns.counts.txt, /vscratch/grp-songyao/pnfioric/pantry/intermediate/stability/RS-04367391.introns.counts.txt, /vscratch/grp-songyao/pnfioric/pantry/intermediate/stability/RS-04367392.introns.counts.txt, /vscratch/grp-songyao/pnfioric/pantry/intermediate/stability/RS-04367393.introns.counts.txt, /vscratch/grp-songyao/pnfioric/pantry/intermediate/stability/RS-04367394.introns.counts.txt, /vscratch/grp-songyao/pnfioric/pantry/intermediate/stability/RS-04367395.introns.counts.txt, /vscratch/grp-songyao/pnfioric/pantry/intermediate/stability/RS-04367396.introns.counts.txt, /vscratch/grp-songyao/pnfioric/pantry/intermediate/stability/RS-04367397.introns.counts.txt, /vscratch/grp-songyao/pnfioric/pantry/intermediate/stability/RS-04367398.introns.counts.txt, /vscratch/grp-songyao/pnfioric/pantry/intermediate/stability/RS-04367399.introns.counts.txt, /vscratch/grp-songyao/pnfioric/pantry/intermediate/stability/RS-04367400.introns.counts.txt, /vscratch/grp-songyao/pnfioric/pantry/intermediate/stability/RS-04367401.introns.counts.txt, /vscratch/grp-songyao/pnfioric/pantry/intermediate/stability/RS-04367402.introns.counts.txt, /vscratch/grp-songyao/pnfioric/pantry/intermediate/stability/RS-04367403.introns.counts.txt, /vscratch/grp-songyao/pnfioric/pantry/intermediate/stability/RS-04367404.introns.counts.txt, /vscratch/grp-songyao/pnfioric/pantry/intermediate/stability/RS-04367405.introns.counts.txt, /vscratch/grp-songyao/pnfioric/pantry/intermediate/stability/RS-04367406.introns.counts.txt, /vscratch/grp-songyao/pnfioric/pantry/intermediate/stability/RS-04367407.introns.counts.txt, /vscratch/grp-songyao/pnfioric/pantry/intermediate/stability/RS-04367408.introns.counts.txt, /vscratch/grp-songyao/pnfioric/pantry/intermediate/stability/RS-04367409.introns.counts.txt, /vscratch/grp-songyao/pnfioric/pantry/intermediate/stability/RS-04367410.introns.counts.txt, /vscratch/grp-songyao/pnfioric/pantry/intermediate/stability/RS-04367411.introns.counts.txt, /vscratch/grp-songyao/pnfioric/pantry/intermediate/stability/RS-04367412.introns.counts.txt, /vscratch/grp-songyao/pnfioric/pantry/intermediate/stability/RS-04367413.introns.counts.txt, /vscratch/grp-songyao/pnfioric/pantry/intermediate/stability/RS-04367414.introns.counts.txt, /vscratch/grp-songyao/pnfioric/pantry/intermediate/stability/RS-04367415.introns.counts.txt, /vscratch/grp-songyao/pnfioric/pantry/intermediate/stability/RS-04367416.introns.counts.txt, /vscratch/grp-songyao/pnfioric/pantry/intermediate/stability/RS-04367417.introns.counts.txt, /vscratch/grp-songyao/pnfioric/pantry/intermediate/stability/RS-04367418.introns.counts.txt, /vscratch/grp-songyao/pnfioric/pantry/intermediate/stability/RS-04367419.introns.counts.txt, /vscratch/grp-songyao/pnfioric/pantry/intermediate/stability/RS-04367420.introns.counts.txt, /vscratch/grp-songyao/pnfioric/pantry/intermediate/stability/RS-04367421.introns.counts.txt, /vscratch/grp-songyao/pnfioric/pantry/intermediate/stability/RS-04367422.introns.counts.txt, /vscratch/grp-songyao/pnfioric/pantry/intermediate/stability/RS-04367423.introns.counts.txt, /vscratch/grp-songyao/pnfioric/pantry/intermediate/stability/RS-04367424.introns.counts.txt, /vscratch/grp-songyao/pnfioric/pantry/intermediate/stability/RS-04367425.introns.counts.txt, /vscratch/grp-songyao/pnfioric/pantry/intermediate/stability/RS-04367426.introns.counts.txt, /vscratch/grp-songyao/pnfioric/pantry/intermediate/stability/RS-04367427.introns.counts.txt, /vscratch/grp-songyao/pnfioric/pantry/intermediate/stability/RS-04367428.introns.counts.txt, /vscratch/grp-songyao/pnfioric/pantry/intermediate/stability/RS-04367429.introns.counts.txt, /vscratch/grp-songyao/pnfioric/pantry/intermediate/stability/RS-04367430.introns.counts.txt, /vscratch/grp-songyao/pnfioric/pantry/intermediate/stability/RS-04367431.introns.counts.txt, /vscratch/grp-songyao/pnfioric/pantry/intermediate/stability/RS-04367432.introns.counts.txt, /vscratch/grp-songyao/pnfioric/pantry/intermediate/stability/RS-04367433.introns.counts.txt, /vscratch/grp-songyao/pnfioric/pantry/intermediate/stability/RS-04367434.introns.counts.txt, /vscratch/grp-songyao/pnfioric/pantry/intermediate/stability/RS-04367435.introns.counts.txt, /vscratch/grp-songyao/pnfioric/pantry/intermediate/stability/RS-04367436.introns.counts.txt, /vscratch/grp-songyao/pnfioric/pantry/intermediate/stability/RS-04367437.introns.counts.txt, /vscratch/grp-songyao/pnfioric/pantry/intermediate/stability/RS-04367438.introns.counts.txt, /vscratch/grp-songyao/pnfioric/pantry/intermediate/stability/RS-04367439.introns.counts.txt, /vscratch/grp-songyao/pnfioric/pantry/intermediate/stability/RS-04367440.introns.counts.txt, /vscratch/grp-songyao/pnfioric/pantry/intermediate/stability/RS-04367441.introns.counts.txt, /vscratch/grp-songyao/pnfioric/pantry/intermediate/stability/RS-04367442.introns.counts.txt, /vscratch/grp-songyao/pnfioric/pantry/intermediate/stability/RS-04367443.introns.counts.txt, /vscratch/grp-songyao/pnfioric/pantry/intermediate/stability/RS-04367444.introns.counts.txt, /vscratch/grp-songyao/pnfioric/pantry/intermediate/stability/RS-04367445.introns.counts.txt, /vscratch/grp-songyao/pnfioric/pantry/intermediate/stability/RS-04367446.introns.counts.txt, /vscratch/grp-songyao/pnfioric/pantry/intermediate/stability/RS-04367447.introns.counts.txt, /vscratch/grp-songyao/pnfioric/pantry/intermediate/stability/RS-04367448.introns.counts.txt, /vscratch/grp-songyao/pnfioric/pantry/intermediate/stability/RS-04367449.introns.counts.txt, /vscratch/grp-songyao/pnfioric/pantry/intermediate/stability/RS-04367450.introns.counts.txt, /vscratch/grp-songyao/pnfioric/pantry/intermediate/stability/RS-04367451.introns.counts.txt, /vscratch/grp-songyao/pnfioric/pantry/intermediate/stability/RS-04367452.introns.counts.txt, /vscratch/grp-songyao/pnfioric/pantry/intermediate/stability/RS-04367453.introns.counts.txt, /vscratch/grp-songyao/pnfioric/pantry/intermediate/stability/RS-04367454.introns.counts.txt, /vscratch/grp-songyao/pnfioric/pantry/intermediate/stability/RS-04367455.introns.counts.txt, /vscratch/grp-songyao/pnfioric/pantry/intermediate/stability/RS-04367456.introns.counts.txt, /vscratch/grp-songyao/pnfioric/pantry/intermediate/stability/RS-04367457.introns.counts.txt, /vscratch/grp-songyao/pnfioric/pantry/intermediate/stability/RS-04367458.introns.counts.txt, /vscratch/grp-songyao/pnfioric/pantry/intermediate/stability/RS-04367459.introns.counts.txt, /vscratch/grp-songyao/pnfioric/pantry/intermediate/stability/RS-04367460.introns.counts.txt, /vscratch/grp-songyao/pnfioric/pantry/intermediate/stability/RS-04367461.introns.counts.txt, /vscratch/grp-songyao/pnfioric/pantry/intermediate/stability/RS-04367462.introns.counts.txt, /vscratch/grp-songyao/pnfioric/pantry/intermediate/stability/RS-04367463.introns.counts.txt, /vscratch/grp-songyao/pnfioric/pantry/intermediate/stability/RS-04367464.introns.counts.txt, /vscratch/grp-songyao/pnfioric/pantry/intermediate/stability/RS-04367465.introns.counts.txt, /vscratch/grp-songyao/pnfioric/pantry/intermediate/stability/RS-04367466.introns.counts.txt, /vscratch/grp-songyao/pnfioric/pantry/intermediate/stability/RS-04367467.introns.counts.txt, /vscratch/grp-songyao/pnfioric/pantry/intermediate/stability/RS-04367468.introns.counts.txt, /vscratch/grp-songyao/pnfioric/pantry/intermediate/stability/RS-04367469.introns.counts.txt, /vscratch/grp-songyao/pnfioric/pantry/intermediate/stability/RS-04367470.introns.counts.txt, /vscratch/grp-songyao/pnfioric/pantry/intermediate/stability/RS-04367471.introns.counts.txt, /vscratch/grp-songyao/pnfioric/pantry/intermediate/stability/RS-04367472.introns.counts.txt, /vscratch/grp-songyao/pnfioric/pantry/intermediate/stability/RS-04367473.introns.counts.txt, /vscratch/grp-songyao/pnfioric/pantry/intermediate/stability/RS-04367474.introns.counts.txt, /vscratch/grp-songyao/pnfioric/pantry/intermediate/stability/RS-04367475.introns.counts.txt, /vscratch/grp-songyao/pnfioric/pantry/intermediate/stability/RS-04367476.introns.counts.txt, /vscratch/grp-songyao/pnfioric/pantry/intermediate/stability/RS-04367477.introns.counts.txt, /vscratch/grp-songyao/pnfioric/pantry/intermediate/stability/RS-04367478.introns.counts.txt, /vscratch/grp-songyao/pnfioric/pantry/intermediate/stability/RS-04367479.introns.counts.txt, /vscratch/grp-songyao/pnfioric/pantry/intermediate/stability/RS-04367480.introns.counts.txt, /vscratch/grp-songyao/pnfioric/pantry/intermediate/stability/RS-04367481.introns.counts.txt, /vscratch/grp-songyao/pnfioric/pantry/intermediate/stability/RS-04367482.introns.counts.txt, /vscratch/grp-songyao/pnfioric/pantry/intermediate/stability/RS-04367483.introns.counts.txt, /vscratch/grp-songyao/pnfioric/pantry/intermediate/stability/RS-04367484.introns.counts.txt, /vscratch/grp-songyao/pnfioric/pantry/intermediate/stability/RS-04367485.introns.counts.txt, /vscratch/grp-songyao/pnfioric/pantry/intermediate/stability/RS-04367486.introns.counts.txt, /vscratch/grp-songyao/pnfioric/pantry/intermediate/stability/RS-04367487.introns.counts.txt, /vscratch/grp-songyao/pnfioric/pantry/intermediate/stability/RS-04367488.introns.counts.txt, /vscratch/grp-songyao/pnfioric/pantry/intermediate/stability/RS-04367489.introns.counts.txt, /vscratch/grp-songyao/pnfioric/pantry/intermediate/stability/RS-04367490.introns.counts.txt, /vscratch/grp-songyao/pnfioric/pantry/intermediate/stability/RS-04367491.introns.counts.txt, /vscratch/grp-songyao/pnfioric/pantry/intermediate/stability/RS-04367492.introns.counts.txt, /vscratch/grp-songyao/pnfioric/pantry/intermediate/stability/RS-04367493.introns.counts.txt, /vscratch/grp-songyao/pnfioric/pantry/intermediate/stability/RS-04367494.introns.counts.txt, /vscratch/grp-songyao/pnfioric/pantry/intermediate/stability/RS-04367495.introns.counts.txt, /vscratch/grp-songyao/pnfioric/pantry/intermediate/stability/RS-04367496.introns.counts.txt, /vscratch/grp-songyao/pnfioric/pantry/intermediate/stability/RS-04367497.introns.counts.txt, /vscratch/grp-songyao/pnfioric/pantry/intermediate/stability/RS-04367498.introns.counts.txt, /vscratch/grp-songyao/pnfioric/pantry/intermediate/stability/RS-04367499.introns.counts.txt, /vscratch/grp-songyao/pnfioric/pantry/intermediate/stability/RS-04367500.introns.counts.txt, /vscratch/grp-songyao/pnfioric/pantry/intermediate/stability/RS-04367501.introns.counts.txt, /vscratch/grp-songyao/pnfioric/pantry/intermediate/stability/RS-04367502.introns.counts.txt, /vscratch/grp-songyao/pnfioric/pantry/intermediate/stability/RS-04367503.introns.counts.txt, /vscratch/grp-songyao/pnfioric/pantry/intermediate/stability/RS-04367504.introns.counts.txt, /vscratch/grp-songyao/pnfioric/pantry/intermediate/stability/RS-04367505.introns.counts.txt, /vscratch/grp-songyao/pnfioric/pantry/intermediate/stability/RS-04367506.introns.counts.txt, /vscratch/grp-songyao/pnfioric/pantry/intermediate/stability/RS-04367507.introns.counts.txt, /vscratch/grp-songyao/pnfioric/pantry/intermediate/stability/RS-04367508.introns.counts.txt, /vscratch/grp-songyao/pnfioric/pantry/intermediate/stability/RS-04367509.introns.counts.txt, /vscratch/grp-songyao/pnfioric/pantry/intermediate/stability/RS-04367510.introns.counts.txt, /vscratch/grp-songyao/pnfioric/pantry/intermediate/stability/RS-04367511.introns.counts.txt, /vscratch/grp-songyao/pnfioric/pantry/intermediate/stability/RS-04367512.introns.counts.txt, /vscratch/grp-songyao/pnfioric/pantry/intermediate/stability/RS-04367513.introns.counts.txt, /vscratch/grp-songyao/pnfioric/pantry/intermediate/stability/RS-04367514.introns.counts.txt, /vscratch/grp-songyao/pnfioric/pantry/intermediate/stability/RS-04367515.introns.counts.txt, /vscratch/grp-songyao/pnfioric/pantry/intermediate/stability/RS-04367516.introns.counts.txt, /vscratch/grp-songyao/pnfioric/pantry/intermediate/stability/RS-04367517.introns.counts.txt, /vscratch/grp-songyao/pnfioric/pantry/intermediate/stability/RS-04367518.introns.counts.txt, /vscratch/grp-songyao/pnfioric/pantry/intermediate/stability/RS-04367519.introns.counts.txt, /vscratch/grp-songyao/pnfioric/pantry/intermediate/stability/RS-04367520.introns.counts.txt, /vscratch/grp-songyao/pnfioric/pantry/intermediate/stability/RS-04367521.introns.counts.txt, /vscratch/grp-songyao/pnfioric/pantry/intermediate/stability/RS-04367522.introns.counts.txt, /vscratch/grp-songyao/pnfioric/pantry/intermediate/stability/RS-04367523.introns.counts.txt, /vscratch/grp-songyao/pnfioric/pantry/intermediate/stability/RS-04367524.introns.counts.txt, /vscratch/grp-songyao/pnfioric/pantry/intermediate/stability/RS-04367525.introns.counts.txt, /vscratch/grp-songyao/pnfioric/pantry/intermediate/stability/RS-04367526.introns.counts.txt, /vscratch/grp-songyao/pnfioric/pantry/intermediate/stability/RS-04378608.introns.counts.txt, /vscratch/grp-songyao/pnfioric/pantry/intermediate/stability/RS-04378609.introns.counts.txt, /vscratch/grp-songyao/pnfioric/pantry/intermediate/stability/RS-04378610.introns.counts.txt, /vscratch/grp-songyao/pnfioric/pantry/intermediate/stability/RS-04378611.introns.counts.txt, /vscratch/grp-songyao/pnfioric/pantry/intermediate/stability/RS-04378612.introns.counts.txt, /vscratch/grp-songyao/pnfioric/pantry/intermediate/stability/RS-04378613.introns.counts.txt, /vscratch/grp-songyao/pnfioric/pantry/intermediate/stability/RS-04378614.introns.counts.txt, /vscratch/grp-songyao/pnfioric/pantry/intermediate/stability/RS-04378615.introns.counts.txt, /vscratch/grp-songyao/pnfioric/pantry/intermediate/stability/RS-04378616.introns.counts.txt, /vscratch/grp-songyao/pnfioric/pantry/intermediate/stability/RS-04378617.introns.counts.txt, /vscratch/grp-songyao/pnfioric/pantry/intermediate/stability/RS-04378618.introns.counts.txt, /vscratch/grp-songyao/pnfioric/pantry/intermediate/stability/RS-04378619.introns.counts.txt, /vscratch/grp-songyao/pnfioric/pantry/intermediate/stability/RS-04378620.introns.counts.txt, /vscratch/grp-songyao/pnfioric/pantry/intermediate/stability/RS-04378621.introns.counts.txt, /vscratch/grp-songyao/pnfioric/pantry/intermediate/stability/RS-04378622.introns.counts.txt, /vscratch/grp-songyao/pnfioric/pantry/intermediate/stability/RS-04378623.introns.counts.txt, /vscratch/grp-songyao/pnfioric/pantry/intermediate/stability/RS-04378624.introns.counts.txt, /vscratch/grp-songyao/pnfioric/pantry/intermediate/stability/RS-04378625.introns.counts.txt, /vscratch/grp-songyao/pnfioric/pantry/intermediate/stability/RS-04378626.introns.counts.txt, /vscratch/grp-songyao/pnfioric/pantry/intermediate/stability/RS-04378627.introns.counts.txt, /vscratch/grp-songyao/pnfioric/pantry/intermediate/stability/RS-04378628.introns.counts.txt, /vscratch/grp-songyao/pnfioric/pantry/intermediate/stability/RS-04378629.introns.counts.txt, /vscratch/grp-songyao/pnfioric/pantry/intermediate/stability/RS-04378630.introns.counts.txt, /vscratch/grp-songyao/pnfioric/pantry/intermediate/stability/RS-04378631.introns.counts.txt, /vscratch/grp-songyao/pnfioric/pantry/intermediate/stability/RS-04378632.introns.counts.txt, /vscratch/grp-songyao/pnfioric/pantry/intermediate/stability/RS-04378633.introns.counts.txt, /vscratch/grp-songyao/pnfioric/pantry/intermediate/stability/RS-04378634.introns.counts.txt, /vscratch/grp-songyao/pnfioric/pantry/intermediate/stability/RS-04378635.introns.counts.txt, /vscratch/grp-songyao/pnfioric/pantry/intermediate/stability/RS-04378636.introns.counts.txt, /vscratch/grp-songyao/pnfioric/pantry/intermediate/stability/RS-04378637.introns.counts.txt, /vscratch/grp-songyao/pnfioric/pantry/intermediate/stability/RS-04378638.introns.counts.txt, /vscratch/grp-songyao/pnfioric/pantry/intermediate/stability/RS-04378639.introns.counts.txt, /vscratch/grp-songyao/pnfioric/pantry/intermediate/stability/RS-04378640.introns.counts.txt, /vscratch/grp-songyao/pnfioric/pantry/intermediate/stability/RS-04378641.introns.counts.txt, /vscratch/grp-songyao/pnfioric/pantry/intermediate/stability/RS-04378642.introns.counts.txt, /vscratch/grp-songyao/pnfioric/pantry/intermediate/stability/RS-04378643.introns.counts.txt, /vscratch/grp-songyao/pnfioric/pantry/intermediate/stability/RS-04378644.introns.counts.txt, /vscratch/grp-songyao/pnfioric/pantry/intermediate/stability/RS-04378645.introns.counts.txt, /vscratch/grp-songyao/pnfioric/pantry/intermediate/stability/RS-04378646.introns.counts.txt, /vscratch/grp-songyao/pnfioric/pantry/intermediate/stability/RS-04378647.introns.counts.txt, /vscratch/grp-songyao/pnfioric/pantry/intermediate/stability/RS-04378648.introns.counts.txt, /vscratch/grp-songyao/pnfioric/pantry/intermediate/stability/RS-04378649.introns.counts.txt, /vscratch/grp-songyao/pnfioric/pantry/intermediate/stability/RS-04378650.introns.counts.txt, /vscratch/grp-songyao/pnfioric/pantry/intermediate/stability/RS-04378651.introns.counts.txt, /vscratch/grp-songyao/pnfioric/pantry/intermediate/stability/RS-04378652.introns.counts.txt, /vscratch/grp-songyao/pnfioric/pantry/intermediate/stability/RS-04378653.introns.counts.txt, /vscratch/grp-songyao/pnfioric/pantry/intermediate/stability/RS-04378654.introns.counts.txt, /vscratch/grp-songyao/pnfioric/pantry/intermediate/stability/RS-04378655.introns.counts.txt, /vscratch/grp-songyao/pnfioric/pantry/intermediate/stability/RS-04378656.introns.counts.txt, /vscratch/grp-songyao/pnfioric/pantry/intermediate/stability/RS-04378657.introns.counts.txt, /vscratch/grp-songyao/pnfioric/pantry/intermediate/stability/RS-04378658.introns.counts.txt, /vscratch/grp-songyao/pnfioric/pantry/intermediate/stability/RS-04378659.introns.counts.txt, /vscratch/grp-songyao/pnfioric/pantry/intermediate/stability/RS-04378660.introns.counts.txt, /vscratch/grp-songyao/pnfioric/pantry/intermediate/stability/RS-04378661.introns.counts.txt, /vscratch/grp-songyao/pnfioric/pantry/intermediate/stability/RS-04378662.introns.counts.txt, /vscratch/grp-songyao/pnfioric/pantry/intermediate/stability/RS-04378663.introns.counts.txt, /vscratch/grp-songyao/pnfioric/pantry/intermediate/stability/RS-04378664.introns.counts.txt, /vscratch/grp-songyao/pnfioric/pantry/intermediate/stability/RS-04378665.introns.counts.txt, /vscratch/grp-songyao/pnfioric/pantry/intermediate/stability/RS-04378666.introns.counts.txt, /vscratch/grp-songyao/pnfioric/pantry/intermediate/stability/RS-04378667.introns.counts.txt, /vscratch/grp-songyao/pnfioric/pantry/intermediate/stability/RS-04378668.introns.counts.txt, /vscratch/grp-songyao/pnfioric/pantry/intermediate/stability/RS-04378669.introns.counts.txt, /vscratch/grp-songyao/pnfioric/pantry/intermediate/stability/RS-04378670.introns.counts.txt, /vscratch/grp-songyao/pnfioric/pantry/intermediate/stability/RS-04378671.introns.counts.txt, /vscratch/grp-songyao/pnfioric/pantry/intermediate/stability/RS-04378672.introns.counts.txt, /vscratch/grp-songyao/pnfioric/pantry/intermediate/stability/RS-04378673.introns.counts.txt, /vscratch/grp-songyao/pnfioric/pantry/intermediate/stability/RS-04378674.introns.counts.txt, /vscratch/grp-songyao/pnfioric/pantry/intermediate/stability/RS-04378675.introns.counts.txt, /vscratch/grp-songyao/pnfioric/pantry/intermediate/stability/RS-04378676.introns.counts.txt, /vscratch/grp-songyao/pnfioric/pantry/intermediate/stability/RS-04378677.introns.counts.txt, /vscratch/grp-songyao/pnfioric/pantry/intermediate/stability/RS-04378678.introns.counts.txt, /vscratch/grp-songyao/pnfioric/pantry/intermediate/stability/RS-04378679.introns.counts.txt, /vscratch/grp-songyao/pnfioric/pantry/intermediate/stability/RS-04378680.introns.counts.txt, /vscratch/grp-songyao/pnfioric/pantry/intermediate/stability/RS-04378681.introns.counts.txt, /vscratch/grp-songyao/pnfioric/pantry/intermediate/stability/RS-04378682.introns.counts.txt, /vscratch/grp-songyao/pnfioric/pantry/intermediate/stability/RS-04378683.introns.counts.txt, /vscratch/grp-songyao/pnfioric/pantry/intermediate/stability/RS-04378684.introns.counts.txt, /vscratch/grp-songyao/pnfioric/pantry/intermediate/stability/RS-04378685.introns.counts.txt, /vscratch/grp-songyao/pnfioric/pantry/intermediate/stability/RS-04378686.introns.counts.txt, /vscratch/grp-songyao/pnfioric/pantry/intermediate/stability/RS-04378687.introns.counts.txt, /vscratch/grp-songyao/pnfioric/pantry/intermediate/stability/RS-04378688.introns.counts.txt, /vscratch/grp-songyao/pnfioric/pantry/intermediate/stability/RS-04378689.introns.counts.txt, /vscratch/grp-songyao/pnfioric/pantry/intermediate/stability/RS-04378690.introns.counts.txt, /vscratch/grp-songyao/pnfioric/pantry/intermediate/stability/RS-04378691.introns.counts.txt, /vscratch/grp-songyao/pnfioric/pantry/intermediate/stability/RS-04378692.introns.counts.txt, /vscratch/grp-songyao/pnfioric/pantry/intermediate/stability/RS-04378693.introns.counts.txt, /vscratch/grp-songyao/pnfioric/pantry/intermediate/stability/RS-04378694.introns.counts.txt, /vscratch/grp-songyao/pnfioric/pantry/intermediate/stability/RS-04378695.introns.counts.txt, /vscratch/grp-songyao/pnfioric/pantry/intermediate/stability/RS-04378696.introns.counts.txt, /vscratch/grp-songyao/pnfioric/pantry/intermediate/stability/RS-04378697.introns.counts.txt, /vscratch/grp-songyao/pnfioric/pantry/intermediate/stability/RS-04378698.introns.counts.txt, /vscratch/grp-songyao/pnfioric/pantry/intermediate/stability/RS-04378699.introns.counts.txt, /vscratch/grp-songyao/pnfioric/pantry/intermediate/stability/RS-04378700.introns.counts.txt, /vscratch/grp-songyao/pnfioric/pantry/intermediate/stability/RS-04378701.introns.counts.txt, /vscratch/grp-songyao/pnfioric/pantry/intermediate/stability/RS-04378702.introns.counts.txt, /vscratch/grp-songyao/pnfioric/pantry/intermediate/stability/RS-04378703.introns.counts.txt, /vscratch/grp-songyao/pnfioric/pantry/intermediate/stability/RS-04378704.introns.counts.txt, /vscratch/grp-songyao/pnfioric/pantry/intermediate/stability/RS-04378705.introns.counts.txt, /vscratch/grp-songyao/pnfioric/pantry/intermediate/stability/RS-04378706.introns.counts.txt, /vscratch/grp-songyao/pnfioric/pantry/intermediate/stability/RS-04378707.introns.counts.txt, /vscratch/grp-songyao/pnfioric/pantry/intermediate/stability/RS-04378708.introns.counts.txt, /vscratch/grp-songyao/pnfioric/pantry/intermediate/stability/RS-04378709.introns.counts.txt, /vscratch/grp-songyao/pnfioric/pantry/intermediate/stability/RS-04378710.introns.counts.txt, /vscratch/grp-songyao/pnfioric/pantry/intermediate/stability/RS-04378711.introns.counts.txt, /vscratch/grp-songyao/pnfioric/pantry/intermediate/stability/RS-04378712.introns.counts.txt, /vscratch/grp-songyao/pnfioric/pantry/intermediate/stability/RS-04378713.introns.counts.txt, /vscratch/grp-songyao/pnfioric/pantry/intermediate/stability/RS-04378714.introns.counts.txt, /vscratch/grp-songyao/pnfioric/pantry/intermediate/stability/RS-04378715.introns.counts.txt, /vscratch/grp-songyao/pnfioric/pantry/intermediate/stability/RS-04378716.introns.counts.txt, /vscratch/grp-songyao/pnfioric/pantry/intermediate/stability/RS-04378717.introns.counts.txt, /vscratch/grp-songyao/pnfioric/pantry/intermediate/stability/RS-04378718.introns.counts.txt, /vscratch/grp-songyao/pnfioric/pantry/intermediate/stability/RS-04378719.introns.counts.txt, /vscratch/grp-songyao/pnfioric/pantry/intermediate/stability/RS-04378720.introns.counts.txt, /vscratch/grp-songyao/pnfioric/pantry/intermediate/stability/RS-04378721.introns.counts.txt, /vscratch/grp-songyao/pnfioric/pantry/intermediate/stability/RS-04378722.introns.counts.txt, /vscratch/grp-songyao/pnfioric/pantry/intermediate/stability/RS-04378723.introns.counts.txt, /vscratch/grp-songyao/pnfioric/pantry/intermediate/stability/RS-04378724.introns.counts.txt, /vscratch/grp-songyao/pnfioric/pantry/intermediate/stability/RS-04378725.introns.counts.txt, /vscratch/grp-songyao/pnfioric/pantry/intermediate/stability/RS-04378726.introns.counts.txt, /vscratch/grp-songyao/pnfioric/pantry/intermediate/stability/RS-04378727.introns.counts.txt, /vscratch/grp-songyao/pnfioric/pantry/intermediate/stability/RS-04378728.introns.counts.txt, /vscratch/grp-songyao/pnfioric/pantry/intermediate/stability/RS-04378729.introns.counts.txt, /vscratch/grp-songyao/pnfioric/pantry/intermediate/stability/RS-04378730.introns.counts.txt, /vscratch/grp-songyao/pnfioric/pantry/intermediate/stability/RS-04378731.introns.counts.txt, /vscratch/grp-songyao/pnfioric/pantry/intermediate/stability/RS-04378732.introns.counts.txt, /vscratch/grp-songyao/pnfioric/pantry/intermediate/stability/RS-04378733.introns.counts.txt, /vscratch/grp-songyao/pnfioric/pantry/intermediate/stability/RS-04378734.introns.counts.txt, /vscratch/grp-songyao/pnfioric/pantry/intermediate/stability/RS-04378735.introns.counts.txt, /vscratch/grp-songyao/pnfioric/pantry/intermediate/stability/RS-04378736.introns.counts.txt, /vscratch/grp-songyao/pnfioric/pantry/intermediate/stability/RS-04378737.introns.counts.txt, /vscratch/grp-songyao/pnfioric/pantry/intermediate/stability/RS-04378738.introns.counts.txt, /vscratch/grp-songyao/pnfioric/pantry/intermediate/stability/RS-04378739.introns.counts.txt, /vscratch/grp-songyao/pnfioric/pantry/intermediate/stability/RS-04378740.introns.counts.txt, /vscratch/grp-songyao/pnfioric/pantry/intermediate/stability/RS-04378741.introns.counts.txt, /vscratch/grp-songyao/pnfioric/pantry/intermediate/stability/RS-04378742.introns.counts.txt, /vscratch/grp-songyao/pnfioric/pantry/intermediate/stability/RS-04378743.introns.counts.txt, /vscratch/grp-songyao/pnfioric/pantry/intermediate/stability/RS-04378744.introns.counts.txt, /vscratch/grp-songyao/pnfioric/pantry/intermediate/stability/RS-04378745.introns.counts.txt, /vscratch/grp-songyao/pnfioric/pantry/intermediate/stability/RS-04378746.introns.counts.txt, /vscratch/grp-songyao/pnfioric/pantry/intermediate/stability/RS-04378747.introns.counts.txt, /vscratch/grp-songyao/pnfioric/pantry/intermediate/stability/RS-04378748.introns.counts.txt, /vscratch/grp-songyao/pnfioric/pantry/intermediate/stability/RS-04378749.introns.counts.txt, /vscratch/grp-songyao/pnfioric/pantry/intermediate/stability/RS-04378750.introns.counts.txt, /vscratch/grp-songyao/pnfioric/pantry/intermediate/stability/RS-04378751.introns.counts.txt, /vscratch/grp-songyao/pnfioric/pantry/intermediate/stability/RS-04378752.introns.counts.txt, /vscratch/grp-songyao/pnfioric/pantry/intermediate/stability/RS-04378753.introns.counts.txt, /vscratch/grp-songyao/pnfioric/pantry/intermediate/stability/RS-04378754.introns.counts.txt, /vscratch/grp-songyao/pnfioric/pantry/intermediate/stability/RS-04378755.introns.counts.txt, /vscratch/grp-songyao/pnfioric/pantry/intermediate/stability/RS-04378756.introns.counts.txt, /vscratch/grp-songyao/pnfioric/pantry/intermediate/stability/RS-04378757.introns.counts.txt, /vscratch/grp-songyao/pnfioric/pantry/intermediate/stability/RS-04378758.introns.counts.txt, /vscratch/grp-songyao/pnfioric/pantry/intermediate/stability/RS-04378759.introns.counts.txt, /vscratch/grp-songyao/pnfioric/pantry/intermediate/stability/RS-04378760.introns.counts.txt, /vscratch/grp-songyao/pnfioric/pantry/intermediate/stability/RS-04378761.introns.counts.txt, /vscratch/grp-songyao/pnfioric/pantry/intermediate/stability/RS-04378762.introns.counts.txt, /vscratch/grp-songyao/pnfioric/pantry/intermediate/stability/RS-04378763.introns.counts.txt, /vscratch/grp-songyao/pnfioric/pantry/intermediate/stability/RS-04378764.introns.counts.txt, /vscratch/grp-songyao/pnfioric/pantry/intermediate/stability/RS-04378765.introns.counts.txt, /vscratch/grp-songyao/pnfioric/pantry/intermediate/stability/RS-04378766.introns.counts.txt, /vscratch/grp-songyao/pnfioric/pantry/intermediate/stability/RS-04378767.introns.counts.txt, /vscratch/grp-songyao/pnfioric/pantry/intermediate/stability/RS-04378768.introns.counts.txt, /vscratch/grp-songyao/pnfioric/pantry/intermediate/stability/RS-04378769.introns.counts.txt, /vscratch/grp-songyao/pnfioric/pantry/intermediate/stability/RS-04378770.introns.counts.txt, /vscratch/grp-songyao/pnfioric/pantry/intermediate/stability/RS-04378771.introns.counts.txt, /vscratch/grp-songyao/pnfioric/pantry/intermediate/stability/RS-04378772.introns.counts.txt, /vscratch/grp-songyao/pnfioric/pantry/intermediate/stability/RS-04378773.introns.counts.txt, /vscratch/grp-songyao/pnfioric/pantry/intermediate/stability/RS-04378774.introns.counts.txt, /vscratch/grp-songyao/pnfioric/pantry/intermediate/stability/RS-04378775.introns.counts.txt, /vscratch/grp-songyao/pnfioric/pantry/intermediate/stability/RS-04378776.introns.counts.txt, /vscratch/grp-songyao/pnfioric/pantry/intermediate/stability/RS-04378777.introns.counts.txt, /vscratch/grp-songyao/pnfioric/pantry/intermediate/stability/RS-04378778.introns.counts.txt, /vscratch/grp-songyao/pnfioric/pantry/intermediate/stability/RS-04378779.introns.counts.txt, /vscratch/grp-songyao/pnfioric/pantry/intermediate/stability/RS-04378780.introns.counts.txt, /vscratch/grp-songyao/pnfioric/pantry/intermediate/stability/RS-04378781.introns.counts.txt, /vscratch/grp-songyao/pnfioric/pantry/intermediate/stability/RS-04378782.introns.counts.txt, /vscratch/grp-songyao/pnfioric/pantry/intermediate/stability/RS-04378783.introns.counts.txt, /vscratch/grp-songyao/pnfioric/pantry/intermediate/stability/RS-04378784.introns.counts.txt, /vscratch/grp-songyao/pnfioric/pantry/intermediate/stability/RS-04378785.introns.counts.txt, /vscratch/grp-songyao/pnfioric/pantry/intermediate/stability/RS-04378786.introns.counts.txt, /vscratch/grp-songyao/pnfioric/pantry/intermediate/stability/RS-04378787.introns.counts.txt, /vscratch/grp-songyao/pnfioric/pantry/intermediate/stability/RS-04378788.introns.counts.txt, /vscratch/grp-songyao/pnfioric/pantry/intermediate/stability/RS-04378789.introns.counts.txt, /vscratch/grp-songyao/pnfioric/pantry/intermediate/stability/RS-04378790.introns.counts.txt, /vscratch/grp-songyao/pnfioric/pantry/intermediate/stability/RS-04378791.introns.counts.txt, /vscratch/grp-songyao/pnfioric/pantry/intermediate/stability/RS-04378792.introns.counts.txt, /vscratch/grp-songyao/pnfioric/pantry/intermediate/stability/RS-04378793.introns.counts.txt, /vscratch/grp-songyao/pnfioric/pantry/intermediate/stability/RS-04378794.introns.counts.txt, /vscratch/grp-songyao/pnfioric/pantry/intermediate/stability/RS-04378795.introns.counts.txt, /vscratch/grp-songyao/pnfioric/pantry/intermediate/stability/RS-04378796.introns.counts.txt, /vscratch/grp-songyao/pnfioric/pantry/intermediate/stability/RS-04378797.introns.counts.txt, /vscratch/grp-songyao/pnfioric/pantry/intermediate/stability/RS-04378798.introns.counts.txt, /vscratch/grp-songyao/pnfioric/pantry/intermediate/stability/RS-04378799.introns.counts.txt, /vscratch/grp-songyao/pnfioric/pantry/intermediate/stability/RS-04396631.introns.counts.txt, /vscratch/grp-songyao/pnfioric/pantry/intermediate/stability/RS-04396632.introns.counts.txt, /vscratch/grp-songyao/pnfioric/pantry/intermediate/stability/RS-04396633.introns.counts.txt, /vscratch/grp-songyao/pnfioric/pantry/intermediate/stability/RS-04396634.introns.counts.txt, /vscratch/grp-songyao/pnfioric/pantry/intermediate/stability/RS-04396635.introns.counts.txt, /vscratch/grp-songyao/pnfioric/pantry/intermediate/stability/RS-04396636.introns.counts.txt, /vscratch/grp-songyao/pnfioric/pantry/intermediate/stability/RS-04396637.introns.counts.txt, /vscratch/grp-songyao/pnfioric/pantry/intermediate/stability/RS-04396638.introns.counts.txt, /vscratch/grp-songyao/pnfioric/pantry/intermediate/stability/RS-04396639.introns.counts.txt, /vscratch/grp-songyao/pnfioric/pantry/intermediate/stability/RS-04396640.introns.counts.txt, /vscratch/grp-songyao/pnfioric/pantry/intermediate/stability/RS-04396641.introns.counts.txt, /vscratch/grp-songyao/pnfioric/pantry/intermediate/stability/RS-04396642.introns.counts.txt, /vscratch/grp-songyao/pnfioric/pantry/intermediate/stability/RS-04396643.introns.counts.txt, /vscratch/grp-songyao/pnfioric/pantry/intermediate/stability/RS-04396644.introns.counts.txt, /vscratch/grp-songyao/pnfioric/pantry/intermediate/stability/RS-04396645.introns.counts.txt, /vscratch/grp-songyao/pnfioric/pantry/intermediate/stability/RS-04396646.introns.counts.txt, /vscratch/grp-songyao/pnfioric/pantry/intermediate/stability/RS-04396647.introns.counts.txt, /vscratch/grp-songyao/pnfioric/pantry/intermediate/stability/RS-04396648.introns.counts.txt, /vscratch/grp-songyao/pnfioric/pantry/intermediate/stability/RS-04396649.introns.counts.txt, /vscratch/grp-songyao/pnfioric/pantry/intermediate/stability/RS-04396650.introns.counts.txt, /vscratch/grp-songyao/pnfioric/pantry/intermediate/stability/RS-04396651.introns.counts.txt, /vscratch/grp-songyao/pnfioric/pantry/intermediate/stability/RS-04396652.introns.counts.txt, /vscratch/grp-songyao/pnfioric/pantry/intermediate/stability/RS-04396653.introns.counts.txt, /vscratch/grp-songyao/pnfioric/pantry/intermediate/stability/RS-04396654.introns.counts.txt, /vscratch/grp-songyao/pnfioric/pantry/intermediate/stability/RS-04396655.introns.counts.txt, /vscratch/grp-songyao/pnfioric/pantry/intermediate/stability/RS-04396656.introns.counts.txt, /vscratch/grp-songyao/pnfioric/pantry/intermediate/stability/RS-04396657.introns.counts.txt, /vscratch/grp-songyao/pnfioric/pantry/intermediate/stability/RS-04396658.introns.counts.txt, /vscratch/grp-songyao/pnfioric/pantry/intermediate/stability/RS-04396659.introns.counts.txt, /vscratch/grp-songyao/pnfioric/pantry/intermediate/stability/RS-04396660.introns.counts.txt, /vscratch/grp-songyao/pnfioric/pantry/intermediate/stability/RS-04396661.introns.counts.txt, /vscratch/grp-songyao/pnfioric/pantry/intermediate/stability/RS-04396662.introns.counts.txt, /vscratch/grp-songyao/pnfioric/pantry/intermediate/stability/RS-04396663.introns.counts.txt, /vscratch/grp-songyao/pnfioric/pantry/intermediate/stability/RS-04396664.introns.counts.txt, /vscratch/grp-songyao/pnfioric/pantry/intermediate/stability/RS-04396665.introns.counts.txt, /vscratch/grp-songyao/pnfioric/pantry/intermediate/stability/RS-04396666.introns.counts.txt, /vscratch/grp-songyao/pnfioric/pantry/intermediate/stability/RS-04396667.introns.counts.txt, /vscratch/grp-songyao/pnfioric/pantry/intermediate/stability/RS-04396668.introns.counts.txt, /vscratch/grp-songyao/pnfioric/pantry/intermediate/stability/RS-04396669.introns.counts.txt, /vscratch/grp-songyao/pnfioric/pantry/intermediate/stability/RS-04396670.introns.counts.txt, /vscratch/grp-songyao/pnfioric/pantry/intermediate/stability/RS-04396671.introns.counts.txt, /vscratch/grp-songyao/pnfioric/pantry/intermediate/stability/RS-04396672.introns.counts.txt, /vscratch/grp-songyao/pnfioric/pantry/intermediate/stability/RS-04396673.introns.counts.txt, /vscratch/grp-songyao/pnfioric/pantry/intermediate/stability/RS-04396674.introns.counts.txt, /vscratch/grp-songyao/pnfioric/pantry/intermediate/stability/RS-04396675.introns.counts.txt, /vscratch/grp-songyao/pnfioric/pantry/intermediate/stability/RS-04396676.introns.counts.txt, /vscratch/grp-songyao/pnfioric/pantry/intermediate/stability/RS-04396677.introns.counts.txt, /vscratch/grp-songyao/pnfioric/pantry/intermediate/stability/RS-04396678.introns.counts.txt, /vscratch/grp-songyao/pnfioric/pantry/intermediate/stability/RS-04396697.introns.counts.txt, /vscratch/grp-songyao/pnfioric/pantry/intermediate/stability/RS-04396698.introns.counts.txt, /vscratch/grp-songyao/pnfioric/pantry/intermediate/stability/RS-04396699.introns.counts.txt, /vscratch/grp-songyao/pnfioric/pantry/intermediate/stability/RS-04396700.introns.counts.txt, /vscratch/grp-songyao/pnfioric/pantry/intermediate/stability/RS-04396701.introns.counts.txt, /vscratch/grp-songyao/pnfioric/pantry/intermediate/stability/RS-04396702.introns.counts.txt, /vscratch/grp-songyao/pnfioric/pantry/intermediate/stability/RS-04396703.introns.counts.txt, /vscratch/grp-songyao/pnfioric/pantry/intermediate/stability/RS-04396704.introns.counts.txt, /vscratch/grp-songyao/pnfioric/pantry/intermediate/stability/RS-04396705.introns.counts.txt, /vscratch/grp-songyao/pnfioric/pantry/intermediate/stability/RS-04396706.introns.counts.txt, /vscratch/grp-songyao/pnfioric/pantry/intermediate/stability/RS-04396707.introns.counts.txt, /vscratch/grp-songyao/pnfioric/pantry/intermediate/stability/RS-04396708.introns.counts.txt, /vscratch/grp-songyao/pnfioric/pantry/intermediate/stability/RS-04396709.introns.counts.txt, /vscratch/grp-songyao/pnfioric/pantry/intermediate/stability/RS-04396710.introns.counts.txt, /vscratch/grp-songyao/pnfioric/pantry/intermediate/stability/RS-04396711.introns.counts.txt, /vscratch/grp-songyao/pnfioric/pantry/intermediate/stability/RS-04396712.introns.counts.txt, /vscratch/grp-songyao/pnfioric/pantry/intermediate/stability/RS-04396713.introns.counts.txt, /vscratch/grp-songyao/pnfioric/pantry/intermediate/stability/RS-04396714.introns.counts.txt, /vscratch/grp-songyao/pnfioric/pantry/intermediate/stability/RS-04396715.introns.counts.txt, /vscratch/grp-songyao/pnfioric/pantry/intermediate/stability/RS-04396716.introns.counts.txt, /vscratch/grp-songyao/pnfioric/pantry/intermediate/stability/RS-04396717.introns.counts.txt, /vscratch/grp-songyao/pnfioric/pantry/intermediate/stability/RS-04396718.introns.counts.txt, /vscratch/grp-songyao/pnfioric/pantry/intermediate/stability/RS-04396719.introns.counts.txt, /vscratch/grp-songyao/pnfioric/pantry/intermediate/stability/RS-04396720.introns.counts.txt, /vscratch/grp-songyao/pnfioric/pantry/intermediate/stability/RS-04396721.introns.counts.txt, /vscratch/grp-songyao/pnfioric/pantry/intermediate/stability/RS-04396722.introns.counts.txt, /vscratch/grp-songyao/pnfioric/pantry/intermediate/stability/RS-04396723.introns.counts.txt, /vscratch/grp-songyao/pnfioric/pantry/intermediate/stability/RS-04396724.introns.counts.txt, /vscratch/grp-songyao/pnfioric/pantry/intermediate/stability/RS-04396725.introns.counts.txt, /vscratch/grp-songyao/pnfioric/pantry/intermediate/stability/RS-04396726.introns.counts.txt, /vscratch/grp-songyao/pnfioric/pantry/intermediate/stability/RS-04396727.introns.counts.txt, /vscratch/grp-songyao/pnfioric/pantry/intermediate/stability/RS-04396728.introns.counts.txt, /vscratch/grp-songyao/pnfioric/pantry/intermediate/stability/RS-04396729.introns.counts.txt, /vscratch/grp-songyao/pnfioric/pantry/intermediate/stability/RS-04396730.introns.counts.txt, /vscratch/grp-songyao/pnfioric/pantry/intermediate/stability/RS-04396731.introns.counts.txt, /vscratch/grp-songyao/pnfioric/pantry/intermediate/stability/RS-04396732.introns.counts.txt, /vscratch/grp-songyao/pnfioric/pantry/intermediate/stability/RS-04396733.introns.counts.txt, /vscratch/grp-songyao/pnfioric/pantry/intermediate/stability/RS-04396734.introns.counts.txt, /vscratch/grp-songyao/pnfioric/pantry/intermediate/stability/RS-04396735.introns.counts.txt, /vscratch/grp-songyao/pnfioric/pantry/intermediate/stability/RS-04396736.introns.counts.txt, /vscratch/grp-songyao/pnfioric/pantry/intermediate/stability/RS-04396737.introns.counts.txt, /vscratch/grp-songyao/pnfioric/pantry/intermediate/stability/RS-04396738.introns.counts.txt, /vscratch/grp-songyao/pnfioric/pantry/intermediate/stability/RS-04396739.introns.counts.txt, /vscratch/grp-songyao/pnfioric/pantry/intermediate/stability/RS-04396740.introns.counts.txt, /vscratch/grp-songyao/pnfioric/pantry/intermediate/stability/RS-04396741.introns.counts.txt, /vscratch/grp-songyao/pnfioric/pantry/intermediate/stability/RS-04396742.introns.counts.txt, /vscratch/grp-songyao/pnfioric/pantry/intermediate/stability/RS-04396743.introns.counts.txt, /vscratch/grp-songyao/pnfioric/pantry/intermediate/stability/RS-04396744.introns.counts.txt, /vscratch/grp-songyao/pnfioric/pantry/intermediate/stability/RS-04396758.introns.counts.txt, /vscratch/grp-songyao/pnfioric/pantry/intermediate/stability/RS-04396759.introns.counts.txt, /vscratch/grp-songyao/pnfioric/pantry/intermediate/stability/RS-04396760.introns.counts.txt, /vscratch/grp-songyao/pnfioric/pantry/intermediate/stability/RS-04396761.introns.counts.txt, /vscratch/grp-songyao/pnfioric/pantry/intermediate/stability/RS-04396762.introns.counts.txt, /vscratch/grp-songyao/pnfioric/pantry/intermediate/stability/RS-04396763.introns.counts.txt, /vscratch/grp-songyao/pnfioric/pantry/intermediate/stability/RS-04396764.introns.counts.txt, /vscratch/grp-songyao/pnfioric/pantry/intermediate/stability/RS-04396765.introns.counts.txt, /vscratch/grp-songyao/pnfioric/pantry/intermediate/stability/RS-04396766.introns.counts.txt, /vscratch/grp-songyao/pnfioric/pantry/intermediate/stability/RS-04396767.introns.counts.txt, /vscratch/grp-songyao/pnfioric/pantry/intermediate/stability/RS-04396768.introns.counts.txt, /vscratch/grp-songyao/pnfioric/pantry/intermediate/stability/RS-04396769.introns.counts.txt, /vscratch/grp-songyao/pnfioric/pantry/intermediate/stability/RS-04396770.introns.counts.txt, /vscratch/grp-songyao/pnfioric/pantry/intermediate/stability/RS-04396771.introns.counts.txt, /vscratch/grp-songyao/pnfioric/pantry/intermediate/stability/RS-04396772.introns.counts.txt, /vscratch/grp-songyao/pnfioric/pantry/intermediate/stability/RS-04396773.introns.counts.txt, /vscratch/grp-songyao/pnfioric/pantry/intermediate/stability/RS-04396774.introns.counts.txt, /vscratch/grp-songyao/pnfioric/pantry/intermediate/stability/RS-04396775.introns.counts.txt, /vscratch/grp-songyao/pnfioric/pantry/intermediate/stability/RS-04396776.introns.counts.txt, /vscratch/grp-songyao/pnfioric/pantry/intermediate/stability/RS-04396777.introns.counts.txt, /vscratch/grp-songyao/pnfioric/pantry/intermediate/stability/RS-04396778.introns.counts.txt, /vscratch/grp-songyao/pnfioric/pantry/intermediate/stability/RS-04396779.introns.counts.txt, /vscratch/grp-songyao/pnfioric/pantry/intermediate/stability/RS-04396780.introns.counts.txt, /vscratch/grp-songyao/pnfioric/pantry/intermediate/stability/RS-04396781.introns.counts.txt, /vscratch/grp-songyao/pnfioric/pantry/intermediate/stability/RS-04396782.introns.counts.txt, /vscratch/grp-songyao/pnfioric/pantry/intermediate/stability/RS-04396783.introns.counts.txt, /vscratch/grp-songyao/pnfioric/pantry/intermediate/stability/RS-04396784.introns.counts.txt, /vscratch/grp-songyao/pnfioric/pantry/intermediate/stability/RS-04396785.introns.counts.txt, /vscratch/grp-songyao/pnfioric/pantry/intermediate/stability/RS-04396786.introns.counts.txt, /vscratch/grp-songyao/pnfioric/pantry/intermediate/stability/RS-04396787.introns.counts.txt, /vscratch/grp-songyao/pnfioric/pantry/intermediate/stability/RS-04396788.introns.counts.txt, /vscratch/grp-songyao/pnfioric/pantry/intermediate/stability/RS-04396789.introns.counts.txt, /vscratch/grp-songyao/pnfioric/pantry/intermediate/stability/RS-04396790.introns.counts.txt, /vscratch/grp-songyao/pnfioric/pantry/intermediate/stability/RS-04396791.introns.counts.txt, /vscratch/grp-songyao/pnfioric/pantry/intermediate/stability/RS-04396792.introns.counts.txt, /vscratch/grp-songyao/pnfioric/pantry/intermediate/stability/RS-04396793.introns.counts.txt, /vscratch/grp-songyao/pnfioric/pantry/intermediate/stability/RS-04396794.introns.counts.txt, /vscratch/grp-songyao/pnfioric/pantry/intermediate/stability/RS-04396795.introns.counts.txt, /vscratch/grp-songyao/pnfioric/pantry/intermediate/stability/RS-04396796.introns.counts.txt, /vscratch/grp-songyao/pnfioric/pantry/intermediate/stability/RS-04396797.introns.counts.txt, /vscratch/grp-songyao/pnfioric/pantry/intermediate/stability/RS-04396798.introns.counts.txt, /vscratch/grp-songyao/pnfioric/pantry/intermediate/stability/RS-04396799.introns.counts.txt, /vscratch/grp-songyao/pnfioric/pantry/intermediate/stability/RS-04396800.introns.counts.txt, /vscratch/grp-songyao/pnfioric/pantry/intermediate/stability/RS-04396801.introns.counts.txt, /vscratch/grp-songyao/pnfioric/pantry/intermediate/stability/RS-04396802.introns.counts.txt, /vscratch/grp-songyao/pnfioric/pantry/intermediate/stability/RS-04396803.introns.counts.txt, /vscratch/grp-songyao/pnfioric/pantry/intermediate/stability/RS-04396804.introns.counts.txt, /vscratch/grp-songyao/pnfioric/pantry/intermediate/stability/RS-04396805.introns.counts.txt, /vscratch/grp-songyao/pnfioric/pantry/intermediate/stability/RS-04396806.introns.counts.txt, /vscratch/grp-songyao/pnfioric/pantry/intermediate/stability/RS-04396807.introns.counts.txt, /vscratch/grp-songyao/pnfioric/pantry/intermediate/stability/RS-04396808.introns.counts.txt, /vscratch/grp-songyao/pnfioric/pantry/intermediate/stability/RS-04396809.introns.counts.txt, /vscratch/grp-songyao/pnfioric/pantry/intermediate/stability/RS-04396810.introns.counts.txt, /vscratch/grp-songyao/pnfioric/pantry/intermediate/stability/RS-04396811.introns.counts.txt, /vscratch/grp-songyao/pnfioric/pantry/intermediate/stability/RS-04396812.introns.counts.txt, /vscratch/grp-songyao/pnfioric/pantry/intermediate/stability/RS-04396813.introns.counts.txt, /vscratch/grp-songyao/pnfioric/pantry/intermediate/stability/RS-04396814.introns.counts.txt, /vscratch/grp-songyao/pnfioric/pantry/intermediate/stability/RS-04396815.introns.counts.txt, /vscratch/grp-songyao/pnfioric/pantry/intermediate/stability/RS-04396816.introns.counts.txt, /vscratch/grp-songyao/pnfioric/pantry/intermediate/stability/RS-04396817.introns.counts.txt, /vscratch/grp-songyao/pnfioric/pantry/intermediate/stability/RS-04396818.introns.counts.txt, /vscratch/grp-songyao/pnfioric/pantry/intermediate/stability/RS-04396819.introns.counts.txt, /vscratch/grp-songyao/pnfioric/pantry/intermediate/stability/RS-04396820.introns.counts.txt, /vscratch/grp-songyao/pnfioric/pantry/intermediate/stability/RS-04396821.introns.counts.txt, /vscratch/grp-songyao/pnfioric/pantry/intermediate/stability/RS-04396822.introns.counts.txt, /vscratch/grp-songyao/pnfioric/pantry/intermediate/stability/RS-04396823.introns.counts.txt, /vscratch/grp-songyao/pnfioric/pantry/intermediate/stability/RS-04396824.introns.counts.txt, /vscratch/grp-songyao/pnfioric/pantry/intermediate/stability/RS-04396825.introns.counts.txt, /vscratch/grp-songyao/pnfioric/pantry/intermediate/stability/RS-04396826.introns.counts.txt, /vscratch/grp-songyao/pnfioric/pantry/intermediate/stability/RS-04396827.introns.counts.txt, /vscratch/grp-songyao/pnfioric/pantry/intermediate/stability/RS-04396828.introns.counts.txt, /vscratch/grp-songyao/pnfioric/pantry/intermediate/stability/RS-04396829.introns.counts.txt, /vscratch/grp-songyao/pnfioric/pantry/intermediate/stability/RS-04396830.introns.counts.txt, /vscratch/grp-songyao/pnfioric/pantry/intermediate/stability/RS-04396831.introns.counts.txt, /vscratch/grp-songyao/pnfioric/pantry/intermediate/stability/RS-04396832.introns.counts.txt, /vscratch/grp-songyao/pnfioric/pantry/intermediate/stability/RS-04396833.introns.counts.txt, /vscratch/grp-songyao/pnfioric/pantry/intermediate/stability/RS-04396834.introns.counts.txt, /vscratch/grp-songyao/pnfioric/pantry/intermediate/stability/RS-04396835.introns.counts.txt, /vscratch/grp-songyao/pnfioric/pantry/intermediate/stability/RS-04396836.introns.counts.txt, /vscratch/grp-songyao/pnfioric/pantry/intermediate/stability/RS-04396837.introns.counts.txt, /vscratch/grp-songyao/pnfioric/pantry/intermediate/stability/RS-04396838.introns.counts.txt, /vscratch/grp-songyao/pnfioric/pantry/intermediate/stability/RS-04396839.introns.counts.txt, /vscratch/grp-songyao/pnfioric/pantry/intermediate/stability/RS-04396840.introns.counts.txt, /vscratch/grp-songyao/pnfioric/pantry/intermediate/stability/RS-04396841.introns.counts.txt, /vscratch/grp-songyao/pnfioric/pantry/intermediate/stability/RS-04396842.introns.counts.txt, /vscratch/grp-songyao/pnfioric/pantry/intermediate/stability/RS-04396843.introns.counts.txt, /vscratch/grp-songyao/pnfioric/pantry/intermediate/stability/RS-04396844.introns.counts.txt, /vscratch/grp-songyao/pnfioric/pantry/intermediate/stability/RS-04396845.introns.counts.txt, /vscratch/grp-songyao/pnfioric/pantry/intermediate/stability/RS-04396846.introns.counts.txt, /vscratch/grp-songyao/pnfioric/pantry/intermediate/stability/RS-04396847.introns.counts.txt, /vscratch/grp-songyao/pnfioric/pantry/intermediate/stability/RS-04396848.introns.counts.txt, /vscratch/grp-songyao/pnfioric/pantry/intermediate/stability/RS-04396849.introns.counts.txt, /vscratch/grp-songyao/pnfioric/pantry/intermediate/stability/RS-04396850.introns.counts.txt, /vscratch/grp-songyao/pnfioric/pantry/intermediate/stability/RS-04396851.introns.counts.txt, /vscratch/grp-songyao/pnfioric/pantry/intermediate/stability/RS-04396852.introns.counts.txt, /vscratch/grp-songyao/pnfioric/pantry/intermediate/stability/RS-04396853.introns.counts.txt, /vscratch/grp-songyao/pnfioric/pantry/intermediate/stability/RS-04430783.introns.counts.txt, /vscratch/grp-songyao/pnfioric/pantry/intermediate/stability/RS-04430784.introns.counts.txt, /vscratch/grp-songyao/pnfioric/pantry/intermediate/stability/RS-04430785.introns.counts.txt, /vscratch/grp-songyao/pnfioric/pantry/intermediate/stability/RS-04430786.introns.counts.txt, /vscratch/grp-songyao/pnfioric/pantry/intermediate/stability/RS-04430787.introns.counts.txt, /vscratch/grp-songyao/pnfioric/pantry/intermediate/stability/RS-04430788.introns.counts.txt, /vscratch/grp-songyao/pnfioric/pantry/intermediate/stability/RS-04430789.introns.counts.txt, /vscratch/grp-songyao/pnfioric/pantry/intermediate/stability/RS-04430790.introns.counts.txt, /vscratch/grp-songyao/pnfioric/pantry/intermediate/stability/RS-04430791.introns.counts.txt, /vscratch/grp-songyao/pnfioric/pantry/intermediate/stability/RS-04430792.introns.counts.txt, /vscratch/grp-songyao/pnfioric/pantry/intermediate/stability/RS-04430793.introns.counts.txt, /vscratch/grp-songyao/pnfioric/pantry/intermediate/stability/RS-04430794.introns.counts.txt, /vscratch/grp-songyao/pnfioric/pantry/intermediate/stability/RS-04430795.introns.counts.txt, /vscratch/grp-songyao/pnfioric/pantry/intermediate/stability/RS-04430798.introns.counts.txt, /vscratch/grp-songyao/pnfioric/pantry/intermediate/stability/RS-04430800.introns.counts.txt, /vscratch/grp-songyao/pnfioric/pantry/intermediate/stability/RS-04430802.introns.counts.txt, /vscratch/grp-songyao/pnfioric/pantry/intermediate/stability/RS-04430805.introns.counts.txt, /vscratch/grp-songyao/pnfioric/pantry/intermediate/stability/RS-04430806.introns.counts.txt, /vscratch/grp-songyao/pnfioric/pantry/intermediate/stability/RS-04430807.introns.counts.txt, /vscratch/grp-songyao/pnfioric/pantry/intermediate/stability/RS-04430808.introns.counts.txt, /vscratch/grp-songyao/pnfioric/pantry/intermediate/stability/RS-04430809.introns.counts.txt, /vscratch/grp-songyao/pnfioric/pantry/intermediate/stability/RS-04430810.introns.counts.txt, /vscratch/grp-songyao/pnfioric/pantry/intermediate/stability/RS-04430811.introns.counts.txt, /vscratch/grp-songyao/pnfioric/pantry/intermediate/stability/RS-04430812.introns.counts.txt, /vscratch/grp-songyao/pnfioric/pantry/intermediate/stability/RS-04430813.introns.counts.txt, /vscratch/grp-songyao/pnfioric/pantry/intermediate/stability/RS-04430814.introns.counts.txt, /vscratch/grp-songyao/pnfioric/pantry/intermediate/stability/RS-04430815.introns.counts.txt, /vscratch/grp-songyao/pnfioric/pantry/intermediate/stability/RS-04430816.introns.counts.txt, /vscratch/grp-songyao/pnfioric/pantry/intermediate/stability/RS-04430817.introns.counts.txt, /vscratch/grp-songyao/pnfioric/pantry/intermediate/stability/RS-04430818.introns.counts.txt, /vscratch/grp-songyao/pnfioric/pantry/intermediate/stability/RS-04430819.introns.counts.txt, /vscratch/grp-songyao/pnfioric/pantry/intermediate/stability/RS-04430820.introns.counts.txt, /vscratch/grp-songyao/pnfioric/pantry/intermediate/stability/RS-04430821.introns.counts.txt, /vscratch/grp-songyao/pnfioric/pantry/intermediate/stability/RS-04430822.introns.counts.txt, /vscratch/grp-songyao/pnfioric/pantry/intermediate/stability/RS-04430823.introns.counts.txt, /vscratch/grp-songyao/pnfioric/pantry/intermediate/stability/RS-04430824.introns.counts.txt, /vscratch/grp-songyao/pnfioric/pantry/intermediate/stability/RS-04430825.introns.counts.txt, /vscratch/grp-songyao/pnfioric/pantry/intermediate/stability/RS-04430826.introns.counts.txt, /vscratch/grp-songyao/pnfioric/pantry/intermediate/stability/RS-04430827.introns.counts.txt, /vscratch/grp-songyao/pnfioric/pantry/intermediate/stability/RS-04430828.introns.counts.txt, /vscratch/grp-songyao/pnfioric/pantry/intermediate/stability/RS-04430829.introns.counts.txt, /vscratch/grp-songyao/pnfioric/pantry/intermediate/stability/RS-04430830.introns.counts.txt, /vscratch/grp-songyao/pnfioric/pantry/intermediate/stability/RS-04430831.introns.counts.txt, /vscratch/grp-songyao/pnfioric/pantry/intermediate/stability/RS-04430832.introns.counts.txt, /vscratch/grp-songyao/pnfioric/pantry/intermediate/stability/RS-04430833.introns.counts.txt, /vscratch/grp-songyao/pnfioric/pantry/intermediate/stability/RS-04430834.introns.counts.txt, /vscratch/grp-songyao/pnfioric/pantry/intermediate/stability/RS-04430835.introns.counts.txt, /vscratch/grp-songyao/pnfioric/pantry/intermediate/stability/RS-04430836.introns.counts.txt, /vscratch/grp-songyao/pnfioric/pantry/intermediate/stability/RS-04430837.introns.counts.txt, /vscratch/grp-songyao/pnfioric/pantry/intermediate/stability/RS-04430838.introns.counts.txt, /vscratch/grp-songyao/pnfioric/pantry/intermediate/stability/RS-04430839.introns.counts.txt, /vscratch/grp-songyao/pnfioric/pantry/intermediate/stability/RS-04430840.introns.counts.txt, /vscratch/grp-songyao/pnfioric/pantry/intermediate/stability/RS-04430841.introns.counts.txt, /vscratch/grp-songyao/pnfioric/pantry/intermediate/stability/RS-04430842.introns.counts.txt, /vscratch/grp-songyao/pnfioric/pantry/intermediate/stability/RS-04430843.introns.counts.txt, /vscratch/grp-songyao/pnfioric/pantry/intermediate/stability/RS-04430844.introns.counts.txt, /vscratch/grp-songyao/pnfioric/pantry/intermediate/stability/RS-04430845.introns.counts.txt, /vscratch/grp-songyao/pnfioric/pantry/intermediate/stability/RS-04430846.introns.counts.txt, /vscratch/grp-songyao/pnfioric/pantry/intermediate/stability/RS-04430847.introns.counts.txt, /vscratch/grp-songyao/pnfioric/pantry/intermediate/stability/RS-04430848.introns.counts.txt, /vscratch/grp-songyao/pnfioric/pantry/intermediate/stability/RS-04430849.introns.counts.txt, /vscratch/grp-songyao/pnfioric/pantry/intermediate/stability/RS-04430850.introns.counts.txt, /vscratch/grp-songyao/pnfioric/pantry/intermediate/stability/RS-04430851.introns.counts.txt, /vscratch/grp-songyao/pnfioric/pantry/intermediate/stability/RS-04430852.introns.counts.txt, /vscratch/grp-songyao/pnfioric/pantry/intermediate/stability/RS-04430853.introns.counts.txt, /vscratch/grp-songyao/pnfioric/pantry/intermediate/stability/RS-04430854.introns.counts.txt, /vscratch/grp-songyao/pnfioric/pantry/intermediate/stability/RS-04430855.introns.counts.txt, /vscratch/grp-songyao/pnfioric/pantry/intermediate/stability/RS-04430856.introns.counts.txt, /vscratch/grp-songyao/pnfioric/pantry/intermediate/stability/RS-04430857.introns.counts.txt, /vscratch/grp-songyao/pnfioric/pantry/intermediate/stability/RS-04430858.introns.counts.txt, /vscratch/grp-songyao/pnfioric/pantry/intermediate/stability/RS-04430859.introns.counts.txt, /vscratch/grp-songyao/pnfioric/pantry/intermediate/stability/RS-04430860.introns.counts.txt, /vscratch/grp-songyao/pnfioric/pantry/intermediate/stability/RS-04430861.introns.counts.txt, /vscratch/grp-songyao/pnfioric/pantry/intermediate/stability/RS-04430862.introns.counts.txt, /vscratch/grp-songyao/pnfioric/pantry/intermediate/stability/RS-04430863.introns.counts.txt, /vscratch/grp-songyao/pnfioric/pantry/intermediate/stability/RS-04430864.introns.counts.txt, /vscratch/grp-songyao/pnfioric/pantry/intermediate/stability/RS-04430865.introns.counts.txt, /vscratch/grp-songyao/pnfioric/pantry/intermediate/stability/RS-04430866.introns.counts.txt, /vscratch/grp-songyao/pnfioric/pantry/intermediate/stability/RS-04430867.introns.counts.txt, /vscratch/grp-songyao/pnfioric/pantry/intermediate/stability/RS-04430868.introns.counts.txt, /vscratch/grp-songyao/pnfioric/pantry/intermediate/stability/RS-04430869.introns.counts.txt, /vscratch/grp-songyao/pnfioric/pantry/intermediate/stability/RS-04430870.introns.counts.txt, /vscratch/grp-songyao/pnfioric/pantry/intermediate/stability/RS-04430871.introns.counts.txt, /vscratch/grp-songyao/pnfioric/pantry/intermediate/stability/RS-04430872.introns.counts.txt, /vscratch/grp-songyao/pnfioric/pantry/intermediate/stability/RS-04430873.introns.counts.txt, /vscratch/grp-songyao/pnfioric/pantry/intermediate/stability/RS-04430874.introns.counts.txt, /vscratch/grp-songyao/pnfioric/pantry/intermediate/stability/RS-04430875.introns.counts.txt, /vscratch/grp-songyao/pnfioric/pantry/intermediate/stability/RS-04430876.introns.counts.txt, /vscratch/grp-songyao/pnfioric/pantry/intermediate/stability/RS-04430877.introns.counts.txt, /vscratch/grp-songyao/pnfioric/pantry/intermediate/stability/RS-04430878.introns.counts.txt, /vscratch/grp-songyao/pnfioric/pantry/intermediate/stability/RS-04430879.introns.counts.txt, /vscratch/grp-songyao/pnfioric/pantry/intermediate/stability/RS-04430880.introns.counts.txt, /vscratch/grp-songyao/pnfioric/pantry/intermediate/stability/RS-04430881.introns.counts.txt, /vscratch/grp-songyao/pnfioric/pantry/intermediate/stability/RS-04430882.introns.counts.txt, /vscratch/grp-songyao/pnfioric/pantry/intermediate/stability/RS-04430883.introns.counts.txt, /vscratch/grp-songyao/pnfioric/pantry/intermediate/stability/RS-04430884.introns.counts.txt, /projects/rpci/songyao/pnfioric/arc_project/pantry/sample_ids.txt, /projects/rpci/songyao/pnfioric/tils_r01_RNAseq/reference/gencode.v44.fixed.withsource.gtf
    output: output/unnorm/stability.bed
    jobid: 7914
    reason: Input files updated by another job: /vscratch/grp-songyao/pnfioric/pantry/intermediate/stability/RS-04367397.introns.counts.txt, /vscratch/grp-songyao/pnfioric/pantry/intermediate/stability/RS-04240729.constit_exons.counts.txt, /vscratch/grp-songyao/pnfioric/pantry/intermediate/stability/RS-04199405.constit_exons.counts.txt, /vscratch/grp-songyao/pnfioric/pantry/intermediate/stability/RS-04218233.constit_exons.counts.txt, /vscratch/grp-songyao/pnfioric/pantry/intermediate/stability/RS-04396807.constit_exons.counts.txt, /vscratch/grp-songyao/pnfioric/pantry/intermediate/stability/RS-04367515.introns.counts.txt, /vscratch/grp-songyao/pnfioric/pantry/intermediate/stability/RS-04396637.introns.counts.txt, /vscratch/grp-songyao/pnfioric/pantry/intermediate/stability/RS-04218233.introns.counts.txt, /vscratch/grp-songyao/pnfioric/pantry/intermediate/stability/RS-04050572.constit_exons.counts.txt, /vscratch/grp-songyao/pnfioric/pantry/intermediate/stability/RS-04050572.introns.counts.txt, /vscratch/grp-songyao/pnfioric/pantry/intermediate/stability/RS-04367396.constit_exons.counts.txt, /vscratch/grp-songyao/pnfioric/pantry/intermediate/stability/RS-04240729.introns.counts.txt, /vscratch/grp-songyao/pnfioric/pantry/intermediate/stability/RS-04367396.introns.counts.txt, /vscratch/grp-songyao/pnfioric/pantry/intermediate/stability/RS-04367515.constit_exons.counts.txt, /vscratch/grp-songyao/pnfioric/pantry/intermediate/stability/RS-04396637.constit_exons.counts.txt, /vscratch/grp-songyao/pnfioric/pantry/intermediate/stability/RS-04218234.introns.counts.txt, /vscratch/grp-songyao/pnfioric/pantry/intermediate/stability/RS-04218234.constit_exons.counts.txt, /vscratch/grp-songyao/pnfioric/pantry/intermediate/stability/RS-04367484.introns.counts.txt, /vscratch/grp-songyao/pnfioric/pantry/intermediate/stability/RS-04396767.constit_exons.counts.txt, /vscratch/grp-songyao/pnfioric/pantry/intermediate/stability/RS-04367484.constit_exons.counts.txt, /vscratch/grp-songyao/pnfioric/pantry/intermediate/stability/RS-04396807.introns.counts.txt, /vscratch/grp-songyao/pnfioric/pantry/intermediate/stability/RS-04199405.introns.counts.txt, /vscratch/grp-songyao/pnfioric/pantry/intermediate/stability/RS-04367397.constit_exons.counts.txt, /vscratch/grp-songyao/pnfioric/pantry/intermediate/stability/RS-04396767.introns.counts.txt
    resources: mem_mb=16000, disk_mb=6889, tmpdir=<TBD>, runtime=04:00:00, slurm_extra=--qos=general-compute

INFO:snakemake.logging:
Submitted job 7914 with external jobid 'Submitted batch job 24691005'.
WARNING:snakemake.logging:Submitted job 7914 with external jobid 'Submitted batch job 24691005'.
[Mon May 25 16:52:34 2026]
INFO:snakemake.logging:[Mon May 25 16:52:34 2026]
Finished job 6595.
INFO:snakemake.logging:Finished job 6595.
37 of 3642 steps (1%) done
INFO:snakemake.logging:37 of 3642 steps (1%) done
[Mon May 25 16:52:39 2026]
INFO:snakemake.logging:[Mon May 25 16:52:39 2026]
Finished job 5071.
INFO:snakemake.logging:Finished job 5071.
38 of 3642 steps (1%) done
INFO:snakemake.logging:38 of 3642 steps (1%) done
[Mon May 25 16:52:40 2026]
INFO:snakemake.logging:[Mon May 25 16:52:40 2026]
Finished job 5115.
INFO:snakemake.logging:Finished job 5115.
39 of 3642 steps (1%) done
INFO:snakemake.logging:39 of 3642 steps (1%) done
[Mon May 25 16:52:55 2026]
INFO:snakemake.logging:[Mon May 25 16:52:55 2026]
Finished job 7179.
INFO:snakemake.logging:Finished job 7179.
40 of 3642 steps (1%) done
INFO:snakemake.logging:40 of 3642 steps (1%) done
[Mon May 25 16:53:05 2026]
INFO:snakemake.logging:[Mon May 25 16:53:05 2026]
Finished job 4871.
INFO:snakemake.logging:Finished job 4871.
41 of 3642 steps (1%) done
INFO:snakemake.logging:41 of 3642 steps (1%) done
[Mon May 25 16:53:05 2026]
INFO:snakemake.logging:[Mon May 25 16:53:05 2026]
Finished job 7339.
INFO:snakemake.logging:Finished job 7339.
42 of 3642 steps (1%) done
INFO:snakemake.logging:42 of 3642 steps (1%) done
[Mon May 25 16:53:05 2026]
INFO:snakemake.logging:[Mon May 25 16:53:05 2026]
Finished job 6783.
INFO:snakemake.logging:Finished job 6783.
43 of 3642 steps (1%) done
INFO:snakemake.logging:43 of 3642 steps (1%) done
[Mon May 25 16:53:06 2026]
INFO:snakemake.logging:[Mon May 25 16:53:06 2026]
Finished job 5467.
INFO:snakemake.logging:Finished job 5467.
44 of 3642 steps (1%) done
INFO:snakemake.logging:44 of 3642 steps (1%) done
[Mon May 25 16:53:06 2026]
INFO:snakemake.logging:[Mon May 25 16:53:06 2026]
Finished job 5119.
INFO:snakemake.logging:Finished job 5119.
45 of 3642 steps (1%) done
INFO:snakemake.logging:45 of 3642 steps (1%) done
[Mon May 25 16:53:37 2026]
INFO:snakemake.logging:[Mon May 25 16:53:37 2026]
Finished job 5471.
INFO:snakemake.logging:Finished job 5471.
46 of 3642 steps (1%) done
INFO:snakemake.logging:46 of 3642 steps (1%) done
[Mon May 25 16:53:37 2026]
INFO:snakemake.logging:[Mon May 25 16:53:37 2026]
Finished job 5163.
INFO:snakemake.logging:Finished job 5163.
47 of 3642 steps (1%) done
INFO:snakemake.logging:47 of 3642 steps (1%) done
[Mon May 25 16:54:08 2026]
INFO:snakemake.logging:[Mon May 25 16:54:08 2026]
Finished job 5943.
INFO:snakemake.logging:Finished job 5943.
48 of 3642 steps (1%) done
INFO:snakemake.logging:48 of 3642 steps (1%) done
[Mon May 25 16:54:08 2026]
INFO:snakemake.logging:[Mon May 25 16:54:08 2026]
Finished job 5819.
INFO:snakemake.logging:Finished job 5819.
49 of 3642 steps (1%) done
INFO:snakemake.logging:49 of 3642 steps (1%) done
Select jobs to execute...
WARNING:snakemake.logging:Select jobs to execute...

INFO:snakemake.logging:
[Mon May 25 16:54:09 2026]
INFO:snakemake.logging:[Mon May 25 16:54:09 2026]
rule cluster_junctions:
    input: /vscratch/grp-songyao/pnfioric/pantry/intermediate/splicing/RS-02166929.junc, /vscratch/grp-songyao/pnfioric/pantry/intermediate/splicing/RS-02732377.junc, /vscratch/grp-songyao/pnfioric/pantry/intermediate/splicing/RS-03423261.junc, /vscratch/grp-songyao/pnfioric/pantry/intermediate/splicing/RS-03427463.junc, /vscratch/grp-songyao/pnfioric/pantry/intermediate/splicing/RS-03522170.junc, /vscratch/grp-songyao/pnfioric/pantry/intermediate/splicing/RS-03522202.junc, /vscratch/grp-songyao/pnfioric/pantry/intermediate/splicing/RS-03568549.junc, /vscratch/grp-songyao/pnfioric/pantry/intermediate/splicing/RS-03602187.junc, /vscratch/grp-songyao/pnfioric/pantry/intermediate/splicing/RS-03689431.junc, /vscratch/grp-songyao/pnfioric/pantry/intermediate/splicing/RS-03695641.junc, /vscratch/grp-songyao/pnfioric/pantry/intermediate/splicing/RS-03697717.junc, /vscratch/grp-songyao/pnfioric/pantry/intermediate/splicing/RS-03702962.junc, /vscratch/grp-songyao/pnfioric/pantry/intermediate/splicing/RS-03709093.junc, /vscratch/grp-songyao/pnfioric/pantry/intermediate/splicing/RS-03709094.junc, /vscratch/grp-songyao/pnfioric/pantry/intermediate/splicing/RS-03709098.junc, /vscratch/grp-songyao/pnfioric/pantry/intermediate/splicing/RS-03710643.junc, /vscratch/grp-songyao/pnfioric/pantry/intermediate/splicing/RS-03711363.junc, /vscratch/grp-songyao/pnfioric/pantry/intermediate/splicing/RS-03722465.junc, /vscratch/grp-songyao/pnfioric/pantry/intermediate/splicing/RS-03726100.junc, /vscratch/grp-songyao/pnfioric/pantry/intermediate/splicing/RS-03726102.junc, /vscratch/grp-songyao/pnfioric/pantry/intermediate/splicing/RS-03726103.junc, /vscratch/grp-songyao/pnfioric/pantry/intermediate/splicing/RS-03745424.junc, /vscratch/grp-songyao/pnfioric/pantry/intermediate/splicing/RS-03746605.junc, /vscratch/grp-songyao/pnfioric/pantry/intermediate/splicing/RS-03746606.junc, /vscratch/grp-songyao/pnfioric/pantry/intermediate/splicing/RS-03750575.junc, /vscratch/grp-songyao/pnfioric/pantry/intermediate/splicing/RS-03750576.junc, /vscratch/grp-songyao/pnfioric/pantry/intermediate/splicing/RS-03750577.junc, /vscratch/grp-songyao/pnfioric/pantry/intermediate/splicing/RS-03753113.junc, /vscratch/grp-songyao/pnfioric/pantry/intermediate/splicing/RS-03753115.junc, /vscratch/grp-songyao/pnfioric/pantry/intermediate/splicing/RS-03754774.junc, /vscratch/grp-songyao/pnfioric/pantry/intermediate/splicing/RS-03754775.junc, /vscratch/grp-songyao/pnfioric/pantry/intermediate/splicing/RS-03756154.junc, /vscratch/grp-songyao/pnfioric/pantry/intermediate/splicing/RS-03756156.junc, /vscratch/grp-songyao/pnfioric/pantry/intermediate/splicing/RS-03756157.junc, /vscratch/grp-songyao/pnfioric/pantry/intermediate/splicing/RS-03766372.junc, /vscratch/grp-songyao/pnfioric/pantry/intermediate/splicing/RS-03766374.junc, /vscratch/grp-songyao/pnfioric/pantry/intermediate/splicing/RS-03767743.junc, /vscratch/grp-songyao/pnfioric/pantry/intermediate/splicing/RS-03767744.junc, /vscratch/grp-songyao/pnfioric/pantry/intermediate/splicing/RS-03769227.junc, /vscratch/grp-songyao/pnfioric/pantry/intermediate/splicing/RS-03769895.junc, /vscratch/grp-songyao/pnfioric/pantry/intermediate/splicing/RS-03769896.junc, /vscratch/grp-songyao/pnfioric/pantry/intermediate/splicing/RS-03773034.junc, /vscratch/grp-songyao/pnfioric/pantry/intermediate/splicing/RS-03773036.junc, /vscratch/grp-songyao/pnfioric/pantry/intermediate/splicing/RS-03773039.junc, /vscratch/grp-songyao/pnfioric/pantry/intermediate/splicing/RS-03779390.junc, /vscratch/grp-songyao/pnfioric/pantry/intermediate/splicing/RS-03779391.junc, /vscratch/grp-songyao/pnfioric/pantry/intermediate/splicing/RS-03779392.junc, /vscratch/grp-songyao/pnfioric/pantry/intermediate/splicing/RS-03779394.junc, /vscratch/grp-songyao/pnfioric/pantry/intermediate/splicing/RS-03792485.junc, /vscratch/grp-songyao/pnfioric/pantry/intermediate/splicing/RS-03792488.junc, /vscratch/grp-songyao/pnfioric/pantry/intermediate/splicing/RS-03800061.junc, /vscratch/grp-songyao/pnfioric/pantry/intermediate/splicing/RS-03804912.junc, /vscratch/grp-songyao/pnfioric/pantry/intermediate/splicing/RS-03804915.junc, /vscratch/grp-songyao/pnfioric/pantry/intermediate/splicing/RS-03804916.junc, /vscratch/grp-songyao/pnfioric/pantry/intermediate/splicing/RS-03813027.junc, /vscratch/grp-songyao/pnfioric/pantry/intermediate/splicing/RS-03813029.junc, /vscratch/grp-songyao/pnfioric/pantry/intermediate/splicing/RS-03813031.junc, /vscratch/grp-songyao/pnfioric/pantry/intermediate/splicing/RS-03813032.junc, /vscratch/grp-songyao/pnfioric/pantry/intermediate/splicing/RS-03816355.junc, /vscratch/grp-songyao/pnfioric/pantry/intermediate/splicing/RS-03816356.junc, /vscratch/grp-songyao/pnfioric/pantry/intermediate/splicing/RS-03816358.junc, /vscratch/grp-songyao/pnfioric/pantry/intermediate/splicing/RS-03817302.junc, /vscratch/grp-songyao/pnfioric/pantry/intermediate/splicing/RS-03817304.junc, /vscratch/grp-songyao/pnfioric/pantry/intermediate/splicing/RS-03827250.junc, /vscratch/grp-songyao/pnfioric/pantry/intermediate/splicing/RS-03827254.junc, /vscratch/grp-songyao/pnfioric/pantry/intermediate/splicing/RS-03831725.junc, /vscratch/grp-songyao/pnfioric/pantry/intermediate/splicing/RS-03834166.junc, /vscratch/grp-songyao/pnfioric/pantry/intermediate/splicing/RS-03834168.junc, /vscratch/grp-songyao/pnfioric/pantry/intermediate/splicing/RS-03837511.junc, /vscratch/grp-songyao/pnfioric/pantry/intermediate/splicing/RS-03837512.junc, /vscratch/grp-songyao/pnfioric/pantry/intermediate/splicing/RS-03837577.junc, /vscratch/grp-songyao/pnfioric/pantry/intermediate/splicing/RS-03838687.junc, /vscratch/grp-songyao/pnfioric/pantry/intermediate/splicing/RS-03840948.junc, /vscratch/grp-songyao/pnfioric/pantry/intermediate/splicing/RS-03840952.junc, /vscratch/grp-songyao/pnfioric/pantry/intermediate/splicing/RS-03840994.junc, /vscratch/grp-songyao/pnfioric/pantry/intermediate/splicing/RS-03849883.junc, /vscratch/grp-songyao/pnfioric/pantry/intermediate/splicing/RS-03857995.junc, /vscratch/grp-songyao/pnfioric/pantry/intermediate/splicing/RS-03860509.junc, /vscratch/grp-songyao/pnfioric/pantry/intermediate/splicing/RS-03862582.junc, /vscratch/grp-songyao/pnfioric/pantry/intermediate/splicing/RS-03862589.junc, /vscratch/grp-songyao/pnfioric/pantry/intermediate/splicing/RS-03879231.junc, /vscratch/grp-songyao/pnfioric/pantry/intermediate/splicing/RS-03885248.junc, /vscratch/grp-songyao/pnfioric/pantry/intermediate/splicing/RS-03885250.junc, /vscratch/grp-songyao/pnfioric/pantry/intermediate/splicing/RS-03886129.junc, /vscratch/grp-songyao/pnfioric/pantry/intermediate/splicing/RS-03888427.junc, /vscratch/grp-songyao/pnfioric/pantry/intermediate/splicing/RS-03888429.junc, /vscratch/grp-songyao/pnfioric/pantry/intermediate/splicing/RS-03890640.junc, /vscratch/grp-songyao/pnfioric/pantry/intermediate/splicing/RS-03890644.junc, /vscratch/grp-songyao/pnfioric/pantry/intermediate/splicing/RS-03898411.junc, /vscratch/grp-songyao/pnfioric/pantry/intermediate/splicing/RS-03898412.junc, /vscratch/grp-songyao/pnfioric/pantry/intermediate/splicing/RS-03899701.junc, /vscratch/grp-songyao/pnfioric/pantry/intermediate/splicing/RS-03899703.junc, /vscratch/grp-songyao/pnfioric/pantry/intermediate/splicing/RS-03899706.junc, /vscratch/grp-songyao/pnfioric/pantry/intermediate/splicing/RS-03901858.junc, /vscratch/grp-songyao/pnfioric/pantry/intermediate/splicing/RS-03931520.junc, /vscratch/grp-songyao/pnfioric/pantry/intermediate/splicing/RS-03970187.junc, /vscratch/grp-songyao/pnfioric/pantry/intermediate/splicing/RS-04035152.junc, /vscratch/grp-songyao/pnfioric/pantry/intermediate/splicing/RS-04035153.junc, /vscratch/grp-songyao/pnfioric/pantry/intermediate/splicing/RS-04035154.junc, /vscratch/grp-songyao/pnfioric/pantry/intermediate/splicing/RS-04036669.junc, /vscratch/grp-songyao/pnfioric/pantry/intermediate/splicing/RS-04036674.junc, /vscratch/grp-songyao/pnfioric/pantry/intermediate/splicing/RS-04045323.junc, /vscratch/grp-songyao/pnfioric/pantry/intermediate/splicing/RS-04045663.junc, /vscratch/grp-songyao/pnfioric/pantry/intermediate/splicing/RS-04048349.junc, /vscratch/grp-songyao/pnfioric/pantry/intermediate/splicing/RS-04050572.junc, /vscratch/grp-songyao/pnfioric/pantry/intermediate/splicing/RS-04056908.junc, /vscratch/grp-songyao/pnfioric/pantry/intermediate/splicing/RS-04056909.junc, /vscratch/grp-songyao/pnfioric/pantry/intermediate/splicing/RS-04056911.junc, /vscratch/grp-songyao/pnfioric/pantry/intermediate/splicing/RS-04058236.junc, /vscratch/grp-songyao/pnfioric/pantry/intermediate/splicing/RS-04058254.junc, /vscratch/grp-songyao/pnfioric/pantry/intermediate/splicing/RS-04058255.junc, /vscratch/grp-songyao/pnfioric/pantry/intermediate/splicing/RS-04058256.junc, /vscratch/grp-songyao/pnfioric/pantry/intermediate/splicing/RS-04059952.junc, /vscratch/grp-songyao/pnfioric/pantry/intermediate/splicing/RS-04059954.junc, /vscratch/grp-songyao/pnfioric/pantry/intermediate/splicing/RS-04061367.junc, /vscratch/grp-songyao/pnfioric/pantry/intermediate/splicing/RS-04061369.junc, /vscratch/grp-songyao/pnfioric/pantry/intermediate/splicing/RS-04065375.junc, /vscratch/grp-songyao/pnfioric/pantry/intermediate/splicing/RS-04066121.junc, /vscratch/grp-songyao/pnfioric/pantry/intermediate/splicing/RS-04068926.junc, /vscratch/grp-songyao/pnfioric/pantry/intermediate/splicing/RS-04072742.junc, /vscratch/grp-songyao/pnfioric/pantry/intermediate/splicing/RS-04075008.junc, /vscratch/grp-songyao/pnfioric/pantry/intermediate/splicing/RS-04075720.junc, /vscratch/grp-songyao/pnfioric/pantry/intermediate/splicing/RS-04079693.junc, /vscratch/grp-songyao/pnfioric/pantry/intermediate/splicing/RS-04079696.junc, /vscratch/grp-songyao/pnfioric/pantry/intermediate/splicing/RS-04083995.junc, /vscratch/grp-songyao/pnfioric/pantry/intermediate/splicing/RS-04084275.junc, /vscratch/grp-songyao/pnfioric/pantry/intermediate/splicing/RS-04084277.junc, /vscratch/grp-songyao/pnfioric/pantry/intermediate/splicing/RS-04088695.junc, /vscratch/grp-songyao/pnfioric/pantry/intermediate/splicing/RS-04088698.junc, /vscratch/grp-songyao/pnfioric/pantry/intermediate/splicing/RS-04088945.junc, /vscratch/grp-songyao/pnfioric/pantry/intermediate/splicing/RS-04092923.junc, /vscratch/grp-songyao/pnfioric/pantry/intermediate/splicing/RS-04096236.junc, /vscratch/grp-songyao/pnfioric/pantry/intermediate/splicing/RS-04096237.junc, /vscratch/grp-songyao/pnfioric/pantry/intermediate/splicing/RS-04096238.junc, /vscratch/grp-songyao/pnfioric/pantry/intermediate/splicing/RS-04096478.junc, /vscratch/grp-songyao/pnfioric/pantry/intermediate/splicing/RS-04104756.junc, /vscratch/grp-songyao/pnfioric/pantry/intermediate/splicing/RS-04104778.junc, /vscratch/grp-songyao/pnfioric/pantry/intermediate/splicing/RS-04120256.junc, /vscratch/grp-songyao/pnfioric/pantry/intermediate/splicing/RS-04124047.junc, /vscratch/grp-songyao/pnfioric/pantry/intermediate/splicing/RS-04124088.junc, /vscratch/grp-songyao/pnfioric/pantry/intermediate/splicing/RS-04128336.junc, /vscratch/grp-songyao/pnfioric/pantry/intermediate/splicing/RS-04128573.junc, /vscratch/grp-songyao/pnfioric/pantry/intermediate/splicing/RS-04128574.junc, /vscratch/grp-songyao/pnfioric/pantry/intermediate/splicing/RS-04147830.junc, /vscratch/grp-songyao/pnfioric/pantry/intermediate/splicing/RS-04147928.junc, /vscratch/grp-songyao/pnfioric/pantry/intermediate/splicing/RS-04151684.junc, /vscratch/grp-songyao/pnfioric/pantry/intermediate/splicing/RS-04151685.junc, /vscratch/grp-songyao/pnfioric/pantry/intermediate/splicing/RS-04152328.junc, /vscratch/grp-songyao/pnfioric/pantry/intermediate/splicing/RS-04153630.junc, /vscratch/grp-songyao/pnfioric/pantry/intermediate/splicing/RS-04164414.junc, /vscratch/grp-songyao/pnfioric/pantry/intermediate/splicing/RS-04165459.junc, /vscratch/grp-songyao/pnfioric/pantry/intermediate/splicing/RS-04178224.junc, /vscratch/grp-songyao/pnfioric/pantry/intermediate/splicing/RS-04187404.junc, /vscratch/grp-songyao/pnfioric/pantry/intermediate/splicing/RS-04190909.junc, /vscratch/grp-songyao/pnfioric/pantry/intermediate/splicing/RS-04199405.junc, /vscratch/grp-songyao/pnfioric/pantry/intermediate/splicing/RS-04208747.junc, /vscratch/grp-songyao/pnfioric/pantry/intermediate/splicing/RS-04208749.junc, /vscratch/grp-songyao/pnfioric/pantry/intermediate/splicing/RS-04211377.junc, /vscratch/grp-songyao/pnfioric/pantry/intermediate/splicing/RS-04212075.junc, /vscratch/grp-songyao/pnfioric/pantry/intermediate/splicing/RS-04212079.junc, /vscratch/grp-songyao/pnfioric/pantry/intermediate/splicing/RS-04212143.junc, /vscratch/grp-songyao/pnfioric/pantry/intermediate/splicing/RS-04215055.junc, /vscratch/grp-songyao/pnfioric/pantry/intermediate/splicing/RS-04215978.junc, /vscratch/grp-songyao/pnfioric/pantry/intermediate/splicing/RS-04215980.junc, /vscratch/grp-songyao/pnfioric/pantry/intermediate/splicing/RS-04218231.junc, /vscratch/grp-songyao/pnfioric/pantry/intermediate/splicing/RS-04218233.junc, /vscratch/grp-songyao/pnfioric/pantry/intermediate/splicing/RS-04218234.junc, /vscratch/grp-songyao/pnfioric/pantry/intermediate/splicing/RS-04221471.junc, /vscratch/grp-songyao/pnfioric/pantry/intermediate/splicing/RS-04224029.junc, /vscratch/grp-songyao/pnfioric/pantry/intermediate/splicing/RS-04233421.junc, /vscratch/grp-songyao/pnfioric/pantry/intermediate/splicing/RS-04234182.junc, /vscratch/grp-songyao/pnfioric/pantry/intermediate/splicing/RS-04235657.junc, /vscratch/grp-songyao/pnfioric/pantry/intermediate/splicing/RS-04237081.junc, /vscratch/grp-songyao/pnfioric/pantry/intermediate/splicing/RS-04238109.junc, /vscratch/grp-songyao/pnfioric/pantry/intermediate/splicing/RS-04238138.junc, /vscratch/grp-songyao/pnfioric/pantry/intermediate/splicing/RS-04239576.junc, /vscratch/grp-songyao/pnfioric/pantry/intermediate/splicing/RS-04240727.junc, /vscratch/grp-songyao/pnfioric/pantry/intermediate/splicing/RS-04240729.junc, /vscratch/grp-songyao/pnfioric/pantry/intermediate/splicing/RS-04240732.junc, /vscratch/grp-songyao/pnfioric/pantry/intermediate/splicing/RS-04241362.junc, /vscratch/grp-songyao/pnfioric/pantry/intermediate/splicing/RS-04246019.junc, /vscratch/grp-songyao/pnfioric/pantry/intermediate/splicing/RS-04247341.junc, /vscratch/grp-songyao/pnfioric/pantry/intermediate/splicing/RS-04247342.junc, /vscratch/grp-songyao/pnfioric/pantry/intermediate/splicing/RS-04251303.junc, /vscratch/grp-songyao/pnfioric/pantry/intermediate/splicing/RS-04251304.junc, /vscratch/grp-songyao/pnfioric/pantry/intermediate/splicing/RS-04252125.junc, /vscratch/grp-songyao/pnfioric/pantry/intermediate/splicing/RS-04256820.junc, /vscratch/grp-songyao/pnfioric/pantry/intermediate/splicing/RS-04262923.junc, /vscratch/grp-songyao/pnfioric/pantry/intermediate/splicing/RS-04262928.junc, /vscratch/grp-songyao/pnfioric/pantry/intermediate/splicing/RS-04266595.junc, /vscratch/grp-songyao/pnfioric/pantry/intermediate/splicing/RS-04267058.junc, /vscratch/grp-songyao/pnfioric/pantry/intermediate/splicing/RS-04267062.junc, /vscratch/grp-songyao/pnfioric/pantry/intermediate/splicing/RS-04367335.junc, /vscratch/grp-songyao/pnfioric/pantry/intermediate/splicing/RS-04367336.junc, /vscratch/grp-songyao/pnfioric/pantry/intermediate/splicing/RS-04367337.junc, /vscratch/grp-songyao/pnfioric/pantry/intermediate/splicing/RS-04367338.junc, /vscratch/grp-songyao/pnfioric/pantry/intermediate/splicing/RS-04367339.junc, /vscratch/grp-songyao/pnfioric/pantry/intermediate/splicing/RS-04367340.junc, /vscratch/grp-songyao/pnfioric/pantry/intermediate/splicing/RS-04367341.junc, /vscratch/grp-songyao/pnfioric/pantry/intermediate/splicing/RS-04367342.junc, /vscratch/grp-songyao/pnfioric/pantry/intermediate/splicing/RS-04367343.junc, /vscratch/grp-songyao/pnfioric/pantry/intermediate/splicing/RS-04367344.junc, /vscratch/grp-songyao/pnfioric/pantry/intermediate/splicing/RS-04367345.junc, /vscratch/grp-songyao/pnfioric/pantry/intermediate/splicing/RS-04367346.junc, /vscratch/grp-songyao/pnfioric/pantry/intermediate/splicing/RS-04367347.junc, /vscratch/grp-songyao/pnfioric/pantry/intermediate/splicing/RS-04367348.junc, /vscratch/grp-songyao/pnfioric/pantry/intermediate/splicing/RS-04367349.junc, /vscratch/grp-songyao/pnfioric/pantry/intermediate/splicing/RS-04367350.junc, /vscratch/grp-songyao/pnfioric/pantry/intermediate/splicing/RS-04367351.junc, /vscratch/grp-songyao/pnfioric/pantry/intermediate/splicing/RS-04367352.junc, /vscratch/grp-songyao/pnfioric/pantry/intermediate/splicing/RS-04367353.junc, /vscratch/grp-songyao/pnfioric/pantry/intermediate/splicing/RS-04367354.junc, /vscratch/grp-songyao/pnfioric/pantry/intermediate/splicing/RS-04367355.junc, /vscratch/grp-songyao/pnfioric/pantry/intermediate/splicing/RS-04367356.junc, /vscratch/grp-songyao/pnfioric/pantry/intermediate/splicing/RS-04367357.junc, /vscratch/grp-songyao/pnfioric/pantry/intermediate/splicing/RS-04367358.junc, /vscratch/grp-songyao/pnfioric/pantry/intermediate/splicing/RS-04367359.junc, /vscratch/grp-songyao/pnfioric/pantry/intermediate/splicing/RS-04367360.junc, /vscratch/grp-songyao/pnfioric/pantry/intermediate/splicing/RS-04367361.junc, /vscratch/grp-songyao/pnfioric/pantry/intermediate/splicing/RS-04367362.junc, /vscratch/grp-songyao/pnfioric/pantry/intermediate/splicing/RS-04367363.junc, /vscratch/grp-songyao/pnfioric/pantry/intermediate/splicing/RS-04367364.junc, /vscratch/grp-songyao/pnfioric/pantry/intermediate/splicing/RS-04367365.junc, /vscratch/grp-songyao/pnfioric/pantry/intermediate/splicing/RS-04367366.junc, /vscratch/grp-songyao/pnfioric/pantry/intermediate/splicing/RS-04367367.junc, /vscratch/grp-songyao/pnfioric/pantry/intermediate/splicing/RS-04367368.junc, /vscratch/grp-songyao/pnfioric/pantry/intermediate/splicing/RS-04367369.junc, /vscratch/grp-songyao/pnfioric/pantry/intermediate/splicing/RS-04367370.junc, /vscratch/grp-songyao/pnfioric/pantry/intermediate/splicing/RS-04367371.junc, /vscratch/grp-songyao/pnfioric/pantry/intermediate/splicing/RS-04367372.junc, /vscratch/grp-songyao/pnfioric/pantry/intermediate/splicing/RS-04367373.junc, /vscratch/grp-songyao/pnfioric/pantry/intermediate/splicing/RS-04367374.junc, /vscratch/grp-songyao/pnfioric/pantry/intermediate/splicing/RS-04367375.junc, /vscratch/grp-songyao/pnfioric/pantry/intermediate/splicing/RS-04367376.junc, /vscratch/grp-songyao/pnfioric/pantry/intermediate/splicing/RS-04367377.junc, /vscratch/grp-songyao/pnfioric/pantry/intermediate/splicing/RS-04367378.junc, /vscratch/grp-songyao/pnfioric/pantry/intermediate/splicing/RS-04367379.junc, /vscratch/grp-songyao/pnfioric/pantry/intermediate/splicing/RS-04367380.junc, /vscratch/grp-songyao/pnfioric/pantry/intermediate/splicing/RS-04367381.junc, /vscratch/grp-songyao/pnfioric/pantry/intermediate/splicing/RS-04367382.junc, /vscratch/grp-songyao/pnfioric/pantry/intermediate/splicing/RS-04367383.junc, /vscratch/grp-songyao/pnfioric/pantry/intermediate/splicing/RS-04367384.junc, /vscratch/grp-songyao/pnfioric/pantry/intermediate/splicing/RS-04367385.junc, /vscratch/grp-songyao/pnfioric/pantry/intermediate/splicing/RS-04367386.junc, /vscratch/grp-songyao/pnfioric/pantry/intermediate/splicing/RS-04367387.junc, /vscratch/grp-songyao/pnfioric/pantry/intermediate/splicing/RS-04367388.junc, /vscratch/grp-songyao/pnfioric/pantry/intermediate/splicing/RS-04367389.junc, /vscratch/grp-songyao/pnfioric/pantry/intermediate/splicing/RS-04367390.junc, /vscratch/grp-songyao/pnfioric/pantry/intermediate/splicing/RS-04367391.junc, /vscratch/grp-songyao/pnfioric/pantry/intermediate/splicing/RS-04367392.junc, /vscratch/grp-songyao/pnfioric/pantry/intermediate/splicing/RS-04367393.junc, /vscratch/grp-songyao/pnfioric/pantry/intermediate/splicing/RS-04367394.junc, /vscratch/grp-songyao/pnfioric/pantry/intermediate/splicing/RS-04367395.junc, /vscratch/grp-songyao/pnfioric/pantry/intermediate/splicing/RS-04367396.junc, /vscratch/grp-songyao/pnfioric/pantry/intermediate/splicing/RS-04367397.junc, /vscratch/grp-songyao/pnfioric/pantry/intermediate/splicing/RS-04367398.junc, /vscratch/grp-songyao/pnfioric/pantry/intermediate/splicing/RS-04367399.junc, /vscratch/grp-songyao/pnfioric/pantry/intermediate/splicing/RS-04367400.junc, /vscratch/grp-songyao/pnfioric/pantry/intermediate/splicing/RS-04367401.junc, /vscratch/grp-songyao/pnfioric/pantry/intermediate/splicing/RS-04367402.junc, /vscratch/grp-songyao/pnfioric/pantry/intermediate/splicing/RS-04367403.junc, /vscratch/grp-songyao/pnfioric/pantry/intermediate/splicing/RS-04367404.junc, /vscratch/grp-songyao/pnfioric/pantry/intermediate/splicing/RS-04367405.junc, /vscratch/grp-songyao/pnfioric/pantry/intermediate/splicing/RS-04367406.junc, /vscratch/grp-songyao/pnfioric/pantry/intermediate/splicing/RS-04367407.junc, /vscratch/grp-songyao/pnfioric/pantry/intermediate/splicing/RS-04367408.junc, /vscratch/grp-songyao/pnfioric/pantry/intermediate/splicing/RS-04367409.junc, /vscratch/grp-songyao/pnfioric/pantry/intermediate/splicing/RS-04367410.junc, /vscratch/grp-songyao/pnfioric/pantry/intermediate/splicing/RS-04367411.junc, /vscratch/grp-songyao/pnfioric/pantry/intermediate/splicing/RS-04367412.junc, /vscratch/grp-songyao/pnfioric/pantry/intermediate/splicing/RS-04367413.junc, /vscratch/grp-songyao/pnfioric/pantry/intermediate/splicing/RS-04367414.junc, /vscratch/grp-songyao/pnfioric/pantry/intermediate/splicing/RS-04367415.junc, /vscratch/grp-songyao/pnfioric/pantry/intermediate/splicing/RS-04367416.junc, /vscratch/grp-songyao/pnfioric/pantry/intermediate/splicing/RS-04367417.junc, /vscratch/grp-songyao/pnfioric/pantry/intermediate/splicing/RS-04367418.junc, /vscratch/grp-songyao/pnfioric/pantry/intermediate/splicing/RS-04367419.junc, /vscratch/grp-songyao/pnfioric/pantry/intermediate/splicing/RS-04367420.junc, /vscratch/grp-songyao/pnfioric/pantry/intermediate/splicing/RS-04367421.junc, /vscratch/grp-songyao/pnfioric/pantry/intermediate/splicing/RS-04367422.junc, /vscratch/grp-songyao/pnfioric/pantry/intermediate/splicing/RS-04367423.junc, /vscratch/grp-songyao/pnfioric/pantry/intermediate/splicing/RS-04367424.junc, /vscratch/grp-songyao/pnfioric/pantry/intermediate/splicing/RS-04367425.junc, /vscratch/grp-songyao/pnfioric/pantry/intermediate/splicing/RS-04367426.junc, /vscratch/grp-songyao/pnfioric/pantry/intermediate/splicing/RS-04367427.junc, /vscratch/grp-songyao/pnfioric/pantry/intermediate/splicing/RS-04367428.junc, /vscratch/grp-songyao/pnfioric/pantry/intermediate/splicing/RS-04367429.junc, /vscratch/grp-songyao/pnfioric/pantry/intermediate/splicing/RS-04367430.junc, /vscratch/grp-songyao/pnfioric/pantry/intermediate/splicing/RS-04367431.junc, /vscratch/grp-songyao/pnfioric/pantry/intermediate/splicing/RS-04367432.junc, /vscratch/grp-songyao/pnfioric/pantry/intermediate/splicing/RS-04367433.junc, /vscratch/grp-songyao/pnfioric/pantry/intermediate/splicing/RS-04367434.junc, /vscratch/grp-songyao/pnfioric/pantry/intermediate/splicing/RS-04367435.junc, /vscratch/grp-songyao/pnfioric/pantry/intermediate/splicing/RS-04367436.junc, /vscratch/grp-songyao/pnfioric/pantry/intermediate/splicing/RS-04367437.junc, /vscratch/grp-songyao/pnfioric/pantry/intermediate/splicing/RS-04367438.junc, /vscratch/grp-songyao/pnfioric/pantry/intermediate/splicing/RS-04367439.junc, /vscratch/grp-songyao/pnfioric/pantry/intermediate/splicing/RS-04367440.junc, /vscratch/grp-songyao/pnfioric/pantry/intermediate/splicing/RS-04367441.junc, /vscratch/grp-songyao/pnfioric/pantry/intermediate/splicing/RS-04367442.junc, /vscratch/grp-songyao/pnfioric/pantry/intermediate/splicing/RS-04367443.junc, /vscratch/grp-songyao/pnfioric/pantry/intermediate/splicing/RS-04367444.junc, /vscratch/grp-songyao/pnfioric/pantry/intermediate/splicing/RS-04367445.junc, /vscratch/grp-songyao/pnfioric/pantry/intermediate/splicing/RS-04367446.junc, /vscratch/grp-songyao/pnfioric/pantry/intermediate/splicing/RS-04367447.junc, /vscratch/grp-songyao/pnfioric/pantry/intermediate/splicing/RS-04367448.junc, /vscratch/grp-songyao/pnfioric/pantry/intermediate/splicing/RS-04367449.junc, /vscratch/grp-songyao/pnfioric/pantry/intermediate/splicing/RS-04367450.junc, /vscratch/grp-songyao/pnfioric/pantry/intermediate/splicing/RS-04367451.junc, /vscratch/grp-songyao/pnfioric/pantry/intermediate/splicing/RS-04367452.junc, /vscratch/grp-songyao/pnfioric/pantry/intermediate/splicing/RS-04367453.junc, /vscratch/grp-songyao/pnfioric/pantry/intermediate/splicing/RS-04367454.junc, /vscratch/grp-songyao/pnfioric/pantry/intermediate/splicing/RS-04367455.junc, /vscratch/grp-songyao/pnfioric/pantry/intermediate/splicing/RS-04367456.junc, /vscratch/grp-songyao/pnfioric/pantry/intermediate/splicing/RS-04367457.junc, /vscratch/grp-songyao/pnfioric/pantry/intermediate/splicing/RS-04367458.junc, /vscratch/grp-songyao/pnfioric/pantry/intermediate/splicing/RS-04367459.junc, /vscratch/grp-songyao/pnfioric/pantry/intermediate/splicing/RS-04367460.junc, /vscratch/grp-songyao/pnfioric/pantry/intermediate/splicing/RS-04367461.junc, /vscratch/grp-songyao/pnfioric/pantry/intermediate/splicing/RS-04367462.junc, /vscratch/grp-songyao/pnfioric/pantry/intermediate/splicing/RS-04367463.junc, /vscratch/grp-songyao/pnfioric/pantry/intermediate/splicing/RS-04367464.junc, /vscratch/grp-songyao/pnfioric/pantry/intermediate/splicing/RS-04367465.junc, /vscratch/grp-songyao/pnfioric/pantry/intermediate/splicing/RS-04367466.junc, /vscratch/grp-songyao/pnfioric/pantry/intermediate/splicing/RS-04367467.junc, /vscratch/grp-songyao/pnfioric/pantry/intermediate/splicing/RS-04367468.junc, /vscratch/grp-songyao/pnfioric/pantry/intermediate/splicing/RS-04367469.junc, /vscratch/grp-songyao/pnfioric/pantry/intermediate/splicing/RS-04367470.junc, /vscratch/grp-songyao/pnfioric/pantry/intermediate/splicing/RS-04367471.junc, /vscratch/grp-songyao/pnfioric/pantry/intermediate/splicing/RS-04367472.junc, /vscratch/grp-songyao/pnfioric/pantry/intermediate/splicing/RS-04367473.junc, /vscratch/grp-songyao/pnfioric/pantry/intermediate/splicing/RS-04367474.junc, /vscratch/grp-songyao/pnfioric/pantry/intermediate/splicing/RS-04367475.junc, /vscratch/grp-songyao/pnfioric/pantry/intermediate/splicing/RS-04367476.junc, /vscratch/grp-songyao/pnfioric/pantry/intermediate/splicing/RS-04367477.junc, /vscratch/grp-songyao/pnfioric/pantry/intermediate/splicing/RS-04367478.junc, /vscratch/grp-songyao/pnfioric/pantry/intermediate/splicing/RS-04367479.junc, /vscratch/grp-songyao/pnfioric/pantry/intermediate/splicing/RS-04367480.junc, /vscratch/grp-songyao/pnfioric/pantry/intermediate/splicing/RS-04367481.junc, /vscratch/grp-songyao/pnfioric/pantry/intermediate/splicing/RS-04367482.junc, /vscratch/grp-songyao/pnfioric/pantry/intermediate/splicing/RS-04367483.junc, /vscratch/grp-songyao/pnfioric/pantry/intermediate/splicing/RS-04367484.junc, /vscratch/grp-songyao/pnfioric/pantry/intermediate/splicing/RS-04367485.junc, /vscratch/grp-songyao/pnfioric/pantry/intermediate/splicing/RS-04367486.junc, /vscratch/grp-songyao/pnfioric/pantry/intermediate/splicing/RS-04367487.junc, /vscratch/grp-songyao/pnfioric/pantry/intermediate/splicing/RS-04367488.junc, /vscratch/grp-songyao/pnfioric/pantry/intermediate/splicing/RS-04367489.junc, /vscratch/grp-songyao/pnfioric/pantry/intermediate/splicing/RS-04367490.junc, /vscratch/grp-songyao/pnfioric/pantry/intermediate/splicing/RS-04367491.junc, /vscratch/grp-songyao/pnfioric/pantry/intermediate/splicing/RS-04367492.junc, /vscratch/grp-songyao/pnfioric/pantry/intermediate/splicing/RS-04367493.junc, /vscratch/grp-songyao/pnfioric/pantry/intermediate/splicing/RS-04367494.junc, /vscratch/grp-songyao/pnfioric/pantry/intermediate/splicing/RS-04367495.junc, /vscratch/grp-songyao/pnfioric/pantry/intermediate/splicing/RS-04367496.junc, /vscratch/grp-songyao/pnfioric/pantry/intermediate/splicing/RS-04367497.junc, /vscratch/grp-songyao/pnfioric/pantry/intermediate/splicing/RS-04367498.junc, /vscratch/grp-songyao/pnfioric/pantry/intermediate/splicing/RS-04367499.junc, /vscratch/grp-songyao/pnfioric/pantry/intermediate/splicing/RS-04367500.junc, /vscratch/grp-songyao/pnfioric/pantry/intermediate/splicing/RS-04367501.junc, /vscratch/grp-songyao/pnfioric/pantry/intermediate/splicing/RS-04367502.junc, /vscratch/grp-songyao/pnfioric/pantry/intermediate/splicing/RS-04367503.junc, /vscratch/grp-songyao/pnfioric/pantry/intermediate/splicing/RS-04367504.junc, /vscratch/grp-songyao/pnfioric/pantry/intermediate/splicing/RS-04367505.junc, /vscratch/grp-songyao/pnfioric/pantry/intermediate/splicing/RS-04367506.junc, /vscratch/grp-songyao/pnfioric/pantry/intermediate/splicing/RS-04367507.junc, /vscratch/grp-songyao/pnfioric/pantry/intermediate/splicing/RS-04367508.junc, /vscratch/grp-songyao/pnfioric/pantry/intermediate/splicing/RS-04367509.junc, /vscratch/grp-songyao/pnfioric/pantry/intermediate/splicing/RS-04367510.junc, /vscratch/grp-songyao/pnfioric/pantry/intermediate/splicing/RS-04367511.junc, /vscratch/grp-songyao/pnfioric/pantry/intermediate/splicing/RS-04367512.junc, /vscratch/grp-songyao/pnfioric/pantry/intermediate/splicing/RS-04367513.junc, /vscratch/grp-songyao/pnfioric/pantry/intermediate/splicing/RS-04367514.junc, /vscratch/grp-songyao/pnfioric/pantry/intermediate/splicing/RS-04367515.junc, /vscratch/grp-songyao/pnfioric/pantry/intermediate/splicing/RS-04367516.junc, /vscratch/grp-songyao/pnfioric/pantry/intermediate/splicing/RS-04367517.junc, /vscratch/grp-songyao/pnfioric/pantry/intermediate/splicing/RS-04367518.junc, /vscratch/grp-songyao/pnfioric/pantry/intermediate/splicing/RS-04367519.junc, /vscratch/grp-songyao/pnfioric/pantry/intermediate/splicing/RS-04367520.junc, /vscratch/grp-songyao/pnfioric/pantry/intermediate/splicing/RS-04367521.junc, /vscratch/grp-songyao/pnfioric/pantry/intermediate/splicing/RS-04367522.junc, /vscratch/grp-songyao/pnfioric/pantry/intermediate/splicing/RS-04367523.junc, /vscratch/grp-songyao/pnfioric/pantry/intermediate/splicing/RS-04367524.junc, /vscratch/grp-songyao/pnfioric/pantry/intermediate/splicing/RS-04367525.junc, /vscratch/grp-songyao/pnfioric/pantry/intermediate/splicing/RS-04367526.junc, /vscratch/grp-songyao/pnfioric/pantry/intermediate/splicing/RS-04378608.junc, /vscratch/grp-songyao/pnfioric/pantry/intermediate/splicing/RS-04378609.junc, /vscratch/grp-songyao/pnfioric/pantry/intermediate/splicing/RS-04378610.junc, /vscratch/grp-songyao/pnfioric/pantry/intermediate/splicing/RS-04378611.junc, /vscratch/grp-songyao/pnfioric/pantry/intermediate/splicing/RS-04378612.junc, /vscratch/grp-songyao/pnfioric/pantry/intermediate/splicing/RS-04378613.junc, /vscratch/grp-songyao/pnfioric/pantry/intermediate/splicing/RS-04378614.junc, /vscratch/grp-songyao/pnfioric/pantry/intermediate/splicing/RS-04378615.junc, /vscratch/grp-songyao/pnfioric/pantry/intermediate/splicing/RS-04378616.junc, /vscratch/grp-songyao/pnfioric/pantry/intermediate/splicing/RS-04378617.junc, /vscratch/grp-songyao/pnfioric/pantry/intermediate/splicing/RS-04378618.junc, /vscratch/grp-songyao/pnfioric/pantry/intermediate/splicing/RS-04378619.junc, /vscratch/grp-songyao/pnfioric/pantry/intermediate/splicing/RS-04378620.junc, /vscratch/grp-songyao/pnfioric/pantry/intermediate/splicing/RS-04378621.junc, /vscratch/grp-songyao/pnfioric/pantry/intermediate/splicing/RS-04378622.junc, /vscratch/grp-songyao/pnfioric/pantry/intermediate/splicing/RS-04378623.junc, /vscratch/grp-songyao/pnfioric/pantry/intermediate/splicing/RS-04378624.junc, /vscratch/grp-songyao/pnfioric/pantry/intermediate/splicing/RS-04378625.junc, /vscratch/grp-songyao/pnfioric/pantry/intermediate/splicing/RS-04378626.junc, /vscratch/grp-songyao/pnfioric/pantry/intermediate/splicing/RS-04378627.junc, /vscratch/grp-songyao/pnfioric/pantry/intermediate/splicing/RS-04378628.junc, /vscratch/grp-songyao/pnfioric/pantry/intermediate/splicing/RS-04378629.junc, /vscratch/grp-songyao/pnfioric/pantry/intermediate/splicing/RS-04378630.junc, /vscratch/grp-songyao/pnfioric/pantry/intermediate/splicing/RS-04378631.junc, /vscratch/grp-songyao/pnfioric/pantry/intermediate/splicing/RS-04378632.junc, /vscratch/grp-songyao/pnfioric/pantry/intermediate/splicing/RS-04378633.junc, /vscratch/grp-songyao/pnfioric/pantry/intermediate/splicing/RS-04378634.junc, /vscratch/grp-songyao/pnfioric/pantry/intermediate/splicing/RS-04378635.junc, /vscratch/grp-songyao/pnfioric/pantry/intermediate/splicing/RS-04378636.junc, /vscratch/grp-songyao/pnfioric/pantry/intermediate/splicing/RS-04378637.junc, /vscratch/grp-songyao/pnfioric/pantry/intermediate/splicing/RS-04378638.junc, /vscratch/grp-songyao/pnfioric/pantry/intermediate/splicing/RS-04378639.junc, /vscratch/grp-songyao/pnfioric/pantry/intermediate/splicing/RS-04378640.junc, /vscratch/grp-songyao/pnfioric/pantry/intermediate/splicing/RS-04378641.junc, /vscratch/grp-songyao/pnfioric/pantry/intermediate/splicing/RS-04378642.junc, /vscratch/grp-songyao/pnfioric/pantry/intermediate/splicing/RS-04378643.junc, /vscratch/grp-songyao/pnfioric/pantry/intermediate/splicing/RS-04378644.junc, /vscratch/grp-songyao/pnfioric/pantry/intermediate/splicing/RS-04378645.junc, /vscratch/grp-songyao/pnfioric/pantry/intermediate/splicing/RS-04378646.junc, /vscratch/grp-songyao/pnfioric/pantry/intermediate/splicing/RS-04378647.junc, /vscratch/grp-songyao/pnfioric/pantry/intermediate/splicing/RS-04378648.junc, /vscratch/grp-songyao/pnfioric/pantry/intermediate/splicing/RS-04378649.junc, /vscratch/grp-songyao/pnfioric/pantry/intermediate/splicing/RS-04378650.junc, /vscratch/grp-songyao/pnfioric/pantry/intermediate/splicing/RS-04378651.junc, /vscratch/grp-songyao/pnfioric/pantry/intermediate/splicing/RS-04378652.junc, /vscratch/grp-songyao/pnfioric/pantry/intermediate/splicing/RS-04378653.junc, /vscratch/grp-songyao/pnfioric/pantry/intermediate/splicing/RS-04378654.junc, /vscratch/grp-songyao/pnfioric/pantry/intermediate/splicing/RS-04378655.junc, /vscratch/grp-songyao/pnfioric/pantry/intermediate/splicing/RS-04378656.junc, /vscratch/grp-songyao/pnfioric/pantry/intermediate/splicing/RS-04378657.junc, /vscratch/grp-songyao/pnfioric/pantry/intermediate/splicing/RS-04378658.junc, /vscratch/grp-songyao/pnfioric/pantry/intermediate/splicing/RS-04378659.junc, /vscratch/grp-songyao/pnfioric/pantry/intermediate/splicing/RS-04378660.junc, /vscratch/grp-songyao/pnfioric/pantry/intermediate/splicing/RS-04378661.junc, /vscratch/grp-songyao/pnfioric/pantry/intermediate/splicing/RS-04378662.junc, /vscratch/grp-songyao/pnfioric/pantry/intermediate/splicing/RS-04378663.junc, /vscratch/grp-songyao/pnfioric/pantry/intermediate/splicing/RS-04378664.junc, /vscratch/grp-songyao/pnfioric/pantry/intermediate/splicing/RS-04378665.junc, /vscratch/grp-songyao/pnfioric/pantry/intermediate/splicing/RS-04378666.junc, /vscratch/grp-songyao/pnfioric/pantry/intermediate/splicing/RS-04378667.junc, /vscratch/grp-songyao/pnfioric/pantry/intermediate/splicing/RS-04378668.junc, /vscratch/grp-songyao/pnfioric/pantry/intermediate/splicing/RS-04378669.junc, /vscratch/grp-songyao/pnfioric/pantry/intermediate/splicing/RS-04378670.junc, /vscratch/grp-songyao/pnfioric/pantry/intermediate/splicing/RS-04378671.junc, /vscratch/grp-songyao/pnfioric/pantry/intermediate/splicing/RS-04378672.junc, /vscratch/grp-songyao/pnfioric/pantry/intermediate/splicing/RS-04378673.junc, /vscratch/grp-songyao/pnfioric/pantry/intermediate/splicing/RS-04378674.junc, /vscratch/grp-songyao/pnfioric/pantry/intermediate/splicing/RS-04378675.junc, /vscratch/grp-songyao/pnfioric/pantry/intermediate/splicing/RS-04378676.junc, /vscratch/grp-songyao/pnfioric/pantry/intermediate/splicing/RS-04378677.junc, /vscratch/grp-songyao/pnfioric/pantry/intermediate/splicing/RS-04378678.junc, /vscratch/grp-songyao/pnfioric/pantry/intermediate/splicing/RS-04378679.junc, /vscratch/grp-songyao/pnfioric/pantry/intermediate/splicing/RS-04378680.junc, /vscratch/grp-songyao/pnfioric/pantry/intermediate/splicing/RS-04378681.junc, /vscratch/grp-songyao/pnfioric/pantry/intermediate/splicing/RS-04378682.junc, /vscratch/grp-songyao/pnfioric/pantry/intermediate/splicing/RS-04378683.junc, /vscratch/grp-songyao/pnfioric/pantry/intermediate/splicing/RS-04378684.junc, /vscratch/grp-songyao/pnfioric/pantry/intermediate/splicing/RS-04378685.junc, /vscratch/grp-songyao/pnfioric/pantry/intermediate/splicing/RS-04378686.junc, /vscratch/grp-songyao/pnfioric/pantry/intermediate/splicing/RS-04378687.junc, /vscratch/grp-songyao/pnfioric/pantry/intermediate/splicing/RS-04378688.junc, /vscratch/grp-songyao/pnfioric/pantry/intermediate/splicing/RS-04378689.junc, /vscratch/grp-songyao/pnfioric/pantry/intermediate/splicing/RS-04378690.junc, /vscratch/grp-songyao/pnfioric/pantry/intermediate/splicing/RS-04378691.junc, /vscratch/grp-songyao/pnfioric/pantry/intermediate/splicing/RS-04378692.junc, /vscratch/grp-songyao/pnfioric/pantry/intermediate/splicing/RS-04378693.junc, /vscratch/grp-songyao/pnfioric/pantry/intermediate/splicing/RS-04378694.junc, /vscratch/grp-songyao/pnfioric/pantry/intermediate/splicing/RS-04378695.junc, /vscratch/grp-songyao/pnfioric/pantry/intermediate/splicing/RS-04378696.junc, /vscratch/grp-songyao/pnfioric/pantry/intermediate/splicing/RS-04378697.junc, /vscratch/grp-songyao/pnfioric/pantry/intermediate/splicing/RS-04378698.junc, /vscratch/grp-songyao/pnfioric/pantry/intermediate/splicing/RS-04378699.junc, /vscratch/grp-songyao/pnfioric/pantry/intermediate/splicing/RS-04378700.junc, /vscratch/grp-songyao/pnfioric/pantry/intermediate/splicing/RS-04378701.junc, /vscratch/grp-songyao/pnfioric/pantry/intermediate/splicing/RS-04378702.junc, /vscratch/grp-songyao/pnfioric/pantry/intermediate/splicing/RS-04378703.junc, /vscratch/grp-songyao/pnfioric/pantry/intermediate/splicing/RS-04378704.junc, /vscratch/grp-songyao/pnfioric/pantry/intermediate/splicing/RS-04378705.junc, /vscratch/grp-songyao/pnfioric/pantry/intermediate/splicing/RS-04378706.junc, /vscratch/grp-songyao/pnfioric/pantry/intermediate/splicing/RS-04378707.junc, /vscratch/grp-songyao/pnfioric/pantry/intermediate/splicing/RS-04378708.junc, /vscratch/grp-songyao/pnfioric/pantry/intermediate/splicing/RS-04378709.junc, /vscratch/grp-songyao/pnfioric/pantry/intermediate/splicing/RS-04378710.junc, /vscratch/grp-songyao/pnfioric/pantry/intermediate/splicing/RS-04378711.junc, /vscratch/grp-songyao/pnfioric/pantry/intermediate/splicing/RS-04378712.junc, /vscratch/grp-songyao/pnfioric/pantry/intermediate/splicing/RS-04378713.junc, /vscratch/grp-songyao/pnfioric/pantry/intermediate/splicing/RS-04378714.junc, /vscratch/grp-songyao/pnfioric/pantry/intermediate/splicing/RS-04378715.junc, /vscratch/grp-songyao/pnfioric/pantry/intermediate/splicing/RS-04378716.junc, /vscratch/grp-songyao/pnfioric/pantry/intermediate/splicing/RS-04378717.junc, /vscratch/grp-songyao/pnfioric/pantry/intermediate/splicing/RS-04378718.junc, /vscratch/grp-songyao/pnfioric/pantry/intermediate/splicing/RS-04378719.junc, /vscratch/grp-songyao/pnfioric/pantry/intermediate/splicing/RS-04378720.junc, /vscratch/grp-songyao/pnfioric/pantry/intermediate/splicing/RS-04378721.junc, /vscratch/grp-songyao/pnfioric/pantry/intermediate/splicing/RS-04378722.junc, /vscratch/grp-songyao/pnfioric/pantry/intermediate/splicing/RS-04378723.junc, /vscratch/grp-songyao/pnfioric/pantry/intermediate/splicing/RS-04378724.junc, /vscratch/grp-songyao/pnfioric/pantry/intermediate/splicing/RS-04378725.junc, /vscratch/grp-songyao/pnfioric/pantry/intermediate/splicing/RS-04378726.junc, /vscratch/grp-songyao/pnfioric/pantry/intermediate/splicing/RS-04378727.junc, /vscratch/grp-songyao/pnfioric/pantry/intermediate/splicing/RS-04378728.junc, /vscratch/grp-songyao/pnfioric/pantry/intermediate/splicing/RS-04378729.junc, /vscratch/grp-songyao/pnfioric/pantry/intermediate/splicing/RS-04378730.junc, /vscratch/grp-songyao/pnfioric/pantry/intermediate/splicing/RS-04378731.junc, /vscratch/grp-songyao/pnfioric/pantry/intermediate/splicing/RS-04378732.junc, /vscratch/grp-songyao/pnfioric/pantry/intermediate/splicing/RS-04378733.junc, /vscratch/grp-songyao/pnfioric/pantry/intermediate/splicing/RS-04378734.junc, /vscratch/grp-songyao/pnfioric/pantry/intermediate/splicing/RS-04378735.junc, /vscratch/grp-songyao/pnfioric/pantry/intermediate/splicing/RS-04378736.junc, /vscratch/grp-songyao/pnfioric/pantry/intermediate/splicing/RS-04378737.junc, /vscratch/grp-songyao/pnfioric/pantry/intermediate/splicing/RS-04378738.junc, /vscratch/grp-songyao/pnfioric/pantry/intermediate/splicing/RS-04378739.junc, /vscratch/grp-songyao/pnfioric/pantry/intermediate/splicing/RS-04378740.junc, /vscratch/grp-songyao/pnfioric/pantry/intermediate/splicing/RS-04378741.junc, /vscratch/grp-songyao/pnfioric/pantry/intermediate/splicing/RS-04378742.junc, /vscratch/grp-songyao/pnfioric/pantry/intermediate/splicing/RS-04378743.junc, /vscratch/grp-songyao/pnfioric/pantry/intermediate/splicing/RS-04378744.junc, /vscratch/grp-songyao/pnfioric/pantry/intermediate/splicing/RS-04378745.junc, /vscratch/grp-songyao/pnfioric/pantry/intermediate/splicing/RS-04378746.junc, /vscratch/grp-songyao/pnfioric/pantry/intermediate/splicing/RS-04378747.junc, /vscratch/grp-songyao/pnfioric/pantry/intermediate/splicing/RS-04378748.junc, /vscratch/grp-songyao/pnfioric/pantry/intermediate/splicing/RS-04378749.junc, /vscratch/grp-songyao/pnfioric/pantry/intermediate/splicing/RS-04378750.junc, /vscratch/grp-songyao/pnfioric/pantry/intermediate/splicing/RS-04378751.junc, /vscratch/grp-songyao/pnfioric/pantry/intermediate/splicing/RS-04378752.junc, /vscratch/grp-songyao/pnfioric/pantry/intermediate/splicing/RS-04378753.junc, /vscratch/grp-songyao/pnfioric/pantry/intermediate/splicing/RS-04378754.junc, /vscratch/grp-songyao/pnfioric/pantry/intermediate/splicing/RS-04378755.junc, /vscratch/grp-songyao/pnfioric/pantry/intermediate/splicing/RS-04378756.junc, /vscratch/grp-songyao/pnfioric/pantry/intermediate/splicing/RS-04378757.junc, /vscratch/grp-songyao/pnfioric/pantry/intermediate/splicing/RS-04378758.junc, /vscratch/grp-songyao/pnfioric/pantry/intermediate/splicing/RS-04378759.junc, /vscratch/grp-songyao/pnfioric/pantry/intermediate/splicing/RS-04378760.junc, /vscratch/grp-songyao/pnfioric/pantry/intermediate/splicing/RS-04378761.junc, /vscratch/grp-songyao/pnfioric/pantry/intermediate/splicing/RS-04378762.junc, /vscratch/grp-songyao/pnfioric/pantry/intermediate/splicing/RS-04378763.junc, /vscratch/grp-songyao/pnfioric/pantry/intermediate/splicing/RS-04378764.junc, /vscratch/grp-songyao/pnfioric/pantry/intermediate/splicing/RS-04378765.junc, /vscratch/grp-songyao/pnfioric/pantry/intermediate/splicing/RS-04378766.junc, /vscratch/grp-songyao/pnfioric/pantry/intermediate/splicing/RS-04378767.junc, /vscratch/grp-songyao/pnfioric/pantry/intermediate/splicing/RS-04378768.junc, /vscratch/grp-songyao/pnfioric/pantry/intermediate/splicing/RS-04378769.junc, /vscratch/grp-songyao/pnfioric/pantry/intermediate/splicing/RS-04378770.junc, /vscratch/grp-songyao/pnfioric/pantry/intermediate/splicing/RS-04378771.junc, /vscratch/grp-songyao/pnfioric/pantry/intermediate/splicing/RS-04378772.junc, /vscratch/grp-songyao/pnfioric/pantry/intermediate/splicing/RS-04378773.junc, /vscratch/grp-songyao/pnfioric/pantry/intermediate/splicing/RS-04378774.junc, /vscratch/grp-songyao/pnfioric/pantry/intermediate/splicing/RS-04378775.junc, /vscratch/grp-songyao/pnfioric/pantry/intermediate/splicing/RS-04378776.junc, /vscratch/grp-songyao/pnfioric/pantry/intermediate/splicing/RS-04378777.junc, /vscratch/grp-songyao/pnfioric/pantry/intermediate/splicing/RS-04378778.junc, /vscratch/grp-songyao/pnfioric/pantry/intermediate/splicing/RS-04378779.junc, /vscratch/grp-songyao/pnfioric/pantry/intermediate/splicing/RS-04378780.junc, /vscratch/grp-songyao/pnfioric/pantry/intermediate/splicing/RS-04378781.junc, /vscratch/grp-songyao/pnfioric/pantry/intermediate/splicing/RS-04378782.junc, /vscratch/grp-songyao/pnfioric/pantry/intermediate/splicing/RS-04378783.junc, /vscratch/grp-songyao/pnfioric/pantry/intermediate/splicing/RS-04378784.junc, /vscratch/grp-songyao/pnfioric/pantry/intermediate/splicing/RS-04378785.junc, /vscratch/grp-songyao/pnfioric/pantry/intermediate/splicing/RS-04378786.junc, /vscratch/grp-songyao/pnfioric/pantry/intermediate/splicing/RS-04378787.junc, /vscratch/grp-songyao/pnfioric/pantry/intermediate/splicing/RS-04378788.junc, /vscratch/grp-songyao/pnfioric/pantry/intermediate/splicing/RS-04378789.junc, /vscratch/grp-songyao/pnfioric/pantry/intermediate/splicing/RS-04378790.junc, /vscratch/grp-songyao/pnfioric/pantry/intermediate/splicing/RS-04378791.junc, /vscratch/grp-songyao/pnfioric/pantry/intermediate/splicing/RS-04378792.junc, /vscratch/grp-songyao/pnfioric/pantry/intermediate/splicing/RS-04378793.junc, /vscratch/grp-songyao/pnfioric/pantry/intermediate/splicing/RS-04378794.junc, /vscratch/grp-songyao/pnfioric/pantry/intermediate/splicing/RS-04378795.junc, /vscratch/grp-songyao/pnfioric/pantry/intermediate/splicing/RS-04378796.junc, /vscratch/grp-songyao/pnfioric/pantry/intermediate/splicing/RS-04378797.junc, /vscratch/grp-songyao/pnfioric/pantry/intermediate/splicing/RS-04378798.junc, /vscratch/grp-songyao/pnfioric/pantry/intermediate/splicing/RS-04378799.junc, /vscratch/grp-songyao/pnfioric/pantry/intermediate/splicing/RS-04396631.junc, /vscratch/grp-songyao/pnfioric/pantry/intermediate/splicing/RS-04396632.junc, /vscratch/grp-songyao/pnfioric/pantry/intermediate/splicing/RS-04396633.junc, /vscratch/grp-songyao/pnfioric/pantry/intermediate/splicing/RS-04396634.junc, /vscratch/grp-songyao/pnfioric/pantry/intermediate/splicing/RS-04396635.junc, /vscratch/grp-songyao/pnfioric/pantry/intermediate/splicing/RS-04396636.junc, /vscratch/grp-songyao/pnfioric/pantry/intermediate/splicing/RS-04396637.junc, /vscratch/grp-songyao/pnfioric/pantry/intermediate/splicing/RS-04396638.junc, /vscratch/grp-songyao/pnfioric/pantry/intermediate/splicing/RS-04396639.junc, /vscratch/grp-songyao/pnfioric/pantry/intermediate/splicing/RS-04396640.junc, /vscratch/grp-songyao/pnfioric/pantry/intermediate/splicing/RS-04396641.junc, /vscratch/grp-songyao/pnfioric/pantry/intermediate/splicing/RS-04396642.junc, /vscratch/grp-songyao/pnfioric/pantry/intermediate/splicing/RS-04396643.junc, /vscratch/grp-songyao/pnfioric/pantry/intermediate/splicing/RS-04396644.junc, /vscratch/grp-songyao/pnfioric/pantry/intermediate/splicing/RS-04396645.junc, /vscratch/grp-songyao/pnfioric/pantry/intermediate/splicing/RS-04396646.junc, /vscratch/grp-songyao/pnfioric/pantry/intermediate/splicing/RS-04396647.junc, /vscratch/grp-songyao/pnfioric/pantry/intermediate/splicing/RS-04396648.junc, /vscratch/grp-songyao/pnfioric/pantry/intermediate/splicing/RS-04396649.junc, /vscratch/grp-songyao/pnfioric/pantry/intermediate/splicing/RS-04396650.junc, /vscratch/grp-songyao/pnfioric/pantry/intermediate/splicing/RS-04396651.junc, /vscratch/grp-songyao/pnfioric/pantry/intermediate/splicing/RS-04396652.junc, /vscratch/grp-songyao/pnfioric/pantry/intermediate/splicing/RS-04396653.junc, /vscratch/grp-songyao/pnfioric/pantry/intermediate/splicing/RS-04396654.junc, /vscratch/grp-songyao/pnfioric/pantry/intermediate/splicing/RS-04396655.junc, /vscratch/grp-songyao/pnfioric/pantry/intermediate/splicing/RS-04396656.junc, /vscratch/grp-songyao/pnfioric/pantry/intermediate/splicing/RS-04396657.junc, /vscratch/grp-songyao/pnfioric/pantry/intermediate/splicing/RS-04396658.junc, /vscratch/grp-songyao/pnfioric/pantry/intermediate/splicing/RS-04396659.junc, /vscratch/grp-songyao/pnfioric/pantry/intermediate/splicing/RS-04396660.junc, /vscratch/grp-songyao/pnfioric/pantry/intermediate/splicing/RS-04396661.junc, /vscratch/grp-songyao/pnfioric/pantry/intermediate/splicing/RS-04396662.junc, /vscratch/grp-songyao/pnfioric/pantry/intermediate/splicing/RS-04396663.junc, /vscratch/grp-songyao/pnfioric/pantry/intermediate/splicing/RS-04396664.junc, /vscratch/grp-songyao/pnfioric/pantry/intermediate/splicing/RS-04396665.junc, /vscratch/grp-songyao/pnfioric/pantry/intermediate/splicing/RS-04396666.junc, /vscratch/grp-songyao/pnfioric/pantry/intermediate/splicing/RS-04396667.junc, /vscratch/grp-songyao/pnfioric/pantry/intermediate/splicing/RS-04396668.junc, /vscratch/grp-songyao/pnfioric/pantry/intermediate/splicing/RS-04396669.junc, /vscratch/grp-songyao/pnfioric/pantry/intermediate/splicing/RS-04396670.junc, /vscratch/grp-songyao/pnfioric/pantry/intermediate/splicing/RS-04396671.junc, /vscratch/grp-songyao/pnfioric/pantry/intermediate/splicing/RS-04396672.junc, /vscratch/grp-songyao/pnfioric/pantry/intermediate/splicing/RS-04396673.junc, /vscratch/grp-songyao/pnfioric/pantry/intermediate/splicing/RS-04396674.junc, /vscratch/grp-songyao/pnfioric/pantry/intermediate/splicing/RS-04396675.junc, /vscratch/grp-songyao/pnfioric/pantry/intermediate/splicing/RS-04396676.junc, /vscratch/grp-songyao/pnfioric/pantry/intermediate/splicing/RS-04396677.junc, /vscratch/grp-songyao/pnfioric/pantry/intermediate/splicing/RS-04396678.junc, /vscratch/grp-songyao/pnfioric/pantry/intermediate/splicing/RS-04396697.junc, /vscratch/grp-songyao/pnfioric/pantry/intermediate/splicing/RS-04396698.junc, /vscratch/grp-songyao/pnfioric/pantry/intermediate/splicing/RS-04396699.junc, /vscratch/grp-songyao/pnfioric/pantry/intermediate/splicing/RS-04396700.junc, /vscratch/grp-songyao/pnfioric/pantry/intermediate/splicing/RS-04396701.junc, /vscratch/grp-songyao/pnfioric/pantry/intermediate/splicing/RS-04396702.junc, /vscratch/grp-songyao/pnfioric/pantry/intermediate/splicing/RS-04396703.junc, /vscratch/grp-songyao/pnfioric/pantry/intermediate/splicing/RS-04396704.junc, /vscratch/grp-songyao/pnfioric/pantry/intermediate/splicing/RS-04396705.junc, /vscratch/grp-songyao/pnfioric/pantry/intermediate/splicing/RS-04396706.junc, /vscratch/grp-songyao/pnfioric/pantry/intermediate/splicing/RS-04396707.junc, /vscratch/grp-songyao/pnfioric/pantry/intermediate/splicing/RS-04396708.junc, /vscratch/grp-songyao/pnfioric/pantry/intermediate/splicing/RS-04396709.junc, /vscratch/grp-songyao/pnfioric/pantry/intermediate/splicing/RS-04396710.junc, /vscratch/grp-songyao/pnfioric/pantry/intermediate/splicing/RS-04396711.junc, /vscratch/grp-songyao/pnfioric/pantry/intermediate/splicing/RS-04396712.junc, /vscratch/grp-songyao/pnfioric/pantry/intermediate/splicing/RS-04396713.junc, /vscratch/grp-songyao/pnfioric/pantry/intermediate/splicing/RS-04396714.junc, /vscratch/grp-songyao/pnfioric/pantry/intermediate/splicing/RS-04396715.junc, /vscratch/grp-songyao/pnfioric/pantry/intermediate/splicing/RS-04396716.junc, /vscratch/grp-songyao/pnfioric/pantry/intermediate/splicing/RS-04396717.junc, /vscratch/grp-songyao/pnfioric/pantry/intermediate/splicing/RS-04396718.junc, /vscratch/grp-songyao/pnfioric/pantry/intermediate/splicing/RS-04396719.junc, /vscratch/grp-songyao/pnfioric/pantry/intermediate/splicing/RS-04396720.junc, /vscratch/grp-songyao/pnfioric/pantry/intermediate/splicing/RS-04396721.junc, /vscratch/grp-songyao/pnfioric/pantry/intermediate/splicing/RS-04396722.junc, /vscratch/grp-songyao/pnfioric/pantry/intermediate/splicing/RS-04396723.junc, /vscratch/grp-songyao/pnfioric/pantry/intermediate/splicing/RS-04396724.junc, /vscratch/grp-songyao/pnfioric/pantry/intermediate/splicing/RS-04396725.junc, /vscratch/grp-songyao/pnfioric/pantry/intermediate/splicing/RS-04396726.junc, /vscratch/grp-songyao/pnfioric/pantry/intermediate/splicing/RS-04396727.junc, /vscratch/grp-songyao/pnfioric/pantry/intermediate/splicing/RS-04396728.junc, /vscratch/grp-songyao/pnfioric/pantry/intermediate/splicing/RS-04396729.junc, /vscratch/grp-songyao/pnfioric/pantry/intermediate/splicing/RS-04396730.junc, /vscratch/grp-songyao/pnfioric/pantry/intermediate/splicing/RS-04396731.junc, /vscratch/grp-songyao/pnfioric/pantry/intermediate/splicing/RS-04396732.junc, /vscratch/grp-songyao/pnfioric/pantry/intermediate/splicing/RS-04396733.junc, /vscratch/grp-songyao/pnfioric/pantry/intermediate/splicing/RS-04396734.junc, /vscratch/grp-songyao/pnfioric/pantry/intermediate/splicing/RS-04396735.junc, /vscratch/grp-songyao/pnfioric/pantry/intermediate/splicing/RS-04396736.junc, /vscratch/grp-songyao/pnfioric/pantry/intermediate/splicing/RS-04396737.junc, /vscratch/grp-songyao/pnfioric/pantry/intermediate/splicing/RS-04396738.junc, /vscratch/grp-songyao/pnfioric/pantry/intermediate/splicing/RS-04396739.junc, /vscratch/grp-songyao/pnfioric/pantry/intermediate/splicing/RS-04396740.junc, /vscratch/grp-songyao/pnfioric/pantry/intermediate/splicing/RS-04396741.junc, /vscratch/grp-songyao/pnfioric/pantry/intermediate/splicing/RS-04396742.junc, /vscratch/grp-songyao/pnfioric/pantry/intermediate/splicing/RS-04396743.junc, /vscratch/grp-songyao/pnfioric/pantry/intermediate/splicing/RS-04396744.junc, /vscratch/grp-songyao/pnfioric/pantry/intermediate/splicing/RS-04396758.junc, /vscratch/grp-songyao/pnfioric/pantry/intermediate/splicing/RS-04396759.junc, /vscratch/grp-songyao/pnfioric/pantry/intermediate/splicing/RS-04396760.junc, /vscratch/grp-songyao/pnfioric/pantry/intermediate/splicing/RS-04396761.junc, /vscratch/grp-songyao/pnfioric/pantry/intermediate/splicing/RS-04396762.junc, /vscratch/grp-songyao/pnfioric/pantry/intermediate/splicing/RS-04396763.junc, /vscratch/grp-songyao/pnfioric/pantry/intermediate/splicing/RS-04396764.junc, /vscratch/grp-songyao/pnfioric/pantry/intermediate/splicing/RS-04396765.junc, /vscratch/grp-songyao/pnfioric/pantry/intermediate/splicing/RS-04396766.junc, /vscratch/grp-songyao/pnfioric/pantry/intermediate/splicing/RS-04396767.junc, /vscratch/grp-songyao/pnfioric/pantry/intermediate/splicing/RS-04396768.junc, /vscratch/grp-songyao/pnfioric/pantry/intermediate/splicing/RS-04396769.junc, /vscratch/grp-songyao/pnfioric/pantry/intermediate/splicing/RS-04396770.junc, /vscratch/grp-songyao/pnfioric/pantry/intermediate/splicing/RS-04396771.junc, /vscratch/grp-songyao/pnfioric/pantry/intermediate/splicing/RS-04396772.junc, /vscratch/grp-songyao/pnfioric/pantry/intermediate/splicing/RS-04396773.junc, /vscratch/grp-songyao/pnfioric/pantry/intermediate/splicing/RS-04396774.junc, /vscratch/grp-songyao/pnfioric/pantry/intermediate/splicing/RS-04396775.junc, /vscratch/grp-songyao/pnfioric/pantry/intermediate/splicing/RS-04396776.junc, /vscratch/grp-songyao/pnfioric/pantry/intermediate/splicing/RS-04396777.junc, /vscratch/grp-songyao/pnfioric/pantry/intermediate/splicing/RS-04396778.junc, /vscratch/grp-songyao/pnfioric/pantry/intermediate/splicing/RS-04396779.junc, /vscratch/grp-songyao/pnfioric/pantry/intermediate/splicing/RS-04396780.junc, /vscratch/grp-songyao/pnfioric/pantry/intermediate/splicing/RS-04396781.junc, /vscratch/grp-songyao/pnfioric/pantry/intermediate/splicing/RS-04396782.junc, /vscratch/grp-songyao/pnfioric/pantry/intermediate/splicing/RS-04396783.junc, /vscratch/grp-songyao/pnfioric/pantry/intermediate/splicing/RS-04396784.junc, /vscratch/grp-songyao/pnfioric/pantry/intermediate/splicing/RS-04396785.junc, /vscratch/grp-songyao/pnfioric/pantry/intermediate/splicing/RS-04396786.junc, /vscratch/grp-songyao/pnfioric/pantry/intermediate/splicing/RS-04396787.junc, /vscratch/grp-songyao/pnfioric/pantry/intermediate/splicing/RS-04396788.junc, /vscratch/grp-songyao/pnfioric/pantry/intermediate/splicing/RS-04396789.junc, /vscratch/grp-songyao/pnfioric/pantry/intermediate/splicing/RS-04396790.junc, /vscratch/grp-songyao/pnfioric/pantry/intermediate/splicing/RS-04396791.junc, /vscratch/grp-songyao/pnfioric/pantry/intermediate/splicing/RS-04396792.junc, /vscratch/grp-songyao/pnfioric/pantry/intermediate/splicing/RS-04396793.junc, /vscratch/grp-songyao/pnfioric/pantry/intermediate/splicing/RS-04396794.junc, /vscratch/grp-songyao/pnfioric/pantry/intermediate/splicing/RS-04396795.junc, /vscratch/grp-songyao/pnfioric/pantry/intermediate/splicing/RS-04396796.junc, /vscratch/grp-songyao/pnfioric/pantry/intermediate/splicing/RS-04396797.junc, /vscratch/grp-songyao/pnfioric/pantry/intermediate/splicing/RS-04396798.junc, /vscratch/grp-songyao/pnfioric/pantry/intermediate/splicing/RS-04396799.junc, /vscratch/grp-songyao/pnfioric/pantry/intermediate/splicing/RS-04396800.junc, /vscratch/grp-songyao/pnfioric/pantry/intermediate/splicing/RS-04396801.junc, /vscratch/grp-songyao/pnfioric/pantry/intermediate/splicing/RS-04396802.junc, /vscratch/grp-songyao/pnfioric/pantry/intermediate/splicing/RS-04396803.junc, /vscratch/grp-songyao/pnfioric/pantry/intermediate/splicing/RS-04396804.junc, /vscratch/grp-songyao/pnfioric/pantry/intermediate/splicing/RS-04396805.junc, /vscratch/grp-songyao/pnfioric/pantry/intermediate/splicing/RS-04396806.junc, /vscratch/grp-songyao/pnfioric/pantry/intermediate/splicing/RS-04396807.junc, /vscratch/grp-songyao/pnfioric/pantry/intermediate/splicing/RS-04396808.junc, /vscratch/grp-songyao/pnfioric/pantry/intermediate/splicing/RS-04396809.junc, /vscratch/grp-songyao/pnfioric/pantry/intermediate/splicing/RS-04396810.junc, /vscratch/grp-songyao/pnfioric/pantry/intermediate/splicing/RS-04396811.junc, /vscratch/grp-songyao/pnfioric/pantry/intermediate/splicing/RS-04396812.junc, /vscratch/grp-songyao/pnfioric/pantry/intermediate/splicing/RS-04396813.junc, /vscratch/grp-songyao/pnfioric/pantry/intermediate/splicing/RS-04396814.junc, /vscratch/grp-songyao/pnfioric/pantry/intermediate/splicing/RS-04396815.junc, /vscratch/grp-songyao/pnfioric/pantry/intermediate/splicing/RS-04396816.junc, /vscratch/grp-songyao/pnfioric/pantry/intermediate/splicing/RS-04396817.junc, /vscratch/grp-songyao/pnfioric/pantry/intermediate/splicing/RS-04396818.junc, /vscratch/grp-songyao/pnfioric/pantry/intermediate/splicing/RS-04396819.junc, /vscratch/grp-songyao/pnfioric/pantry/intermediate/splicing/RS-04396820.junc, /vscratch/grp-songyao/pnfioric/pantry/intermediate/splicing/RS-04396821.junc, /vscratch/grp-songyao/pnfioric/pantry/intermediate/splicing/RS-04396822.junc, /vscratch/grp-songyao/pnfioric/pantry/intermediate/splicing/RS-04396823.junc, /vscratch/grp-songyao/pnfioric/pantry/intermediate/splicing/RS-04396824.junc, /vscratch/grp-songyao/pnfioric/pantry/intermediate/splicing/RS-04396825.junc, /vscratch/grp-songyao/pnfioric/pantry/intermediate/splicing/RS-04396826.junc, /vscratch/grp-songyao/pnfioric/pantry/intermediate/splicing/RS-04396827.junc, /vscratch/grp-songyao/pnfioric/pantry/intermediate/splicing/RS-04396828.junc, /vscratch/grp-songyao/pnfioric/pantry/intermediate/splicing/RS-04396829.junc, /vscratch/grp-songyao/pnfioric/pantry/intermediate/splicing/RS-04396830.junc, /vscratch/grp-songyao/pnfioric/pantry/intermediate/splicing/RS-04396831.junc, /vscratch/grp-songyao/pnfioric/pantry/intermediate/splicing/RS-04396832.junc, /vscratch/grp-songyao/pnfioric/pantry/intermediate/splicing/RS-04396833.junc, /vscratch/grp-songyao/pnfioric/pantry/intermediate/splicing/RS-04396834.junc, /vscratch/grp-songyao/pnfioric/pantry/intermediate/splicing/RS-04396835.junc, /vscratch/grp-songyao/pnfioric/pantry/intermediate/splicing/RS-04396836.junc, /vscratch/grp-songyao/pnfioric/pantry/intermediate/splicing/RS-04396837.junc, /vscratch/grp-songyao/pnfioric/pantry/intermediate/splicing/RS-04396838.junc, /vscratch/grp-songyao/pnfioric/pantry/intermediate/splicing/RS-04396839.junc, /vscratch/grp-songyao/pnfioric/pantry/intermediate/splicing/RS-04396840.junc, /vscratch/grp-songyao/pnfioric/pantry/intermediate/splicing/RS-04396841.junc, /vscratch/grp-songyao/pnfioric/pantry/intermediate/splicing/RS-04396842.junc, /vscratch/grp-songyao/pnfioric/pantry/intermediate/splicing/RS-04396843.junc, /vscratch/grp-songyao/pnfioric/pantry/intermediate/splicing/RS-04396844.junc, /vscratch/grp-songyao/pnfioric/pantry/intermediate/splicing/RS-04396845.junc, /vscratch/grp-songyao/pnfioric/pantry/intermediate/splicing/RS-04396846.junc, /vscratch/grp-songyao/pnfioric/pantry/intermediate/splicing/RS-04396847.junc, /vscratch/grp-songyao/pnfioric/pantry/intermediate/splicing/RS-04396848.junc, /vscratch/grp-songyao/pnfioric/pantry/intermediate/splicing/RS-04396849.junc, /vscratch/grp-songyao/pnfioric/pantry/intermediate/splicing/RS-04396850.junc, /vscratch/grp-songyao/pnfioric/pantry/intermediate/splicing/RS-04396851.junc, /vscratch/grp-songyao/pnfioric/pantry/intermediate/splicing/RS-04396852.junc, /vscratch/grp-songyao/pnfioric/pantry/intermediate/splicing/RS-04396853.junc, /vscratch/grp-songyao/pnfioric/pantry/intermediate/splicing/RS-04430783.junc, /vscratch/grp-songyao/pnfioric/pantry/intermediate/splicing/RS-04430784.junc, /vscratch/grp-songyao/pnfioric/pantry/intermediate/splicing/RS-04430785.junc, /vscratch/grp-songyao/pnfioric/pantry/intermediate/splicing/RS-04430786.junc, /vscratch/grp-songyao/pnfioric/pantry/intermediate/splicing/RS-04430787.junc, /vscratch/grp-songyao/pnfioric/pantry/intermediate/splicing/RS-04430788.junc, /vscratch/grp-songyao/pnfioric/pantry/intermediate/splicing/RS-04430789.junc, /vscratch/grp-songyao/pnfioric/pantry/intermediate/splicing/RS-04430790.junc, /vscratch/grp-songyao/pnfioric/pantry/intermediate/splicing/RS-04430791.junc, /vscratch/grp-songyao/pnfioric/pantry/intermediate/splicing/RS-04430792.junc, /vscratch/grp-songyao/pnfioric/pantry/intermediate/splicing/RS-04430793.junc, /vscratch/grp-songyao/pnfioric/pantry/intermediate/splicing/RS-04430794.junc, /vscratch/grp-songyao/pnfioric/pantry/intermediate/splicing/RS-04430795.junc, /vscratch/grp-songyao/pnfioric/pantry/intermediate/splicing/RS-04430798.junc, /vscratch/grp-songyao/pnfioric/pantry/intermediate/splicing/RS-04430800.junc, /vscratch/grp-songyao/pnfioric/pantry/intermediate/splicing/RS-04430802.junc, /vscratch/grp-songyao/pnfioric/pantry/intermediate/splicing/RS-04430805.junc, /vscratch/grp-songyao/pnfioric/pantry/intermediate/splicing/RS-04430806.junc, /vscratch/grp-songyao/pnfioric/pantry/intermediate/splicing/RS-04430807.junc, /vscratch/grp-songyao/pnfioric/pantry/intermediate/splicing/RS-04430808.junc, /vscratch/grp-songyao/pnfioric/pantry/intermediate/splicing/RS-04430809.junc, /vscratch/grp-songyao/pnfioric/pantry/intermediate/splicing/RS-04430810.junc, /vscratch/grp-songyao/pnfioric/pantry/intermediate/splicing/RS-04430811.junc, /vscratch/grp-songyao/pnfioric/pantry/intermediate/splicing/RS-04430812.junc, /vscratch/grp-songyao/pnfioric/pantry/intermediate/splicing/RS-04430813.junc, /vscratch/grp-songyao/pnfioric/pantry/intermediate/splicing/RS-04430814.junc, /vscratch/grp-songyao/pnfioric/pantry/intermediate/splicing/RS-04430815.junc, /vscratch/grp-songyao/pnfioric/pantry/intermediate/splicing/RS-04430816.junc, /vscratch/grp-songyao/pnfioric/pantry/intermediate/splicing/RS-04430817.junc, /vscratch/grp-songyao/pnfioric/pantry/intermediate/splicing/RS-04430818.junc, /vscratch/grp-songyao/pnfioric/pantry/intermediate/splicing/RS-04430819.junc, /vscratch/grp-songyao/pnfioric/pantry/intermediate/splicing/RS-04430820.junc, /vscratch/grp-songyao/pnfioric/pantry/intermediate/splicing/RS-04430821.junc, /vscratch/grp-songyao/pnfioric/pantry/intermediate/splicing/RS-04430822.junc, /vscratch/grp-songyao/pnfioric/pantry/intermediate/splicing/RS-04430823.junc, /vscratch/grp-songyao/pnfioric/pantry/intermediate/splicing/RS-04430824.junc, /vscratch/grp-songyao/pnfioric/pantry/intermediate/splicing/RS-04430825.junc, /vscratch/grp-songyao/pnfioric/pantry/intermediate/splicing/RS-04430826.junc, /vscratch/grp-songyao/pnfioric/pantry/intermediate/splicing/RS-04430827.junc, /vscratch/grp-songyao/pnfioric/pantry/intermediate/splicing/RS-04430828.junc, /vscratch/grp-songyao/pnfioric/pantry/intermediate/splicing/RS-04430829.junc, /vscratch/grp-songyao/pnfioric/pantry/intermediate/splicing/RS-04430830.junc, /vscratch/grp-songyao/pnfioric/pantry/intermediate/splicing/RS-04430831.junc, /vscratch/grp-songyao/pnfioric/pantry/intermediate/splicing/RS-04430832.junc, /vscratch/grp-songyao/pnfioric/pantry/intermediate/splicing/RS-04430833.junc, /vscratch/grp-songyao/pnfioric/pantry/intermediate/splicing/RS-04430834.junc, /vscratch/grp-songyao/pnfioric/pantry/intermediate/splicing/RS-04430835.junc, /vscratch/grp-songyao/pnfioric/pantry/intermediate/splicing/RS-04430836.junc, /vscratch/grp-songyao/pnfioric/pantry/intermediate/splicing/RS-04430837.junc, /vscratch/grp-songyao/pnfioric/pantry/intermediate/splicing/RS-04430838.junc, /vscratch/grp-songyao/pnfioric/pantry/intermediate/splicing/RS-04430839.junc, /vscratch/grp-songyao/pnfioric/pantry/intermediate/splicing/RS-04430840.junc, /vscratch/grp-songyao/pnfioric/pantry/intermediate/splicing/RS-04430841.junc, /vscratch/grp-songyao/pnfioric/pantry/intermediate/splicing/RS-04430842.junc, /vscratch/grp-songyao/pnfioric/pantry/intermediate/splicing/RS-04430843.junc, /vscratch/grp-songyao/pnfioric/pantry/intermediate/splicing/RS-04430844.junc, /vscratch/grp-songyao/pnfioric/pantry/intermediate/splicing/RS-04430845.junc, /vscratch/grp-songyao/pnfioric/pantry/intermediate/splicing/RS-04430846.junc, /vscratch/grp-songyao/pnfioric/pantry/intermediate/splicing/RS-04430847.junc, /vscratch/grp-songyao/pnfioric/pantry/intermediate/splicing/RS-04430848.junc, /vscratch/grp-songyao/pnfioric/pantry/intermediate/splicing/RS-04430849.junc, /vscratch/grp-songyao/pnfioric/pantry/intermediate/splicing/RS-04430850.junc, /vscratch/grp-songyao/pnfioric/pantry/intermediate/splicing/RS-04430851.junc, /vscratch/grp-songyao/pnfioric/pantry/intermediate/splicing/RS-04430852.junc, /vscratch/grp-songyao/pnfioric/pantry/intermediate/splicing/RS-04430853.junc, /vscratch/grp-songyao/pnfioric/pantry/intermediate/splicing/RS-04430854.junc, /vscratch/grp-songyao/pnfioric/pantry/intermediate/splicing/RS-04430855.junc, /vscratch/grp-songyao/pnfioric/pantry/intermediate/splicing/RS-04430856.junc, /vscratch/grp-songyao/pnfioric/pantry/intermediate/splicing/RS-04430857.junc, /vscratch/grp-songyao/pnfioric/pantry/intermediate/splicing/RS-04430858.junc, /vscratch/grp-songyao/pnfioric/pantry/intermediate/splicing/RS-04430859.junc, /vscratch/grp-songyao/pnfioric/pantry/intermediate/splicing/RS-04430860.junc, /vscratch/grp-songyao/pnfioric/pantry/intermediate/splicing/RS-04430861.junc, /vscratch/grp-songyao/pnfioric/pantry/intermediate/splicing/RS-04430862.junc, /vscratch/grp-songyao/pnfioric/pantry/intermediate/splicing/RS-04430863.junc, /vscratch/grp-songyao/pnfioric/pantry/intermediate/splicing/RS-04430864.junc, /vscratch/grp-songyao/pnfioric/pantry/intermediate/splicing/RS-04430865.junc, /vscratch/grp-songyao/pnfioric/pantry/intermediate/splicing/RS-04430866.junc, /vscratch/grp-songyao/pnfioric/pantry/intermediate/splicing/RS-04430867.junc, /vscratch/grp-songyao/pnfioric/pantry/intermediate/splicing/RS-04430868.junc, /vscratch/grp-songyao/pnfioric/pantry/intermediate/splicing/RS-04430869.junc, /vscratch/grp-songyao/pnfioric/pantry/intermediate/splicing/RS-04430870.junc, /vscratch/grp-songyao/pnfioric/pantry/intermediate/splicing/RS-04430871.junc, /vscratch/grp-songyao/pnfioric/pantry/intermediate/splicing/RS-04430872.junc, /vscratch/grp-songyao/pnfioric/pantry/intermediate/splicing/RS-04430873.junc, /vscratch/grp-songyao/pnfioric/pantry/intermediate/splicing/RS-04430874.junc, /vscratch/grp-songyao/pnfioric/pantry/intermediate/splicing/RS-04430875.junc, /vscratch/grp-songyao/pnfioric/pantry/intermediate/splicing/RS-04430876.junc, /vscratch/grp-songyao/pnfioric/pantry/intermediate/splicing/RS-04430877.junc, /vscratch/grp-songyao/pnfioric/pantry/intermediate/splicing/RS-04430878.junc, /vscratch/grp-songyao/pnfioric/pantry/intermediate/splicing/RS-04430879.junc, /vscratch/grp-songyao/pnfioric/pantry/intermediate/splicing/RS-04430880.junc, /vscratch/grp-songyao/pnfioric/pantry/intermediate/splicing/RS-04430881.junc, /vscratch/grp-songyao/pnfioric/pantry/intermediate/splicing/RS-04430882.junc, /vscratch/grp-songyao/pnfioric/pantry/intermediate/splicing/RS-04430883.junc, /vscratch/grp-songyao/pnfioric/pantry/intermediate/splicing/RS-04430884.junc
    output: /vscratch/grp-songyao/pnfioric/pantry/intermediate/splicing/leafcutter_perind_numers.counts.gz
    jobid: 4453
    reason: Missing output files: /vscratch/grp-songyao/pnfioric/pantry/intermediate/splicing/leafcutter_perind_numers.counts.gz; Input files updated by another job: /vscratch/grp-songyao/pnfioric/pantry/intermediate/splicing/RS-04367484.junc, /vscratch/grp-songyao/pnfioric/pantry/intermediate/splicing/RS-04367397.junc, /vscratch/grp-songyao/pnfioric/pantry/intermediate/splicing/RS-04218234.junc, /vscratch/grp-songyao/pnfioric/pantry/intermediate/splicing/RS-04378759.junc, /vscratch/grp-songyao/pnfioric/pantry/intermediate/splicing/RS-04367515.junc, /vscratch/grp-songyao/pnfioric/pantry/intermediate/splicing/RS-04367396.junc, /vscratch/grp-songyao/pnfioric/pantry/intermediate/splicing/RS-04396807.junc, /vscratch/grp-songyao/pnfioric/pantry/intermediate/splicing/RS-04396767.junc, /vscratch/grp-songyao/pnfioric/pantry/intermediate/splicing/RS-04199405.junc, /vscratch/grp-songyao/pnfioric/pantry/intermediate/splicing/RS-04050572.junc, /vscratch/grp-songyao/pnfioric/pantry/intermediate/splicing/RS-04218233.junc, /vscratch/grp-songyao/pnfioric/pantry/intermediate/splicing/RS-04396637.junc, /vscratch/grp-songyao/pnfioric/pantry/intermediate/splicing/RS-04240729.junc
    resources: mem_mb=16000, disk_mb=22127, tmpdir=<TBD>, runtime=04:00:00, slurm_extra=--qos=general-compute
INFO:snakemake.logging:rule cluster_junctions:
    input: /vscratch/grp-songyao/pnfioric/pantry/intermediate/splicing/RS-02166929.junc, /vscratch/grp-songyao/pnfioric/pantry/intermediate/splicing/RS-02732377.junc, /vscratch/grp-songyao/pnfioric/pantry/intermediate/splicing/RS-03423261.junc, /vscratch/grp-songyao/pnfioric/pantry/intermediate/splicing/RS-03427463.junc, /vscratch/grp-songyao/pnfioric/pantry/intermediate/splicing/RS-03522170.junc, /vscratch/grp-songyao/pnfioric/pantry/intermediate/splicing/RS-03522202.junc, /vscratch/grp-songyao/pnfioric/pantry/intermediate/splicing/RS-03568549.junc, /vscratch/grp-songyao/pnfioric/pantry/intermediate/splicing/RS-03602187.junc, /vscratch/grp-songyao/pnfioric/pantry/intermediate/splicing/RS-03689431.junc, /vscratch/grp-songyao/pnfioric/pantry/intermediate/splicing/RS-03695641.junc, /vscratch/grp-songyao/pnfioric/pantry/intermediate/splicing/RS-03697717.junc, /vscratch/grp-songyao/pnfioric/pantry/intermediate/splicing/RS-03702962.junc, /vscratch/grp-songyao/pnfioric/pantry/intermediate/splicing/RS-03709093.junc, /vscratch/grp-songyao/pnfioric/pantry/intermediate/splicing/RS-03709094.junc, /vscratch/grp-songyao/pnfioric/pantry/intermediate/splicing/RS-03709098.junc, /vscratch/grp-songyao/pnfioric/pantry/intermediate/splicing/RS-03710643.junc, /vscratch/grp-songyao/pnfioric/pantry/intermediate/splicing/RS-03711363.junc, /vscratch/grp-songyao/pnfioric/pantry/intermediate/splicing/RS-03722465.junc, /vscratch/grp-songyao/pnfioric/pantry/intermediate/splicing/RS-03726100.junc, /vscratch/grp-songyao/pnfioric/pantry/intermediate/splicing/RS-03726102.junc, /vscratch/grp-songyao/pnfioric/pantry/intermediate/splicing/RS-03726103.junc, /vscratch/grp-songyao/pnfioric/pantry/intermediate/splicing/RS-03745424.junc, /vscratch/grp-songyao/pnfioric/pantry/intermediate/splicing/RS-03746605.junc, /vscratch/grp-songyao/pnfioric/pantry/intermediate/splicing/RS-03746606.junc, /vscratch/grp-songyao/pnfioric/pantry/intermediate/splicing/RS-03750575.junc, /vscratch/grp-songyao/pnfioric/pantry/intermediate/splicing/RS-03750576.junc, /vscratch/grp-songyao/pnfioric/pantry/intermediate/splicing/RS-03750577.junc, /vscratch/grp-songyao/pnfioric/pantry/intermediate/splicing/RS-03753113.junc, /vscratch/grp-songyao/pnfioric/pantry/intermediate/splicing/RS-03753115.junc, /vscratch/grp-songyao/pnfioric/pantry/intermediate/splicing/RS-03754774.junc, /vscratch/grp-songyao/pnfioric/pantry/intermediate/splicing/RS-03754775.junc, /vscratch/grp-songyao/pnfioric/pantry/intermediate/splicing/RS-03756154.junc, /vscratch/grp-songyao/pnfioric/pantry/intermediate/splicing/RS-03756156.junc, /vscratch/grp-songyao/pnfioric/pantry/intermediate/splicing/RS-03756157.junc, /vscratch/grp-songyao/pnfioric/pantry/intermediate/splicing/RS-03766372.junc, /vscratch/grp-songyao/pnfioric/pantry/intermediate/splicing/RS-03766374.junc, /vscratch/grp-songyao/pnfioric/pantry/intermediate/splicing/RS-03767743.junc, /vscratch/grp-songyao/pnfioric/pantry/intermediate/splicing/RS-03767744.junc, /vscratch/grp-songyao/pnfioric/pantry/intermediate/splicing/RS-03769227.junc, /vscratch/grp-songyao/pnfioric/pantry/intermediate/splicing/RS-03769895.junc, /vscratch/grp-songyao/pnfioric/pantry/intermediate/splicing/RS-03769896.junc, /vscratch/grp-songyao/pnfioric/pantry/intermediate/splicing/RS-03773034.junc, /vscratch/grp-songyao/pnfioric/pantry/intermediate/splicing/RS-03773036.junc, /vscratch/grp-songyao/pnfioric/pantry/intermediate/splicing/RS-03773039.junc, /vscratch/grp-songyao/pnfioric/pantry/intermediate/splicing/RS-03779390.junc, /vscratch/grp-songyao/pnfioric/pantry/intermediate/splicing/RS-03779391.junc, /vscratch/grp-songyao/pnfioric/pantry/intermediate/splicing/RS-03779392.junc, /vscratch/grp-songyao/pnfioric/pantry/intermediate/splicing/RS-03779394.junc, /vscratch/grp-songyao/pnfioric/pantry/intermediate/splicing/RS-03792485.junc, /vscratch/grp-songyao/pnfioric/pantry/intermediate/splicing/RS-03792488.junc, /vscratch/grp-songyao/pnfioric/pantry/intermediate/splicing/RS-03800061.junc, /vscratch/grp-songyao/pnfioric/pantry/intermediate/splicing/RS-03804912.junc, /vscratch/grp-songyao/pnfioric/pantry/intermediate/splicing/RS-03804915.junc, /vscratch/grp-songyao/pnfioric/pantry/intermediate/splicing/RS-03804916.junc, /vscratch/grp-songyao/pnfioric/pantry/intermediate/splicing/RS-03813027.junc, /vscratch/grp-songyao/pnfioric/pantry/intermediate/splicing/RS-03813029.junc, /vscratch/grp-songyao/pnfioric/pantry/intermediate/splicing/RS-03813031.junc, /vscratch/grp-songyao/pnfioric/pantry/intermediate/splicing/RS-03813032.junc, /vscratch/grp-songyao/pnfioric/pantry/intermediate/splicing/RS-03816355.junc, /vscratch/grp-songyao/pnfioric/pantry/intermediate/splicing/RS-03816356.junc, /vscratch/grp-songyao/pnfioric/pantry/intermediate/splicing/RS-03816358.junc, /vscratch/grp-songyao/pnfioric/pantry/intermediate/splicing/RS-03817302.junc, /vscratch/grp-songyao/pnfioric/pantry/intermediate/splicing/RS-03817304.junc, /vscratch/grp-songyao/pnfioric/pantry/intermediate/splicing/RS-03827250.junc, /vscratch/grp-songyao/pnfioric/pantry/intermediate/splicing/RS-03827254.junc, /vscratch/grp-songyao/pnfioric/pantry/intermediate/splicing/RS-03831725.junc, /vscratch/grp-songyao/pnfioric/pantry/intermediate/splicing/RS-03834166.junc, /vscratch/grp-songyao/pnfioric/pantry/intermediate/splicing/RS-03834168.junc, /vscratch/grp-songyao/pnfioric/pantry/intermediate/splicing/RS-03837511.junc, /vscratch/grp-songyao/pnfioric/pantry/intermediate/splicing/RS-03837512.junc, /vscratch/grp-songyao/pnfioric/pantry/intermediate/splicing/RS-03837577.junc, /vscratch/grp-songyao/pnfioric/pantry/intermediate/splicing/RS-03838687.junc, /vscratch/grp-songyao/pnfioric/pantry/intermediate/splicing/RS-03840948.junc, /vscratch/grp-songyao/pnfioric/pantry/intermediate/splicing/RS-03840952.junc, /vscratch/grp-songyao/pnfioric/pantry/intermediate/splicing/RS-03840994.junc, /vscratch/grp-songyao/pnfioric/pantry/intermediate/splicing/RS-03849883.junc, /vscratch/grp-songyao/pnfioric/pantry/intermediate/splicing/RS-03857995.junc, /vscratch/grp-songyao/pnfioric/pantry/intermediate/splicing/RS-03860509.junc, /vscratch/grp-songyao/pnfioric/pantry/intermediate/splicing/RS-03862582.junc, /vscratch/grp-songyao/pnfioric/pantry/intermediate/splicing/RS-03862589.junc, /vscratch/grp-songyao/pnfioric/pantry/intermediate/splicing/RS-03879231.junc, /vscratch/grp-songyao/pnfioric/pantry/intermediate/splicing/RS-03885248.junc, /vscratch/grp-songyao/pnfioric/pantry/intermediate/splicing/RS-03885250.junc, /vscratch/grp-songyao/pnfioric/pantry/intermediate/splicing/RS-03886129.junc, /vscratch/grp-songyao/pnfioric/pantry/intermediate/splicing/RS-03888427.junc, /vscratch/grp-songyao/pnfioric/pantry/intermediate/splicing/RS-03888429.junc, /vscratch/grp-songyao/pnfioric/pantry/intermediate/splicing/RS-03890640.junc, /vscratch/grp-songyao/pnfioric/pantry/intermediate/splicing/RS-03890644.junc, /vscratch/grp-songyao/pnfioric/pantry/intermediate/splicing/RS-03898411.junc, /vscratch/grp-songyao/pnfioric/pantry/intermediate/splicing/RS-03898412.junc, /vscratch/grp-songyao/pnfioric/pantry/intermediate/splicing/RS-03899701.junc, /vscratch/grp-songyao/pnfioric/pantry/intermediate/splicing/RS-03899703.junc, /vscratch/grp-songyao/pnfioric/pantry/intermediate/splicing/RS-03899706.junc, /vscratch/grp-songyao/pnfioric/pantry/intermediate/splicing/RS-03901858.junc, /vscratch/grp-songyao/pnfioric/pantry/intermediate/splicing/RS-03931520.junc, /vscratch/grp-songyao/pnfioric/pantry/intermediate/splicing/RS-03970187.junc, /vscratch/grp-songyao/pnfioric/pantry/intermediate/splicing/RS-04035152.junc, /vscratch/grp-songyao/pnfioric/pantry/intermediate/splicing/RS-04035153.junc, /vscratch/grp-songyao/pnfioric/pantry/intermediate/splicing/RS-04035154.junc, /vscratch/grp-songyao/pnfioric/pantry/intermediate/splicing/RS-04036669.junc, /vscratch/grp-songyao/pnfioric/pantry/intermediate/splicing/RS-04036674.junc, /vscratch/grp-songyao/pnfioric/pantry/intermediate/splicing/RS-04045323.junc, /vscratch/grp-songyao/pnfioric/pantry/intermediate/splicing/RS-04045663.junc, /vscratch/grp-songyao/pnfioric/pantry/intermediate/splicing/RS-04048349.junc, /vscratch/grp-songyao/pnfioric/pantry/intermediate/splicing/RS-04050572.junc, /vscratch/grp-songyao/pnfioric/pantry/intermediate/splicing/RS-04056908.junc, /vscratch/grp-songyao/pnfioric/pantry/intermediate/splicing/RS-04056909.junc, /vscratch/grp-songyao/pnfioric/pantry/intermediate/splicing/RS-04056911.junc, /vscratch/grp-songyao/pnfioric/pantry/intermediate/splicing/RS-04058236.junc, /vscratch/grp-songyao/pnfioric/pantry/intermediate/splicing/RS-04058254.junc, /vscratch/grp-songyao/pnfioric/pantry/intermediate/splicing/RS-04058255.junc, /vscratch/grp-songyao/pnfioric/pantry/intermediate/splicing/RS-04058256.junc, /vscratch/grp-songyao/pnfioric/pantry/intermediate/splicing/RS-04059952.junc, /vscratch/grp-songyao/pnfioric/pantry/intermediate/splicing/RS-04059954.junc, /vscratch/grp-songyao/pnfioric/pantry/intermediate/splicing/RS-04061367.junc, /vscratch/grp-songyao/pnfioric/pantry/intermediate/splicing/RS-04061369.junc, /vscratch/grp-songyao/pnfioric/pantry/intermediate/splicing/RS-04065375.junc, /vscratch/grp-songyao/pnfioric/pantry/intermediate/splicing/RS-04066121.junc, /vscratch/grp-songyao/pnfioric/pantry/intermediate/splicing/RS-04068926.junc, /vscratch/grp-songyao/pnfioric/pantry/intermediate/splicing/RS-04072742.junc, /vscratch/grp-songyao/pnfioric/pantry/intermediate/splicing/RS-04075008.junc, /vscratch/grp-songyao/pnfioric/pantry/intermediate/splicing/RS-04075720.junc, /vscratch/grp-songyao/pnfioric/pantry/intermediate/splicing/RS-04079693.junc, /vscratch/grp-songyao/pnfioric/pantry/intermediate/splicing/RS-04079696.junc, /vscratch/grp-songyao/pnfioric/pantry/intermediate/splicing/RS-04083995.junc, /vscratch/grp-songyao/pnfioric/pantry/intermediate/splicing/RS-04084275.junc, /vscratch/grp-songyao/pnfioric/pantry/intermediate/splicing/RS-04084277.junc, /vscratch/grp-songyao/pnfioric/pantry/intermediate/splicing/RS-04088695.junc, /vscratch/grp-songyao/pnfioric/pantry/intermediate/splicing/RS-04088698.junc, /vscratch/grp-songyao/pnfioric/pantry/intermediate/splicing/RS-04088945.junc, /vscratch/grp-songyao/pnfioric/pantry/intermediate/splicing/RS-04092923.junc, /vscratch/grp-songyao/pnfioric/pantry/intermediate/splicing/RS-04096236.junc, /vscratch/grp-songyao/pnfioric/pantry/intermediate/splicing/RS-04096237.junc, /vscratch/grp-songyao/pnfioric/pantry/intermediate/splicing/RS-04096238.junc, /vscratch/grp-songyao/pnfioric/pantry/intermediate/splicing/RS-04096478.junc, /vscratch/grp-songyao/pnfioric/pantry/intermediate/splicing/RS-04104756.junc, /vscratch/grp-songyao/pnfioric/pantry/intermediate/splicing/RS-04104778.junc, /vscratch/grp-songyao/pnfioric/pantry/intermediate/splicing/RS-04120256.junc, /vscratch/grp-songyao/pnfioric/pantry/intermediate/splicing/RS-04124047.junc, /vscratch/grp-songyao/pnfioric/pantry/intermediate/splicing/RS-04124088.junc, /vscratch/grp-songyao/pnfioric/pantry/intermediate/splicing/RS-04128336.junc, /vscratch/grp-songyao/pnfioric/pantry/intermediate/splicing/RS-04128573.junc, /vscratch/grp-songyao/pnfioric/pantry/intermediate/splicing/RS-04128574.junc, /vscratch/grp-songyao/pnfioric/pantry/intermediate/splicing/RS-04147830.junc, /vscratch/grp-songyao/pnfioric/pantry/intermediate/splicing/RS-04147928.junc, /vscratch/grp-songyao/pnfioric/pantry/intermediate/splicing/RS-04151684.junc, /vscratch/grp-songyao/pnfioric/pantry/intermediate/splicing/RS-04151685.junc, /vscratch/grp-songyao/pnfioric/pantry/intermediate/splicing/RS-04152328.junc, /vscratch/grp-songyao/pnfioric/pantry/intermediate/splicing/RS-04153630.junc, /vscratch/grp-songyao/pnfioric/pantry/intermediate/splicing/RS-04164414.junc, /vscratch/grp-songyao/pnfioric/pantry/intermediate/splicing/RS-04165459.junc, /vscratch/grp-songyao/pnfioric/pantry/intermediate/splicing/RS-04178224.junc, /vscratch/grp-songyao/pnfioric/pantry/intermediate/splicing/RS-04187404.junc, /vscratch/grp-songyao/pnfioric/pantry/intermediate/splicing/RS-04190909.junc, /vscratch/grp-songyao/pnfioric/pantry/intermediate/splicing/RS-04199405.junc, /vscratch/grp-songyao/pnfioric/pantry/intermediate/splicing/RS-04208747.junc, /vscratch/grp-songyao/pnfioric/pantry/intermediate/splicing/RS-04208749.junc, /vscratch/grp-songyao/pnfioric/pantry/intermediate/splicing/RS-04211377.junc, /vscratch/grp-songyao/pnfioric/pantry/intermediate/splicing/RS-04212075.junc, /vscratch/grp-songyao/pnfioric/pantry/intermediate/splicing/RS-04212079.junc, /vscratch/grp-songyao/pnfioric/pantry/intermediate/splicing/RS-04212143.junc, /vscratch/grp-songyao/pnfioric/pantry/intermediate/splicing/RS-04215055.junc, /vscratch/grp-songyao/pnfioric/pantry/intermediate/splicing/RS-04215978.junc, /vscratch/grp-songyao/pnfioric/pantry/intermediate/splicing/RS-04215980.junc, /vscratch/grp-songyao/pnfioric/pantry/intermediate/splicing/RS-04218231.junc, /vscratch/grp-songyao/pnfioric/pantry/intermediate/splicing/RS-04218233.junc, /vscratch/grp-songyao/pnfioric/pantry/intermediate/splicing/RS-04218234.junc, /vscratch/grp-songyao/pnfioric/pantry/intermediate/splicing/RS-04221471.junc, /vscratch/grp-songyao/pnfioric/pantry/intermediate/splicing/RS-04224029.junc, /vscratch/grp-songyao/pnfioric/pantry/intermediate/splicing/RS-04233421.junc, /vscratch/grp-songyao/pnfioric/pantry/intermediate/splicing/RS-04234182.junc, /vscratch/grp-songyao/pnfioric/pantry/intermediate/splicing/RS-04235657.junc, /vscratch/grp-songyao/pnfioric/pantry/intermediate/splicing/RS-04237081.junc, /vscratch/grp-songyao/pnfioric/pantry/intermediate/splicing/RS-04238109.junc, /vscratch/grp-songyao/pnfioric/pantry/intermediate/splicing/RS-04238138.junc, /vscratch/grp-songyao/pnfioric/pantry/intermediate/splicing/RS-04239576.junc, /vscratch/grp-songyao/pnfioric/pantry/intermediate/splicing/RS-04240727.junc, /vscratch/grp-songyao/pnfioric/pantry/intermediate/splicing/RS-04240729.junc, /vscratch/grp-songyao/pnfioric/pantry/intermediate/splicing/RS-04240732.junc, /vscratch/grp-songyao/pnfioric/pantry/intermediate/splicing/RS-04241362.junc, /vscratch/grp-songyao/pnfioric/pantry/intermediate/splicing/RS-04246019.junc, /vscratch/grp-songyao/pnfioric/pantry/intermediate/splicing/RS-04247341.junc, /vscratch/grp-songyao/pnfioric/pantry/intermediate/splicing/RS-04247342.junc, /vscratch/grp-songyao/pnfioric/pantry/intermediate/splicing/RS-04251303.junc, /vscratch/grp-songyao/pnfioric/pantry/intermediate/splicing/RS-04251304.junc, /vscratch/grp-songyao/pnfioric/pantry/intermediate/splicing/RS-04252125.junc, /vscratch/grp-songyao/pnfioric/pantry/intermediate/splicing/RS-04256820.junc, /vscratch/grp-songyao/pnfioric/pantry/intermediate/splicing/RS-04262923.junc, /vscratch/grp-songyao/pnfioric/pantry/intermediate/splicing/RS-04262928.junc, /vscratch/grp-songyao/pnfioric/pantry/intermediate/splicing/RS-04266595.junc, /vscratch/grp-songyao/pnfioric/pantry/intermediate/splicing/RS-04267058.junc, /vscratch/grp-songyao/pnfioric/pantry/intermediate/splicing/RS-04267062.junc, /vscratch/grp-songyao/pnfioric/pantry/intermediate/splicing/RS-04367335.junc, /vscratch/grp-songyao/pnfioric/pantry/intermediate/splicing/RS-04367336.junc, /vscratch/grp-songyao/pnfioric/pantry/intermediate/splicing/RS-04367337.junc, /vscratch/grp-songyao/pnfioric/pantry/intermediate/splicing/RS-04367338.junc, /vscratch/grp-songyao/pnfioric/pantry/intermediate/splicing/RS-04367339.junc, /vscratch/grp-songyao/pnfioric/pantry/intermediate/splicing/RS-04367340.junc, /vscratch/grp-songyao/pnfioric/pantry/intermediate/splicing/RS-04367341.junc, /vscratch/grp-songyao/pnfioric/pantry/intermediate/splicing/RS-04367342.junc, /vscratch/grp-songyao/pnfioric/pantry/intermediate/splicing/RS-04367343.junc, /vscratch/grp-songyao/pnfioric/pantry/intermediate/splicing/RS-04367344.junc, /vscratch/grp-songyao/pnfioric/pantry/intermediate/splicing/RS-04367345.junc, /vscratch/grp-songyao/pnfioric/pantry/intermediate/splicing/RS-04367346.junc, /vscratch/grp-songyao/pnfioric/pantry/intermediate/splicing/RS-04367347.junc, /vscratch/grp-songyao/pnfioric/pantry/intermediate/splicing/RS-04367348.junc, /vscratch/grp-songyao/pnfioric/pantry/intermediate/splicing/RS-04367349.junc, /vscratch/grp-songyao/pnfioric/pantry/intermediate/splicing/RS-04367350.junc, /vscratch/grp-songyao/pnfioric/pantry/intermediate/splicing/RS-04367351.junc, /vscratch/grp-songyao/pnfioric/pantry/intermediate/splicing/RS-04367352.junc, /vscratch/grp-songyao/pnfioric/pantry/intermediate/splicing/RS-04367353.junc, /vscratch/grp-songyao/pnfioric/pantry/intermediate/splicing/RS-04367354.junc, /vscratch/grp-songyao/pnfioric/pantry/intermediate/splicing/RS-04367355.junc, /vscratch/grp-songyao/pnfioric/pantry/intermediate/splicing/RS-04367356.junc, /vscratch/grp-songyao/pnfioric/pantry/intermediate/splicing/RS-04367357.junc, /vscratch/grp-songyao/pnfioric/pantry/intermediate/splicing/RS-04367358.junc, /vscratch/grp-songyao/pnfioric/pantry/intermediate/splicing/RS-04367359.junc, /vscratch/grp-songyao/pnfioric/pantry/intermediate/splicing/RS-04367360.junc, /vscratch/grp-songyao/pnfioric/pantry/intermediate/splicing/RS-04367361.junc, /vscratch/grp-songyao/pnfioric/pantry/intermediate/splicing/RS-04367362.junc, /vscratch/grp-songyao/pnfioric/pantry/intermediate/splicing/RS-04367363.junc, /vscratch/grp-songyao/pnfioric/pantry/intermediate/splicing/RS-04367364.junc, /vscratch/grp-songyao/pnfioric/pantry/intermediate/splicing/RS-04367365.junc, /vscratch/grp-songyao/pnfioric/pantry/intermediate/splicing/RS-04367366.junc, /vscratch/grp-songyao/pnfioric/pantry/intermediate/splicing/RS-04367367.junc, /vscratch/grp-songyao/pnfioric/pantry/intermediate/splicing/RS-04367368.junc, /vscratch/grp-songyao/pnfioric/pantry/intermediate/splicing/RS-04367369.junc, /vscratch/grp-songyao/pnfioric/pantry/intermediate/splicing/RS-04367370.junc, /vscratch/grp-songyao/pnfioric/pantry/intermediate/splicing/RS-04367371.junc, /vscratch/grp-songyao/pnfioric/pantry/intermediate/splicing/RS-04367372.junc, /vscratch/grp-songyao/pnfioric/pantry/intermediate/splicing/RS-04367373.junc, /vscratch/grp-songyao/pnfioric/pantry/intermediate/splicing/RS-04367374.junc, /vscratch/grp-songyao/pnfioric/pantry/intermediate/splicing/RS-04367375.junc, /vscratch/grp-songyao/pnfioric/pantry/intermediate/splicing/RS-04367376.junc, /vscratch/grp-songyao/pnfioric/pantry/intermediate/splicing/RS-04367377.junc, /vscratch/grp-songyao/pnfioric/pantry/intermediate/splicing/RS-04367378.junc, /vscratch/grp-songyao/pnfioric/pantry/intermediate/splicing/RS-04367379.junc, /vscratch/grp-songyao/pnfioric/pantry/intermediate/splicing/RS-04367380.junc, /vscratch/grp-songyao/pnfioric/pantry/intermediate/splicing/RS-04367381.junc, /vscratch/grp-songyao/pnfioric/pantry/intermediate/splicing/RS-04367382.junc, /vscratch/grp-songyao/pnfioric/pantry/intermediate/splicing/RS-04367383.junc, /vscratch/grp-songyao/pnfioric/pantry/intermediate/splicing/RS-04367384.junc, /vscratch/grp-songyao/pnfioric/pantry/intermediate/splicing/RS-04367385.junc, /vscratch/grp-songyao/pnfioric/pantry/intermediate/splicing/RS-04367386.junc, /vscratch/grp-songyao/pnfioric/pantry/intermediate/splicing/RS-04367387.junc, /vscratch/grp-songyao/pnfioric/pantry/intermediate/splicing/RS-04367388.junc, /vscratch/grp-songyao/pnfioric/pantry/intermediate/splicing/RS-04367389.junc, /vscratch/grp-songyao/pnfioric/pantry/intermediate/splicing/RS-04367390.junc, /vscratch/grp-songyao/pnfioric/pantry/intermediate/splicing/RS-04367391.junc, /vscratch/grp-songyao/pnfioric/pantry/intermediate/splicing/RS-04367392.junc, /vscratch/grp-songyao/pnfioric/pantry/intermediate/splicing/RS-04367393.junc, /vscratch/grp-songyao/pnfioric/pantry/intermediate/splicing/RS-04367394.junc, /vscratch/grp-songyao/pnfioric/pantry/intermediate/splicing/RS-04367395.junc, /vscratch/grp-songyao/pnfioric/pantry/intermediate/splicing/RS-04367396.junc, /vscratch/grp-songyao/pnfioric/pantry/intermediate/splicing/RS-04367397.junc, /vscratch/grp-songyao/pnfioric/pantry/intermediate/splicing/RS-04367398.junc, /vscratch/grp-songyao/pnfioric/pantry/intermediate/splicing/RS-04367399.junc, /vscratch/grp-songyao/pnfioric/pantry/intermediate/splicing/RS-04367400.junc, /vscratch/grp-songyao/pnfioric/pantry/intermediate/splicing/RS-04367401.junc, /vscratch/grp-songyao/pnfioric/pantry/intermediate/splicing/RS-04367402.junc, /vscratch/grp-songyao/pnfioric/pantry/intermediate/splicing/RS-04367403.junc, /vscratch/grp-songyao/pnfioric/pantry/intermediate/splicing/RS-04367404.junc, /vscratch/grp-songyao/pnfioric/pantry/intermediate/splicing/RS-04367405.junc, /vscratch/grp-songyao/pnfioric/pantry/intermediate/splicing/RS-04367406.junc, /vscratch/grp-songyao/pnfioric/pantry/intermediate/splicing/RS-04367407.junc, /vscratch/grp-songyao/pnfioric/pantry/intermediate/splicing/RS-04367408.junc, /vscratch/grp-songyao/pnfioric/pantry/intermediate/splicing/RS-04367409.junc, /vscratch/grp-songyao/pnfioric/pantry/intermediate/splicing/RS-04367410.junc, /vscratch/grp-songyao/pnfioric/pantry/intermediate/splicing/RS-04367411.junc, /vscratch/grp-songyao/pnfioric/pantry/intermediate/splicing/RS-04367412.junc, /vscratch/grp-songyao/pnfioric/pantry/intermediate/splicing/RS-04367413.junc, /vscratch/grp-songyao/pnfioric/pantry/intermediate/splicing/RS-04367414.junc, /vscratch/grp-songyao/pnfioric/pantry/intermediate/splicing/RS-04367415.junc, /vscratch/grp-songyao/pnfioric/pantry/intermediate/splicing/RS-04367416.junc, /vscratch/grp-songyao/pnfioric/pantry/intermediate/splicing/RS-04367417.junc, /vscratch/grp-songyao/pnfioric/pantry/intermediate/splicing/RS-04367418.junc, /vscratch/grp-songyao/pnfioric/pantry/intermediate/splicing/RS-04367419.junc, /vscratch/grp-songyao/pnfioric/pantry/intermediate/splicing/RS-04367420.junc, /vscratch/grp-songyao/pnfioric/pantry/intermediate/splicing/RS-04367421.junc, /vscratch/grp-songyao/pnfioric/pantry/intermediate/splicing/RS-04367422.junc, /vscratch/grp-songyao/pnfioric/pantry/intermediate/splicing/RS-04367423.junc, /vscratch/grp-songyao/pnfioric/pantry/intermediate/splicing/RS-04367424.junc, /vscratch/grp-songyao/pnfioric/pantry/intermediate/splicing/RS-04367425.junc, /vscratch/grp-songyao/pnfioric/pantry/intermediate/splicing/RS-04367426.junc, /vscratch/grp-songyao/pnfioric/pantry/intermediate/splicing/RS-04367427.junc, /vscratch/grp-songyao/pnfioric/pantry/intermediate/splicing/RS-04367428.junc, /vscratch/grp-songyao/pnfioric/pantry/intermediate/splicing/RS-04367429.junc, /vscratch/grp-songyao/pnfioric/pantry/intermediate/splicing/RS-04367430.junc, /vscratch/grp-songyao/pnfioric/pantry/intermediate/splicing/RS-04367431.junc, /vscratch/grp-songyao/pnfioric/pantry/intermediate/splicing/RS-04367432.junc, /vscratch/grp-songyao/pnfioric/pantry/intermediate/splicing/RS-04367433.junc, /vscratch/grp-songyao/pnfioric/pantry/intermediate/splicing/RS-04367434.junc, /vscratch/grp-songyao/pnfioric/pantry/intermediate/splicing/RS-04367435.junc, /vscratch/grp-songyao/pnfioric/pantry/intermediate/splicing/RS-04367436.junc, /vscratch/grp-songyao/pnfioric/pantry/intermediate/splicing/RS-04367437.junc, /vscratch/grp-songyao/pnfioric/pantry/intermediate/splicing/RS-04367438.junc, /vscratch/grp-songyao/pnfioric/pantry/intermediate/splicing/RS-04367439.junc, /vscratch/grp-songyao/pnfioric/pantry/intermediate/splicing/RS-04367440.junc, /vscratch/grp-songyao/pnfioric/pantry/intermediate/splicing/RS-04367441.junc, /vscratch/grp-songyao/pnfioric/pantry/intermediate/splicing/RS-04367442.junc, /vscratch/grp-songyao/pnfioric/pantry/intermediate/splicing/RS-04367443.junc, /vscratch/grp-songyao/pnfioric/pantry/intermediate/splicing/RS-04367444.junc, /vscratch/grp-songyao/pnfioric/pantry/intermediate/splicing/RS-04367445.junc, /vscratch/grp-songyao/pnfioric/pantry/intermediate/splicing/RS-04367446.junc, /vscratch/grp-songyao/pnfioric/pantry/intermediate/splicing/RS-04367447.junc, /vscratch/grp-songyao/pnfioric/pantry/intermediate/splicing/RS-04367448.junc, /vscratch/grp-songyao/pnfioric/pantry/intermediate/splicing/RS-04367449.junc, /vscratch/grp-songyao/pnfioric/pantry/intermediate/splicing/RS-04367450.junc, /vscratch/grp-songyao/pnfioric/pantry/intermediate/splicing/RS-04367451.junc, /vscratch/grp-songyao/pnfioric/pantry/intermediate/splicing/RS-04367452.junc, /vscratch/grp-songyao/pnfioric/pantry/intermediate/splicing/RS-04367453.junc, /vscratch/grp-songyao/pnfioric/pantry/intermediate/splicing/RS-04367454.junc, /vscratch/grp-songyao/pnfioric/pantry/intermediate/splicing/RS-04367455.junc, /vscratch/grp-songyao/pnfioric/pantry/intermediate/splicing/RS-04367456.junc, /vscratch/grp-songyao/pnfioric/pantry/intermediate/splicing/RS-04367457.junc, /vscratch/grp-songyao/pnfioric/pantry/intermediate/splicing/RS-04367458.junc, /vscratch/grp-songyao/pnfioric/pantry/intermediate/splicing/RS-04367459.junc, /vscratch/grp-songyao/pnfioric/pantry/intermediate/splicing/RS-04367460.junc, /vscratch/grp-songyao/pnfioric/pantry/intermediate/splicing/RS-04367461.junc, /vscratch/grp-songyao/pnfioric/pantry/intermediate/splicing/RS-04367462.junc, /vscratch/grp-songyao/pnfioric/pantry/intermediate/splicing/RS-04367463.junc, /vscratch/grp-songyao/pnfioric/pantry/intermediate/splicing/RS-04367464.junc, /vscratch/grp-songyao/pnfioric/pantry/intermediate/splicing/RS-04367465.junc, /vscratch/grp-songyao/pnfioric/pantry/intermediate/splicing/RS-04367466.junc, /vscratch/grp-songyao/pnfioric/pantry/intermediate/splicing/RS-04367467.junc, /vscratch/grp-songyao/pnfioric/pantry/intermediate/splicing/RS-04367468.junc, /vscratch/grp-songyao/pnfioric/pantry/intermediate/splicing/RS-04367469.junc, /vscratch/grp-songyao/pnfioric/pantry/intermediate/splicing/RS-04367470.junc, /vscratch/grp-songyao/pnfioric/pantry/intermediate/splicing/RS-04367471.junc, /vscratch/grp-songyao/pnfioric/pantry/intermediate/splicing/RS-04367472.junc, /vscratch/grp-songyao/pnfioric/pantry/intermediate/splicing/RS-04367473.junc, /vscratch/grp-songyao/pnfioric/pantry/intermediate/splicing/RS-04367474.junc, /vscratch/grp-songyao/pnfioric/pantry/intermediate/splicing/RS-04367475.junc, /vscratch/grp-songyao/pnfioric/pantry/intermediate/splicing/RS-04367476.junc, /vscratch/grp-songyao/pnfioric/pantry/intermediate/splicing/RS-04367477.junc, /vscratch/grp-songyao/pnfioric/pantry/intermediate/splicing/RS-04367478.junc, /vscratch/grp-songyao/pnfioric/pantry/intermediate/splicing/RS-04367479.junc, /vscratch/grp-songyao/pnfioric/pantry/intermediate/splicing/RS-04367480.junc, /vscratch/grp-songyao/pnfioric/pantry/intermediate/splicing/RS-04367481.junc, /vscratch/grp-songyao/pnfioric/pantry/intermediate/splicing/RS-04367482.junc, /vscratch/grp-songyao/pnfioric/pantry/intermediate/splicing/RS-04367483.junc, /vscratch/grp-songyao/pnfioric/pantry/intermediate/splicing/RS-04367484.junc, /vscratch/grp-songyao/pnfioric/pantry/intermediate/splicing/RS-04367485.junc, /vscratch/grp-songyao/pnfioric/pantry/intermediate/splicing/RS-04367486.junc, /vscratch/grp-songyao/pnfioric/pantry/intermediate/splicing/RS-04367487.junc, /vscratch/grp-songyao/pnfioric/pantry/intermediate/splicing/RS-04367488.junc, /vscratch/grp-songyao/pnfioric/pantry/intermediate/splicing/RS-04367489.junc, /vscratch/grp-songyao/pnfioric/pantry/intermediate/splicing/RS-04367490.junc, /vscratch/grp-songyao/pnfioric/pantry/intermediate/splicing/RS-04367491.junc, /vscratch/grp-songyao/pnfioric/pantry/intermediate/splicing/RS-04367492.junc, /vscratch/grp-songyao/pnfioric/pantry/intermediate/splicing/RS-04367493.junc, /vscratch/grp-songyao/pnfioric/pantry/intermediate/splicing/RS-04367494.junc, /vscratch/grp-songyao/pnfioric/pantry/intermediate/splicing/RS-04367495.junc, /vscratch/grp-songyao/pnfioric/pantry/intermediate/splicing/RS-04367496.junc, /vscratch/grp-songyao/pnfioric/pantry/intermediate/splicing/RS-04367497.junc, /vscratch/grp-songyao/pnfioric/pantry/intermediate/splicing/RS-04367498.junc, /vscratch/grp-songyao/pnfioric/pantry/intermediate/splicing/RS-04367499.junc, /vscratch/grp-songyao/pnfioric/pantry/intermediate/splicing/RS-04367500.junc, /vscratch/grp-songyao/pnfioric/pantry/intermediate/splicing/RS-04367501.junc, /vscratch/grp-songyao/pnfioric/pantry/intermediate/splicing/RS-04367502.junc, /vscratch/grp-songyao/pnfioric/pantry/intermediate/splicing/RS-04367503.junc, /vscratch/grp-songyao/pnfioric/pantry/intermediate/splicing/RS-04367504.junc, /vscratch/grp-songyao/pnfioric/pantry/intermediate/splicing/RS-04367505.junc, /vscratch/grp-songyao/pnfioric/pantry/intermediate/splicing/RS-04367506.junc, /vscratch/grp-songyao/pnfioric/pantry/intermediate/splicing/RS-04367507.junc, /vscratch/grp-songyao/pnfioric/pantry/intermediate/splicing/RS-04367508.junc, /vscratch/grp-songyao/pnfioric/pantry/intermediate/splicing/RS-04367509.junc, /vscratch/grp-songyao/pnfioric/pantry/intermediate/splicing/RS-04367510.junc, /vscratch/grp-songyao/pnfioric/pantry/intermediate/splicing/RS-04367511.junc, /vscratch/grp-songyao/pnfioric/pantry/intermediate/splicing/RS-04367512.junc, /vscratch/grp-songyao/pnfioric/pantry/intermediate/splicing/RS-04367513.junc, /vscratch/grp-songyao/pnfioric/pantry/intermediate/splicing/RS-04367514.junc, /vscratch/grp-songyao/pnfioric/pantry/intermediate/splicing/RS-04367515.junc, /vscratch/grp-songyao/pnfioric/pantry/intermediate/splicing/RS-04367516.junc, /vscratch/grp-songyao/pnfioric/pantry/intermediate/splicing/RS-04367517.junc, /vscratch/grp-songyao/pnfioric/pantry/intermediate/splicing/RS-04367518.junc, /vscratch/grp-songyao/pnfioric/pantry/intermediate/splicing/RS-04367519.junc, /vscratch/grp-songyao/pnfioric/pantry/intermediate/splicing/RS-04367520.junc, /vscratch/grp-songyao/pnfioric/pantry/intermediate/splicing/RS-04367521.junc, /vscratch/grp-songyao/pnfioric/pantry/intermediate/splicing/RS-04367522.junc, /vscratch/grp-songyao/pnfioric/pantry/intermediate/splicing/RS-04367523.junc, /vscratch/grp-songyao/pnfioric/pantry/intermediate/splicing/RS-04367524.junc, /vscratch/grp-songyao/pnfioric/pantry/intermediate/splicing/RS-04367525.junc, /vscratch/grp-songyao/pnfioric/pantry/intermediate/splicing/RS-04367526.junc, /vscratch/grp-songyao/pnfioric/pantry/intermediate/splicing/RS-04378608.junc, /vscratch/grp-songyao/pnfioric/pantry/intermediate/splicing/RS-04378609.junc, /vscratch/grp-songyao/pnfioric/pantry/intermediate/splicing/RS-04378610.junc, /vscratch/grp-songyao/pnfioric/pantry/intermediate/splicing/RS-04378611.junc, /vscratch/grp-songyao/pnfioric/pantry/intermediate/splicing/RS-04378612.junc, /vscratch/grp-songyao/pnfioric/pantry/intermediate/splicing/RS-04378613.junc, /vscratch/grp-songyao/pnfioric/pantry/intermediate/splicing/RS-04378614.junc, /vscratch/grp-songyao/pnfioric/pantry/intermediate/splicing/RS-04378615.junc, /vscratch/grp-songyao/pnfioric/pantry/intermediate/splicing/RS-04378616.junc, /vscratch/grp-songyao/pnfioric/pantry/intermediate/splicing/RS-04378617.junc, /vscratch/grp-songyao/pnfioric/pantry/intermediate/splicing/RS-04378618.junc, /vscratch/grp-songyao/pnfioric/pantry/intermediate/splicing/RS-04378619.junc, /vscratch/grp-songyao/pnfioric/pantry/intermediate/splicing/RS-04378620.junc, /vscratch/grp-songyao/pnfioric/pantry/intermediate/splicing/RS-04378621.junc, /vscratch/grp-songyao/pnfioric/pantry/intermediate/splicing/RS-04378622.junc, /vscratch/grp-songyao/pnfioric/pantry/intermediate/splicing/RS-04378623.junc, /vscratch/grp-songyao/pnfioric/pantry/intermediate/splicing/RS-04378624.junc, /vscratch/grp-songyao/pnfioric/pantry/intermediate/splicing/RS-04378625.junc, /vscratch/grp-songyao/pnfioric/pantry/intermediate/splicing/RS-04378626.junc, /vscratch/grp-songyao/pnfioric/pantry/intermediate/splicing/RS-04378627.junc, /vscratch/grp-songyao/pnfioric/pantry/intermediate/splicing/RS-04378628.junc, /vscratch/grp-songyao/pnfioric/pantry/intermediate/splicing/RS-04378629.junc, /vscratch/grp-songyao/pnfioric/pantry/intermediate/splicing/RS-04378630.junc, /vscratch/grp-songyao/pnfioric/pantry/intermediate/splicing/RS-04378631.junc, /vscratch/grp-songyao/pnfioric/pantry/intermediate/splicing/RS-04378632.junc, /vscratch/grp-songyao/pnfioric/pantry/intermediate/splicing/RS-04378633.junc, /vscratch/grp-songyao/pnfioric/pantry/intermediate/splicing/RS-04378634.junc, /vscratch/grp-songyao/pnfioric/pantry/intermediate/splicing/RS-04378635.junc, /vscratch/grp-songyao/pnfioric/pantry/intermediate/splicing/RS-04378636.junc, /vscratch/grp-songyao/pnfioric/pantry/intermediate/splicing/RS-04378637.junc, /vscratch/grp-songyao/pnfioric/pantry/intermediate/splicing/RS-04378638.junc, /vscratch/grp-songyao/pnfioric/pantry/intermediate/splicing/RS-04378639.junc, /vscratch/grp-songyao/pnfioric/pantry/intermediate/splicing/RS-04378640.junc, /vscratch/grp-songyao/pnfioric/pantry/intermediate/splicing/RS-04378641.junc, /vscratch/grp-songyao/pnfioric/pantry/intermediate/splicing/RS-04378642.junc, /vscratch/grp-songyao/pnfioric/pantry/intermediate/splicing/RS-04378643.junc, /vscratch/grp-songyao/pnfioric/pantry/intermediate/splicing/RS-04378644.junc, /vscratch/grp-songyao/pnfioric/pantry/intermediate/splicing/RS-04378645.junc, /vscratch/grp-songyao/pnfioric/pantry/intermediate/splicing/RS-04378646.junc, /vscratch/grp-songyao/pnfioric/pantry/intermediate/splicing/RS-04378647.junc, /vscratch/grp-songyao/pnfioric/pantry/intermediate/splicing/RS-04378648.junc, /vscratch/grp-songyao/pnfioric/pantry/intermediate/splicing/RS-04378649.junc, /vscratch/grp-songyao/pnfioric/pantry/intermediate/splicing/RS-04378650.junc, /vscratch/grp-songyao/pnfioric/pantry/intermediate/splicing/RS-04378651.junc, /vscratch/grp-songyao/pnfioric/pantry/intermediate/splicing/RS-04378652.junc, /vscratch/grp-songyao/pnfioric/pantry/intermediate/splicing/RS-04378653.junc, /vscratch/grp-songyao/pnfioric/pantry/intermediate/splicing/RS-04378654.junc, /vscratch/grp-songyao/pnfioric/pantry/intermediate/splicing/RS-04378655.junc, /vscratch/grp-songyao/pnfioric/pantry/intermediate/splicing/RS-04378656.junc, /vscratch/grp-songyao/pnfioric/pantry/intermediate/splicing/RS-04378657.junc, /vscratch/grp-songyao/pnfioric/pantry/intermediate/splicing/RS-04378658.junc, /vscratch/grp-songyao/pnfioric/pantry/intermediate/splicing/RS-04378659.junc, /vscratch/grp-songyao/pnfioric/pantry/intermediate/splicing/RS-04378660.junc, /vscratch/grp-songyao/pnfioric/pantry/intermediate/splicing/RS-04378661.junc, /vscratch/grp-songyao/pnfioric/pantry/intermediate/splicing/RS-04378662.junc, /vscratch/grp-songyao/pnfioric/pantry/intermediate/splicing/RS-04378663.junc, /vscratch/grp-songyao/pnfioric/pantry/intermediate/splicing/RS-04378664.junc, /vscratch/grp-songyao/pnfioric/pantry/intermediate/splicing/RS-04378665.junc, /vscratch/grp-songyao/pnfioric/pantry/intermediate/splicing/RS-04378666.junc, /vscratch/grp-songyao/pnfioric/pantry/intermediate/splicing/RS-04378667.junc, /vscratch/grp-songyao/pnfioric/pantry/intermediate/splicing/RS-04378668.junc, /vscratch/grp-songyao/pnfioric/pantry/intermediate/splicing/RS-04378669.junc, /vscratch/grp-songyao/pnfioric/pantry/intermediate/splicing/RS-04378670.junc, /vscratch/grp-songyao/pnfioric/pantry/intermediate/splicing/RS-04378671.junc, /vscratch/grp-songyao/pnfioric/pantry/intermediate/splicing/RS-04378672.junc, /vscratch/grp-songyao/pnfioric/pantry/intermediate/splicing/RS-04378673.junc, /vscratch/grp-songyao/pnfioric/pantry/intermediate/splicing/RS-04378674.junc, /vscratch/grp-songyao/pnfioric/pantry/intermediate/splicing/RS-04378675.junc, /vscratch/grp-songyao/pnfioric/pantry/intermediate/splicing/RS-04378676.junc, /vscratch/grp-songyao/pnfioric/pantry/intermediate/splicing/RS-04378677.junc, /vscratch/grp-songyao/pnfioric/pantry/intermediate/splicing/RS-04378678.junc, /vscratch/grp-songyao/pnfioric/pantry/intermediate/splicing/RS-04378679.junc, /vscratch/grp-songyao/pnfioric/pantry/intermediate/splicing/RS-04378680.junc, /vscratch/grp-songyao/pnfioric/pantry/intermediate/splicing/RS-04378681.junc, /vscratch/grp-songyao/pnfioric/pantry/intermediate/splicing/RS-04378682.junc, /vscratch/grp-songyao/pnfioric/pantry/intermediate/splicing/RS-04378683.junc, /vscratch/grp-songyao/pnfioric/pantry/intermediate/splicing/RS-04378684.junc, /vscratch/grp-songyao/pnfioric/pantry/intermediate/splicing/RS-04378685.junc, /vscratch/grp-songyao/pnfioric/pantry/intermediate/splicing/RS-04378686.junc, /vscratch/grp-songyao/pnfioric/pantry/intermediate/splicing/RS-04378687.junc, /vscratch/grp-songyao/pnfioric/pantry/intermediate/splicing/RS-04378688.junc, /vscratch/grp-songyao/pnfioric/pantry/intermediate/splicing/RS-04378689.junc, /vscratch/grp-songyao/pnfioric/pantry/intermediate/splicing/RS-04378690.junc, /vscratch/grp-songyao/pnfioric/pantry/intermediate/splicing/RS-04378691.junc, /vscratch/grp-songyao/pnfioric/pantry/intermediate/splicing/RS-04378692.junc, /vscratch/grp-songyao/pnfioric/pantry/intermediate/splicing/RS-04378693.junc, /vscratch/grp-songyao/pnfioric/pantry/intermediate/splicing/RS-04378694.junc, /vscratch/grp-songyao/pnfioric/pantry/intermediate/splicing/RS-04378695.junc, /vscratch/grp-songyao/pnfioric/pantry/intermediate/splicing/RS-04378696.junc, /vscratch/grp-songyao/pnfioric/pantry/intermediate/splicing/RS-04378697.junc, /vscratch/grp-songyao/pnfioric/pantry/intermediate/splicing/RS-04378698.junc, /vscratch/grp-songyao/pnfioric/pantry/intermediate/splicing/RS-04378699.junc, /vscratch/grp-songyao/pnfioric/pantry/intermediate/splicing/RS-04378700.junc, /vscratch/grp-songyao/pnfioric/pantry/intermediate/splicing/RS-04378701.junc, /vscratch/grp-songyao/pnfioric/pantry/intermediate/splicing/RS-04378702.junc, /vscratch/grp-songyao/pnfioric/pantry/intermediate/splicing/RS-04378703.junc, /vscratch/grp-songyao/pnfioric/pantry/intermediate/splicing/RS-04378704.junc, /vscratch/grp-songyao/pnfioric/pantry/intermediate/splicing/RS-04378705.junc, /vscratch/grp-songyao/pnfioric/pantry/intermediate/splicing/RS-04378706.junc, /vscratch/grp-songyao/pnfioric/pantry/intermediate/splicing/RS-04378707.junc, /vscratch/grp-songyao/pnfioric/pantry/intermediate/splicing/RS-04378708.junc, /vscratch/grp-songyao/pnfioric/pantry/intermediate/splicing/RS-04378709.junc, /vscratch/grp-songyao/pnfioric/pantry/intermediate/splicing/RS-04378710.junc, /vscratch/grp-songyao/pnfioric/pantry/intermediate/splicing/RS-04378711.junc, /vscratch/grp-songyao/pnfioric/pantry/intermediate/splicing/RS-04378712.junc, /vscratch/grp-songyao/pnfioric/pantry/intermediate/splicing/RS-04378713.junc, /vscratch/grp-songyao/pnfioric/pantry/intermediate/splicing/RS-04378714.junc, /vscratch/grp-songyao/pnfioric/pantry/intermediate/splicing/RS-04378715.junc, /vscratch/grp-songyao/pnfioric/pantry/intermediate/splicing/RS-04378716.junc, /vscratch/grp-songyao/pnfioric/pantry/intermediate/splicing/RS-04378717.junc, /vscratch/grp-songyao/pnfioric/pantry/intermediate/splicing/RS-04378718.junc, /vscratch/grp-songyao/pnfioric/pantry/intermediate/splicing/RS-04378719.junc, /vscratch/grp-songyao/pnfioric/pantry/intermediate/splicing/RS-04378720.junc, /vscratch/grp-songyao/pnfioric/pantry/intermediate/splicing/RS-04378721.junc, /vscratch/grp-songyao/pnfioric/pantry/intermediate/splicing/RS-04378722.junc, /vscratch/grp-songyao/pnfioric/pantry/intermediate/splicing/RS-04378723.junc, /vscratch/grp-songyao/pnfioric/pantry/intermediate/splicing/RS-04378724.junc, /vscratch/grp-songyao/pnfioric/pantry/intermediate/splicing/RS-04378725.junc, /vscratch/grp-songyao/pnfioric/pantry/intermediate/splicing/RS-04378726.junc, /vscratch/grp-songyao/pnfioric/pantry/intermediate/splicing/RS-04378727.junc, /vscratch/grp-songyao/pnfioric/pantry/intermediate/splicing/RS-04378728.junc, /vscratch/grp-songyao/pnfioric/pantry/intermediate/splicing/RS-04378729.junc, /vscratch/grp-songyao/pnfioric/pantry/intermediate/splicing/RS-04378730.junc, /vscratch/grp-songyao/pnfioric/pantry/intermediate/splicing/RS-04378731.junc, /vscratch/grp-songyao/pnfioric/pantry/intermediate/splicing/RS-04378732.junc, /vscratch/grp-songyao/pnfioric/pantry/intermediate/splicing/RS-04378733.junc, /vscratch/grp-songyao/pnfioric/pantry/intermediate/splicing/RS-04378734.junc, /vscratch/grp-songyao/pnfioric/pantry/intermediate/splicing/RS-04378735.junc, /vscratch/grp-songyao/pnfioric/pantry/intermediate/splicing/RS-04378736.junc, /vscratch/grp-songyao/pnfioric/pantry/intermediate/splicing/RS-04378737.junc, /vscratch/grp-songyao/pnfioric/pantry/intermediate/splicing/RS-04378738.junc, /vscratch/grp-songyao/pnfioric/pantry/intermediate/splicing/RS-04378739.junc, /vscratch/grp-songyao/pnfioric/pantry/intermediate/splicing/RS-04378740.junc, /vscratch/grp-songyao/pnfioric/pantry/intermediate/splicing/RS-04378741.junc, /vscratch/grp-songyao/pnfioric/pantry/intermediate/splicing/RS-04378742.junc, /vscratch/grp-songyao/pnfioric/pantry/intermediate/splicing/RS-04378743.junc, /vscratch/grp-songyao/pnfioric/pantry/intermediate/splicing/RS-04378744.junc, /vscratch/grp-songyao/pnfioric/pantry/intermediate/splicing/RS-04378745.junc, /vscratch/grp-songyao/pnfioric/pantry/intermediate/splicing/RS-04378746.junc, /vscratch/grp-songyao/pnfioric/pantry/intermediate/splicing/RS-04378747.junc, /vscratch/grp-songyao/pnfioric/pantry/intermediate/splicing/RS-04378748.junc, /vscratch/grp-songyao/pnfioric/pantry/intermediate/splicing/RS-04378749.junc, /vscratch/grp-songyao/pnfioric/pantry/intermediate/splicing/RS-04378750.junc, /vscratch/grp-songyao/pnfioric/pantry/intermediate/splicing/RS-04378751.junc, /vscratch/grp-songyao/pnfioric/pantry/intermediate/splicing/RS-04378752.junc, /vscratch/grp-songyao/pnfioric/pantry/intermediate/splicing/RS-04378753.junc, /vscratch/grp-songyao/pnfioric/pantry/intermediate/splicing/RS-04378754.junc, /vscratch/grp-songyao/pnfioric/pantry/intermediate/splicing/RS-04378755.junc, /vscratch/grp-songyao/pnfioric/pantry/intermediate/splicing/RS-04378756.junc, /vscratch/grp-songyao/pnfioric/pantry/intermediate/splicing/RS-04378757.junc, /vscratch/grp-songyao/pnfioric/pantry/intermediate/splicing/RS-04378758.junc, /vscratch/grp-songyao/pnfioric/pantry/intermediate/splicing/RS-04378759.junc, /vscratch/grp-songyao/pnfioric/pantry/intermediate/splicing/RS-04378760.junc, /vscratch/grp-songyao/pnfioric/pantry/intermediate/splicing/RS-04378761.junc, /vscratch/grp-songyao/pnfioric/pantry/intermediate/splicing/RS-04378762.junc, /vscratch/grp-songyao/pnfioric/pantry/intermediate/splicing/RS-04378763.junc, /vscratch/grp-songyao/pnfioric/pantry/intermediate/splicing/RS-04378764.junc, /vscratch/grp-songyao/pnfioric/pantry/intermediate/splicing/RS-04378765.junc, /vscratch/grp-songyao/pnfioric/pantry/intermediate/splicing/RS-04378766.junc, /vscratch/grp-songyao/pnfioric/pantry/intermediate/splicing/RS-04378767.junc, /vscratch/grp-songyao/pnfioric/pantry/intermediate/splicing/RS-04378768.junc, /vscratch/grp-songyao/pnfioric/pantry/intermediate/splicing/RS-04378769.junc, /vscratch/grp-songyao/pnfioric/pantry/intermediate/splicing/RS-04378770.junc, /vscratch/grp-songyao/pnfioric/pantry/intermediate/splicing/RS-04378771.junc, /vscratch/grp-songyao/pnfioric/pantry/intermediate/splicing/RS-04378772.junc, /vscratch/grp-songyao/pnfioric/pantry/intermediate/splicing/RS-04378773.junc, /vscratch/grp-songyao/pnfioric/pantry/intermediate/splicing/RS-04378774.junc, /vscratch/grp-songyao/pnfioric/pantry/intermediate/splicing/RS-04378775.junc, /vscratch/grp-songyao/pnfioric/pantry/intermediate/splicing/RS-04378776.junc, /vscratch/grp-songyao/pnfioric/pantry/intermediate/splicing/RS-04378777.junc, /vscratch/grp-songyao/pnfioric/pantry/intermediate/splicing/RS-04378778.junc, /vscratch/grp-songyao/pnfioric/pantry/intermediate/splicing/RS-04378779.junc, /vscratch/grp-songyao/pnfioric/pantry/intermediate/splicing/RS-04378780.junc, /vscratch/grp-songyao/pnfioric/pantry/intermediate/splicing/RS-04378781.junc, /vscratch/grp-songyao/pnfioric/pantry/intermediate/splicing/RS-04378782.junc, /vscratch/grp-songyao/pnfioric/pantry/intermediate/splicing/RS-04378783.junc, /vscratch/grp-songyao/pnfioric/pantry/intermediate/splicing/RS-04378784.junc, /vscratch/grp-songyao/pnfioric/pantry/intermediate/splicing/RS-04378785.junc, /vscratch/grp-songyao/pnfioric/pantry/intermediate/splicing/RS-04378786.junc, /vscratch/grp-songyao/pnfioric/pantry/intermediate/splicing/RS-04378787.junc, /vscratch/grp-songyao/pnfioric/pantry/intermediate/splicing/RS-04378788.junc, /vscratch/grp-songyao/pnfioric/pantry/intermediate/splicing/RS-04378789.junc, /vscratch/grp-songyao/pnfioric/pantry/intermediate/splicing/RS-04378790.junc, /vscratch/grp-songyao/pnfioric/pantry/intermediate/splicing/RS-04378791.junc, /vscratch/grp-songyao/pnfioric/pantry/intermediate/splicing/RS-04378792.junc, /vscratch/grp-songyao/pnfioric/pantry/intermediate/splicing/RS-04378793.junc, /vscratch/grp-songyao/pnfioric/pantry/intermediate/splicing/RS-04378794.junc, /vscratch/grp-songyao/pnfioric/pantry/intermediate/splicing/RS-04378795.junc, /vscratch/grp-songyao/pnfioric/pantry/intermediate/splicing/RS-04378796.junc, /vscratch/grp-songyao/pnfioric/pantry/intermediate/splicing/RS-04378797.junc, /vscratch/grp-songyao/pnfioric/pantry/intermediate/splicing/RS-04378798.junc, /vscratch/grp-songyao/pnfioric/pantry/intermediate/splicing/RS-04378799.junc, /vscratch/grp-songyao/pnfioric/pantry/intermediate/splicing/RS-04396631.junc, /vscratch/grp-songyao/pnfioric/pantry/intermediate/splicing/RS-04396632.junc, /vscratch/grp-songyao/pnfioric/pantry/intermediate/splicing/RS-04396633.junc, /vscratch/grp-songyao/pnfioric/pantry/intermediate/splicing/RS-04396634.junc, /vscratch/grp-songyao/pnfioric/pantry/intermediate/splicing/RS-04396635.junc, /vscratch/grp-songyao/pnfioric/pantry/intermediate/splicing/RS-04396636.junc, /vscratch/grp-songyao/pnfioric/pantry/intermediate/splicing/RS-04396637.junc, /vscratch/grp-songyao/pnfioric/pantry/intermediate/splicing/RS-04396638.junc, /vscratch/grp-songyao/pnfioric/pantry/intermediate/splicing/RS-04396639.junc, /vscratch/grp-songyao/pnfioric/pantry/intermediate/splicing/RS-04396640.junc, /vscratch/grp-songyao/pnfioric/pantry/intermediate/splicing/RS-04396641.junc, /vscratch/grp-songyao/pnfioric/pantry/intermediate/splicing/RS-04396642.junc, /vscratch/grp-songyao/pnfioric/pantry/intermediate/splicing/RS-04396643.junc, /vscratch/grp-songyao/pnfioric/pantry/intermediate/splicing/RS-04396644.junc, /vscratch/grp-songyao/pnfioric/pantry/intermediate/splicing/RS-04396645.junc, /vscratch/grp-songyao/pnfioric/pantry/intermediate/splicing/RS-04396646.junc, /vscratch/grp-songyao/pnfioric/pantry/intermediate/splicing/RS-04396647.junc, /vscratch/grp-songyao/pnfioric/pantry/intermediate/splicing/RS-04396648.junc, /vscratch/grp-songyao/pnfioric/pantry/intermediate/splicing/RS-04396649.junc, /vscratch/grp-songyao/pnfioric/pantry/intermediate/splicing/RS-04396650.junc, /vscratch/grp-songyao/pnfioric/pantry/intermediate/splicing/RS-04396651.junc, /vscratch/grp-songyao/pnfioric/pantry/intermediate/splicing/RS-04396652.junc, /vscratch/grp-songyao/pnfioric/pantry/intermediate/splicing/RS-04396653.junc, /vscratch/grp-songyao/pnfioric/pantry/intermediate/splicing/RS-04396654.junc, /vscratch/grp-songyao/pnfioric/pantry/intermediate/splicing/RS-04396655.junc, /vscratch/grp-songyao/pnfioric/pantry/intermediate/splicing/RS-04396656.junc, /vscratch/grp-songyao/pnfioric/pantry/intermediate/splicing/RS-04396657.junc, /vscratch/grp-songyao/pnfioric/pantry/intermediate/splicing/RS-04396658.junc, /vscratch/grp-songyao/pnfioric/pantry/intermediate/splicing/RS-04396659.junc, /vscratch/grp-songyao/pnfioric/pantry/intermediate/splicing/RS-04396660.junc, /vscratch/grp-songyao/pnfioric/pantry/intermediate/splicing/RS-04396661.junc, /vscratch/grp-songyao/pnfioric/pantry/intermediate/splicing/RS-04396662.junc, /vscratch/grp-songyao/pnfioric/pantry/intermediate/splicing/RS-04396663.junc, /vscratch/grp-songyao/pnfioric/pantry/intermediate/splicing/RS-04396664.junc, /vscratch/grp-songyao/pnfioric/pantry/intermediate/splicing/RS-04396665.junc, /vscratch/grp-songyao/pnfioric/pantry/intermediate/splicing/RS-04396666.junc, /vscratch/grp-songyao/pnfioric/pantry/intermediate/splicing/RS-04396667.junc, /vscratch/grp-songyao/pnfioric/pantry/intermediate/splicing/RS-04396668.junc, /vscratch/grp-songyao/pnfioric/pantry/intermediate/splicing/RS-04396669.junc, /vscratch/grp-songyao/pnfioric/pantry/intermediate/splicing/RS-04396670.junc, /vscratch/grp-songyao/pnfioric/pantry/intermediate/splicing/RS-04396671.junc, /vscratch/grp-songyao/pnfioric/pantry/intermediate/splicing/RS-04396672.junc, /vscratch/grp-songyao/pnfioric/pantry/intermediate/splicing/RS-04396673.junc, /vscratch/grp-songyao/pnfioric/pantry/intermediate/splicing/RS-04396674.junc, /vscratch/grp-songyao/pnfioric/pantry/intermediate/splicing/RS-04396675.junc, /vscratch/grp-songyao/pnfioric/pantry/intermediate/splicing/RS-04396676.junc, /vscratch/grp-songyao/pnfioric/pantry/intermediate/splicing/RS-04396677.junc, /vscratch/grp-songyao/pnfioric/pantry/intermediate/splicing/RS-04396678.junc, /vscratch/grp-songyao/pnfioric/pantry/intermediate/splicing/RS-04396697.junc, /vscratch/grp-songyao/pnfioric/pantry/intermediate/splicing/RS-04396698.junc, /vscratch/grp-songyao/pnfioric/pantry/intermediate/splicing/RS-04396699.junc, /vscratch/grp-songyao/pnfioric/pantry/intermediate/splicing/RS-04396700.junc, /vscratch/grp-songyao/pnfioric/pantry/intermediate/splicing/RS-04396701.junc, /vscratch/grp-songyao/pnfioric/pantry/intermediate/splicing/RS-04396702.junc, /vscratch/grp-songyao/pnfioric/pantry/intermediate/splicing/RS-04396703.junc, /vscratch/grp-songyao/pnfioric/pantry/intermediate/splicing/RS-04396704.junc, /vscratch/grp-songyao/pnfioric/pantry/intermediate/splicing/RS-04396705.junc, /vscratch/grp-songyao/pnfioric/pantry/intermediate/splicing/RS-04396706.junc, /vscratch/grp-songyao/pnfioric/pantry/intermediate/splicing/RS-04396707.junc, /vscratch/grp-songyao/pnfioric/pantry/intermediate/splicing/RS-04396708.junc, /vscratch/grp-songyao/pnfioric/pantry/intermediate/splicing/RS-04396709.junc, /vscratch/grp-songyao/pnfioric/pantry/intermediate/splicing/RS-04396710.junc, /vscratch/grp-songyao/pnfioric/pantry/intermediate/splicing/RS-04396711.junc, /vscratch/grp-songyao/pnfioric/pantry/intermediate/splicing/RS-04396712.junc, /vscratch/grp-songyao/pnfioric/pantry/intermediate/splicing/RS-04396713.junc, /vscratch/grp-songyao/pnfioric/pantry/intermediate/splicing/RS-04396714.junc, /vscratch/grp-songyao/pnfioric/pantry/intermediate/splicing/RS-04396715.junc, /vscratch/grp-songyao/pnfioric/pantry/intermediate/splicing/RS-04396716.junc, /vscratch/grp-songyao/pnfioric/pantry/intermediate/splicing/RS-04396717.junc, /vscratch/grp-songyao/pnfioric/pantry/intermediate/splicing/RS-04396718.junc, /vscratch/grp-songyao/pnfioric/pantry/intermediate/splicing/RS-04396719.junc, /vscratch/grp-songyao/pnfioric/pantry/intermediate/splicing/RS-04396720.junc, /vscratch/grp-songyao/pnfioric/pantry/intermediate/splicing/RS-04396721.junc, /vscratch/grp-songyao/pnfioric/pantry/intermediate/splicing/RS-04396722.junc, /vscratch/grp-songyao/pnfioric/pantry/intermediate/splicing/RS-04396723.junc, /vscratch/grp-songyao/pnfioric/pantry/intermediate/splicing/RS-04396724.junc, /vscratch/grp-songyao/pnfioric/pantry/intermediate/splicing/RS-04396725.junc, /vscratch/grp-songyao/pnfioric/pantry/intermediate/splicing/RS-04396726.junc, /vscratch/grp-songyao/pnfioric/pantry/intermediate/splicing/RS-04396727.junc, /vscratch/grp-songyao/pnfioric/pantry/intermediate/splicing/RS-04396728.junc, /vscratch/grp-songyao/pnfioric/pantry/intermediate/splicing/RS-04396729.junc, /vscratch/grp-songyao/pnfioric/pantry/intermediate/splicing/RS-04396730.junc, /vscratch/grp-songyao/pnfioric/pantry/intermediate/splicing/RS-04396731.junc, /vscratch/grp-songyao/pnfioric/pantry/intermediate/splicing/RS-04396732.junc, /vscratch/grp-songyao/pnfioric/pantry/intermediate/splicing/RS-04396733.junc, /vscratch/grp-songyao/pnfioric/pantry/intermediate/splicing/RS-04396734.junc, /vscratch/grp-songyao/pnfioric/pantry/intermediate/splicing/RS-04396735.junc, /vscratch/grp-songyao/pnfioric/pantry/intermediate/splicing/RS-04396736.junc, /vscratch/grp-songyao/pnfioric/pantry/intermediate/splicing/RS-04396737.junc, /vscratch/grp-songyao/pnfioric/pantry/intermediate/splicing/RS-04396738.junc, /vscratch/grp-songyao/pnfioric/pantry/intermediate/splicing/RS-04396739.junc, /vscratch/grp-songyao/pnfioric/pantry/intermediate/splicing/RS-04396740.junc, /vscratch/grp-songyao/pnfioric/pantry/intermediate/splicing/RS-04396741.junc, /vscratch/grp-songyao/pnfioric/pantry/intermediate/splicing/RS-04396742.junc, /vscratch/grp-songyao/pnfioric/pantry/intermediate/splicing/RS-04396743.junc, /vscratch/grp-songyao/pnfioric/pantry/intermediate/splicing/RS-04396744.junc, /vscratch/grp-songyao/pnfioric/pantry/intermediate/splicing/RS-04396758.junc, /vscratch/grp-songyao/pnfioric/pantry/intermediate/splicing/RS-04396759.junc, /vscratch/grp-songyao/pnfioric/pantry/intermediate/splicing/RS-04396760.junc, /vscratch/grp-songyao/pnfioric/pantry/intermediate/splicing/RS-04396761.junc, /vscratch/grp-songyao/pnfioric/pantry/intermediate/splicing/RS-04396762.junc, /vscratch/grp-songyao/pnfioric/pantry/intermediate/splicing/RS-04396763.junc, /vscratch/grp-songyao/pnfioric/pantry/intermediate/splicing/RS-04396764.junc, /vscratch/grp-songyao/pnfioric/pantry/intermediate/splicing/RS-04396765.junc, /vscratch/grp-songyao/pnfioric/pantry/intermediate/splicing/RS-04396766.junc, /vscratch/grp-songyao/pnfioric/pantry/intermediate/splicing/RS-04396767.junc, /vscratch/grp-songyao/pnfioric/pantry/intermediate/splicing/RS-04396768.junc, /vscratch/grp-songyao/pnfioric/pantry/intermediate/splicing/RS-04396769.junc, /vscratch/grp-songyao/pnfioric/pantry/intermediate/splicing/RS-04396770.junc, /vscratch/grp-songyao/pnfioric/pantry/intermediate/splicing/RS-04396771.junc, /vscratch/grp-songyao/pnfioric/pantry/intermediate/splicing/RS-04396772.junc, /vscratch/grp-songyao/pnfioric/pantry/intermediate/splicing/RS-04396773.junc, /vscratch/grp-songyao/pnfioric/pantry/intermediate/splicing/RS-04396774.junc, /vscratch/grp-songyao/pnfioric/pantry/intermediate/splicing/RS-04396775.junc, /vscratch/grp-songyao/pnfioric/pantry/intermediate/splicing/RS-04396776.junc, /vscratch/grp-songyao/pnfioric/pantry/intermediate/splicing/RS-04396777.junc, /vscratch/grp-songyao/pnfioric/pantry/intermediate/splicing/RS-04396778.junc, /vscratch/grp-songyao/pnfioric/pantry/intermediate/splicing/RS-04396779.junc, /vscratch/grp-songyao/pnfioric/pantry/intermediate/splicing/RS-04396780.junc, /vscratch/grp-songyao/pnfioric/pantry/intermediate/splicing/RS-04396781.junc, /vscratch/grp-songyao/pnfioric/pantry/intermediate/splicing/RS-04396782.junc, /vscratch/grp-songyao/pnfioric/pantry/intermediate/splicing/RS-04396783.junc, /vscratch/grp-songyao/pnfioric/pantry/intermediate/splicing/RS-04396784.junc, /vscratch/grp-songyao/pnfioric/pantry/intermediate/splicing/RS-04396785.junc, /vscratch/grp-songyao/pnfioric/pantry/intermediate/splicing/RS-04396786.junc, /vscratch/grp-songyao/pnfioric/pantry/intermediate/splicing/RS-04396787.junc, /vscratch/grp-songyao/pnfioric/pantry/intermediate/splicing/RS-04396788.junc, /vscratch/grp-songyao/pnfioric/pantry/intermediate/splicing/RS-04396789.junc, /vscratch/grp-songyao/pnfioric/pantry/intermediate/splicing/RS-04396790.junc, /vscratch/grp-songyao/pnfioric/pantry/intermediate/splicing/RS-04396791.junc, /vscratch/grp-songyao/pnfioric/pantry/intermediate/splicing/RS-04396792.junc, /vscratch/grp-songyao/pnfioric/pantry/intermediate/splicing/RS-04396793.junc, /vscratch/grp-songyao/pnfioric/pantry/intermediate/splicing/RS-04396794.junc, /vscratch/grp-songyao/pnfioric/pantry/intermediate/splicing/RS-04396795.junc, /vscratch/grp-songyao/pnfioric/pantry/intermediate/splicing/RS-04396796.junc, /vscratch/grp-songyao/pnfioric/pantry/intermediate/splicing/RS-04396797.junc, /vscratch/grp-songyao/pnfioric/pantry/intermediate/splicing/RS-04396798.junc, /vscratch/grp-songyao/pnfioric/pantry/intermediate/splicing/RS-04396799.junc, /vscratch/grp-songyao/pnfioric/pantry/intermediate/splicing/RS-04396800.junc, /vscratch/grp-songyao/pnfioric/pantry/intermediate/splicing/RS-04396801.junc, /vscratch/grp-songyao/pnfioric/pantry/intermediate/splicing/RS-04396802.junc, /vscratch/grp-songyao/pnfioric/pantry/intermediate/splicing/RS-04396803.junc, /vscratch/grp-songyao/pnfioric/pantry/intermediate/splicing/RS-04396804.junc, /vscratch/grp-songyao/pnfioric/pantry/intermediate/splicing/RS-04396805.junc, /vscratch/grp-songyao/pnfioric/pantry/intermediate/splicing/RS-04396806.junc, /vscratch/grp-songyao/pnfioric/pantry/intermediate/splicing/RS-04396807.junc, /vscratch/grp-songyao/pnfioric/pantry/intermediate/splicing/RS-04396808.junc, /vscratch/grp-songyao/pnfioric/pantry/intermediate/splicing/RS-04396809.junc, /vscratch/grp-songyao/pnfioric/pantry/intermediate/splicing/RS-04396810.junc, /vscratch/grp-songyao/pnfioric/pantry/intermediate/splicing/RS-04396811.junc, /vscratch/grp-songyao/pnfioric/pantry/intermediate/splicing/RS-04396812.junc, /vscratch/grp-songyao/pnfioric/pantry/intermediate/splicing/RS-04396813.junc, /vscratch/grp-songyao/pnfioric/pantry/intermediate/splicing/RS-04396814.junc, /vscratch/grp-songyao/pnfioric/pantry/intermediate/splicing/RS-04396815.junc, /vscratch/grp-songyao/pnfioric/pantry/intermediate/splicing/RS-04396816.junc, /vscratch/grp-songyao/pnfioric/pantry/intermediate/splicing/RS-04396817.junc, /vscratch/grp-songyao/pnfioric/pantry/intermediate/splicing/RS-04396818.junc, /vscratch/grp-songyao/pnfioric/pantry/intermediate/splicing/RS-04396819.junc, /vscratch/grp-songyao/pnfioric/pantry/intermediate/splicing/RS-04396820.junc, /vscratch/grp-songyao/pnfioric/pantry/intermediate/splicing/RS-04396821.junc, /vscratch/grp-songyao/pnfioric/pantry/intermediate/splicing/RS-04396822.junc, /vscratch/grp-songyao/pnfioric/pantry/intermediate/splicing/RS-04396823.junc, /vscratch/grp-songyao/pnfioric/pantry/intermediate/splicing/RS-04396824.junc, /vscratch/grp-songyao/pnfioric/pantry/intermediate/splicing/RS-04396825.junc, /vscratch/grp-songyao/pnfioric/pantry/intermediate/splicing/RS-04396826.junc, /vscratch/grp-songyao/pnfioric/pantry/intermediate/splicing/RS-04396827.junc, /vscratch/grp-songyao/pnfioric/pantry/intermediate/splicing/RS-04396828.junc, /vscratch/grp-songyao/pnfioric/pantry/intermediate/splicing/RS-04396829.junc, /vscratch/grp-songyao/pnfioric/pantry/intermediate/splicing/RS-04396830.junc, /vscratch/grp-songyao/pnfioric/pantry/intermediate/splicing/RS-04396831.junc, /vscratch/grp-songyao/pnfioric/pantry/intermediate/splicing/RS-04396832.junc, /vscratch/grp-songyao/pnfioric/pantry/intermediate/splicing/RS-04396833.junc, /vscratch/grp-songyao/pnfioric/pantry/intermediate/splicing/RS-04396834.junc, /vscratch/grp-songyao/pnfioric/pantry/intermediate/splicing/RS-04396835.junc, /vscratch/grp-songyao/pnfioric/pantry/intermediate/splicing/RS-04396836.junc, /vscratch/grp-songyao/pnfioric/pantry/intermediate/splicing/RS-04396837.junc, /vscratch/grp-songyao/pnfioric/pantry/intermediate/splicing/RS-04396838.junc, /vscratch/grp-songyao/pnfioric/pantry/intermediate/splicing/RS-04396839.junc, /vscratch/grp-songyao/pnfioric/pantry/intermediate/splicing/RS-04396840.junc, /vscratch/grp-songyao/pnfioric/pantry/intermediate/splicing/RS-04396841.junc, /vscratch/grp-songyao/pnfioric/pantry/intermediate/splicing/RS-04396842.junc, /vscratch/grp-songyao/pnfioric/pantry/intermediate/splicing/RS-04396843.junc, /vscratch/grp-songyao/pnfioric/pantry/intermediate/splicing/RS-04396844.junc, /vscratch/grp-songyao/pnfioric/pantry/intermediate/splicing/RS-04396845.junc, /vscratch/grp-songyao/pnfioric/pantry/intermediate/splicing/RS-04396846.junc, /vscratch/grp-songyao/pnfioric/pantry/intermediate/splicing/RS-04396847.junc, /vscratch/grp-songyao/pnfioric/pantry/intermediate/splicing/RS-04396848.junc, /vscratch/grp-songyao/pnfioric/pantry/intermediate/splicing/RS-04396849.junc, /vscratch/grp-songyao/pnfioric/pantry/intermediate/splicing/RS-04396850.junc, /vscratch/grp-songyao/pnfioric/pantry/intermediate/splicing/RS-04396851.junc, /vscratch/grp-songyao/pnfioric/pantry/intermediate/splicing/RS-04396852.junc, /vscratch/grp-songyao/pnfioric/pantry/intermediate/splicing/RS-04396853.junc, /vscratch/grp-songyao/pnfioric/pantry/intermediate/splicing/RS-04430783.junc, /vscratch/grp-songyao/pnfioric/pantry/intermediate/splicing/RS-04430784.junc, /vscratch/grp-songyao/pnfioric/pantry/intermediate/splicing/RS-04430785.junc, /vscratch/grp-songyao/pnfioric/pantry/intermediate/splicing/RS-04430786.junc, /vscratch/grp-songyao/pnfioric/pantry/intermediate/splicing/RS-04430787.junc, /vscratch/grp-songyao/pnfioric/pantry/intermediate/splicing/RS-04430788.junc, /vscratch/grp-songyao/pnfioric/pantry/intermediate/splicing/RS-04430789.junc, /vscratch/grp-songyao/pnfioric/pantry/intermediate/splicing/RS-04430790.junc, /vscratch/grp-songyao/pnfioric/pantry/intermediate/splicing/RS-04430791.junc, /vscratch/grp-songyao/pnfioric/pantry/intermediate/splicing/RS-04430792.junc, /vscratch/grp-songyao/pnfioric/pantry/intermediate/splicing/RS-04430793.junc, /vscratch/grp-songyao/pnfioric/pantry/intermediate/splicing/RS-04430794.junc, /vscratch/grp-songyao/pnfioric/pantry/intermediate/splicing/RS-04430795.junc, /vscratch/grp-songyao/pnfioric/pantry/intermediate/splicing/RS-04430798.junc, /vscratch/grp-songyao/pnfioric/pantry/intermediate/splicing/RS-04430800.junc, /vscratch/grp-songyao/pnfioric/pantry/intermediate/splicing/RS-04430802.junc, /vscratch/grp-songyao/pnfioric/pantry/intermediate/splicing/RS-04430805.junc, /vscratch/grp-songyao/pnfioric/pantry/intermediate/splicing/RS-04430806.junc, /vscratch/grp-songyao/pnfioric/pantry/intermediate/splicing/RS-04430807.junc, /vscratch/grp-songyao/pnfioric/pantry/intermediate/splicing/RS-04430808.junc, /vscratch/grp-songyao/pnfioric/pantry/intermediate/splicing/RS-04430809.junc, /vscratch/grp-songyao/pnfioric/pantry/intermediate/splicing/RS-04430810.junc, /vscratch/grp-songyao/pnfioric/pantry/intermediate/splicing/RS-04430811.junc, /vscratch/grp-songyao/pnfioric/pantry/intermediate/splicing/RS-04430812.junc, /vscratch/grp-songyao/pnfioric/pantry/intermediate/splicing/RS-04430813.junc, /vscratch/grp-songyao/pnfioric/pantry/intermediate/splicing/RS-04430814.junc, /vscratch/grp-songyao/pnfioric/pantry/intermediate/splicing/RS-04430815.junc, /vscratch/grp-songyao/pnfioric/pantry/intermediate/splicing/RS-04430816.junc, /vscratch/grp-songyao/pnfioric/pantry/intermediate/splicing/RS-04430817.junc, /vscratch/grp-songyao/pnfioric/pantry/intermediate/splicing/RS-04430818.junc, /vscratch/grp-songyao/pnfioric/pantry/intermediate/splicing/RS-04430819.junc, /vscratch/grp-songyao/pnfioric/pantry/intermediate/splicing/RS-04430820.junc, /vscratch/grp-songyao/pnfioric/pantry/intermediate/splicing/RS-04430821.junc, /vscratch/grp-songyao/pnfioric/pantry/intermediate/splicing/RS-04430822.junc, /vscratch/grp-songyao/pnfioric/pantry/intermediate/splicing/RS-04430823.junc, /vscratch/grp-songyao/pnfioric/pantry/intermediate/splicing/RS-04430824.junc, /vscratch/grp-songyao/pnfioric/pantry/intermediate/splicing/RS-04430825.junc, /vscratch/grp-songyao/pnfioric/pantry/intermediate/splicing/RS-04430826.junc, /vscratch/grp-songyao/pnfioric/pantry/intermediate/splicing/RS-04430827.junc, /vscratch/grp-songyao/pnfioric/pantry/intermediate/splicing/RS-04430828.junc, /vscratch/grp-songyao/pnfioric/pantry/intermediate/splicing/RS-04430829.junc, /vscratch/grp-songyao/pnfioric/pantry/intermediate/splicing/RS-04430830.junc, /vscratch/grp-songyao/pnfioric/pantry/intermediate/splicing/RS-04430831.junc, /vscratch/grp-songyao/pnfioric/pantry/intermediate/splicing/RS-04430832.junc, /vscratch/grp-songyao/pnfioric/pantry/intermediate/splicing/RS-04430833.junc, /vscratch/grp-songyao/pnfioric/pantry/intermediate/splicing/RS-04430834.junc, /vscratch/grp-songyao/pnfioric/pantry/intermediate/splicing/RS-04430835.junc, /vscratch/grp-songyao/pnfioric/pantry/intermediate/splicing/RS-04430836.junc, /vscratch/grp-songyao/pnfioric/pantry/intermediate/splicing/RS-04430837.junc, /vscratch/grp-songyao/pnfioric/pantry/intermediate/splicing/RS-04430838.junc, /vscratch/grp-songyao/pnfioric/pantry/intermediate/splicing/RS-04430839.junc, /vscratch/grp-songyao/pnfioric/pantry/intermediate/splicing/RS-04430840.junc, /vscratch/grp-songyao/pnfioric/pantry/intermediate/splicing/RS-04430841.junc, /vscratch/grp-songyao/pnfioric/pantry/intermediate/splicing/RS-04430842.junc, /vscratch/grp-songyao/pnfioric/pantry/intermediate/splicing/RS-04430843.junc, /vscratch/grp-songyao/pnfioric/pantry/intermediate/splicing/RS-04430844.junc, /vscratch/grp-songyao/pnfioric/pantry/intermediate/splicing/RS-04430845.junc, /vscratch/grp-songyao/pnfioric/pantry/intermediate/splicing/RS-04430846.junc, /vscratch/grp-songyao/pnfioric/pantry/intermediate/splicing/RS-04430847.junc, /vscratch/grp-songyao/pnfioric/pantry/intermediate/splicing/RS-04430848.junc, /vscratch/grp-songyao/pnfioric/pantry/intermediate/splicing/RS-04430849.junc, /vscratch/grp-songyao/pnfioric/pantry/intermediate/splicing/RS-04430850.junc, /vscratch/grp-songyao/pnfioric/pantry/intermediate/splicing/RS-04430851.junc, /vscratch/grp-songyao/pnfioric/pantry/intermediate/splicing/RS-04430852.junc, /vscratch/grp-songyao/pnfioric/pantry/intermediate/splicing/RS-04430853.junc, /vscratch/grp-songyao/pnfioric/pantry/intermediate/splicing/RS-04430854.junc, /vscratch/grp-songyao/pnfioric/pantry/intermediate/splicing/RS-04430855.junc, /vscratch/grp-songyao/pnfioric/pantry/intermediate/splicing/RS-04430856.junc, /vscratch/grp-songyao/pnfioric/pantry/intermediate/splicing/RS-04430857.junc, /vscratch/grp-songyao/pnfioric/pantry/intermediate/splicing/RS-04430858.junc, /vscratch/grp-songyao/pnfioric/pantry/intermediate/splicing/RS-04430859.junc, /vscratch/grp-songyao/pnfioric/pantry/intermediate/splicing/RS-04430860.junc, /vscratch/grp-songyao/pnfioric/pantry/intermediate/splicing/RS-04430861.junc, /vscratch/grp-songyao/pnfioric/pantry/intermediate/splicing/RS-04430862.junc, /vscratch/grp-songyao/pnfioric/pantry/intermediate/splicing/RS-04430863.junc, /vscratch/grp-songyao/pnfioric/pantry/intermediate/splicing/RS-04430864.junc, /vscratch/grp-songyao/pnfioric/pantry/intermediate/splicing/RS-04430865.junc, /vscratch/grp-songyao/pnfioric/pantry/intermediate/splicing/RS-04430866.junc, /vscratch/grp-songyao/pnfioric/pantry/intermediate/splicing/RS-04430867.junc, /vscratch/grp-songyao/pnfioric/pantry/intermediate/splicing/RS-04430868.junc, /vscratch/grp-songyao/pnfioric/pantry/intermediate/splicing/RS-04430869.junc, /vscratch/grp-songyao/pnfioric/pantry/intermediate/splicing/RS-04430870.junc, /vscratch/grp-songyao/pnfioric/pantry/intermediate/splicing/RS-04430871.junc, /vscratch/grp-songyao/pnfioric/pantry/intermediate/splicing/RS-04430872.junc, /vscratch/grp-songyao/pnfioric/pantry/intermediate/splicing/RS-04430873.junc, /vscratch/grp-songyao/pnfioric/pantry/intermediate/splicing/RS-04430874.junc, /vscratch/grp-songyao/pnfioric/pantry/intermediate/splicing/RS-04430875.junc, /vscratch/grp-songyao/pnfioric/pantry/intermediate/splicing/RS-04430876.junc, /vscratch/grp-songyao/pnfioric/pantry/intermediate/splicing/RS-04430877.junc, /vscratch/grp-songyao/pnfioric/pantry/intermediate/splicing/RS-04430878.junc, /vscratch/grp-songyao/pnfioric/pantry/intermediate/splicing/RS-04430879.junc, /vscratch/grp-songyao/pnfioric/pantry/intermediate/splicing/RS-04430880.junc, /vscratch/grp-songyao/pnfioric/pantry/intermediate/splicing/RS-04430881.junc, /vscratch/grp-songyao/pnfioric/pantry/intermediate/splicing/RS-04430882.junc, /vscratch/grp-songyao/pnfioric/pantry/intermediate/splicing/RS-04430883.junc, /vscratch/grp-songyao/pnfioric/pantry/intermediate/splicing/RS-04430884.junc
    output: /vscratch/grp-songyao/pnfioric/pantry/intermediate/splicing/leafcutter_perind_numers.counts.gz
    jobid: 4453
    reason: Missing output files: /vscratch/grp-songyao/pnfioric/pantry/intermediate/splicing/leafcutter_perind_numers.counts.gz; Input files updated by another job: /vscratch/grp-songyao/pnfioric/pantry/intermediate/splicing/RS-04367484.junc, /vscratch/grp-songyao/pnfioric/pantry/intermediate/splicing/RS-04367397.junc, /vscratch/grp-songyao/pnfioric/pantry/intermediate/splicing/RS-04218234.junc, /vscratch/grp-songyao/pnfioric/pantry/intermediate/splicing/RS-04378759.junc, /vscratch/grp-songyao/pnfioric/pantry/intermediate/splicing/RS-04367515.junc, /vscratch/grp-songyao/pnfioric/pantry/intermediate/splicing/RS-04367396.junc, /vscratch/grp-songyao/pnfioric/pantry/intermediate/splicing/RS-04396807.junc, /vscratch/grp-songyao/pnfioric/pantry/intermediate/splicing/RS-04396767.junc, /vscratch/grp-songyao/pnfioric/pantry/intermediate/splicing/RS-04199405.junc, /vscratch/grp-songyao/pnfioric/pantry/intermediate/splicing/RS-04050572.junc, /vscratch/grp-songyao/pnfioric/pantry/intermediate/splicing/RS-04218233.junc, /vscratch/grp-songyao/pnfioric/pantry/intermediate/splicing/RS-04396637.junc, /vscratch/grp-songyao/pnfioric/pantry/intermediate/splicing/RS-04240729.junc
    resources: mem_mb=16000, disk_mb=22127, tmpdir=<TBD>, runtime=04:00:00, slurm_extra=--qos=general-compute

INFO:snakemake.logging:
Submitted job 4453 with external jobid 'Submitted batch job 24691239'.
WARNING:snakemake.logging:Submitted job 4453 with external jobid 'Submitted batch job 24691239'.
[Mon May 25 16:56:10 2026]
INFO:snakemake.logging:[Mon May 25 16:56:10 2026]
Finished job 7914.
INFO:snakemake.logging:Finished job 7914.
50 of 3642 steps (1%) done
INFO:snakemake.logging:50 of 3642 steps (1%) done
Select jobs to execute...
WARNING:snakemake.logging:Select jobs to execute...

INFO:snakemake.logging:
[Mon May 25 16:56:10 2026]
INFO:snakemake.logging:[Mon May 25 16:56:10 2026]
rule normalize_stability:
    input: output/unnorm/stability.bed, /projects/rpci/songyao/pnfioric/arc_project/pantry/sample_ids.txt
    output: output/stability.bed.gz
    jobid: 7913
    reason: Input files updated by another job: output/unnorm/stability.bed
    resources: mem_mb=16000, disk_mb=1000, tmpdir=<TBD>, runtime=04:00:00, slurm_extra=--qos=general-compute
INFO:snakemake.logging:rule normalize_stability:
    input: output/unnorm/stability.bed, /projects/rpci/songyao/pnfioric/arc_project/pantry/sample_ids.txt
    output: output/stability.bed.gz
    jobid: 7913
    reason: Input files updated by another job: output/unnorm/stability.bed
    resources: mem_mb=16000, disk_mb=1000, tmpdir=<TBD>, runtime=04:00:00, slurm_extra=--qos=general-compute

INFO:snakemake.logging:
Submitted job 7913 with external jobid 'Submitted batch job 24691240'.
WARNING:snakemake.logging:Submitted job 7913 with external jobid 'Submitted batch job 24691240'.
[Mon May 25 19:06:49 2026]
INFO:snakemake.logging:[Mon May 25 19:06:49 2026]
Finished job 7913.
INFO:snakemake.logging:Finished job 7913.
51 of 3642 steps (1%) done
INFO:snakemake.logging:51 of 3642 steps (1%) done
Select jobs to execute...
WARNING:snakemake.logging:Select jobs to execute...

INFO:snakemake.logging:
[Mon May 25 19:06:49 2026]
INFO:snakemake.logging:[Mon May 25 19:06:49 2026]
localrule index_bed:
    input: output/stability.bed.gz
    output: output/stability.bed.gz.tbi
    jobid: 9644
    reason: Input files updated by another job: output/stability.bed.gz
    wildcards: pheno=stability
    resources: mem_mb=1000, disk_mb=1000, tmpdir=/tmp
INFO:snakemake.logging:localrule index_bed:
    input: output/stability.bed.gz
    output: output/stability.bed.gz.tbi
    jobid: 9644
    reason: Input files updated by another job: output/stability.bed.gz
    wildcards: pheno=stability
    resources: mem_mb=1000, disk_mb=1000, tmpdir=/tmp

INFO:snakemake.logging:
[Mon May 25 19:06:49 2026]
INFO:snakemake.logging:[Mon May 25 19:06:49 2026]
Finished job 9644.
INFO:snakemake.logging:Finished job 9644.
52 of 3642 steps (1%) done
INFO:snakemake.logging:52 of 3642 steps (1%) done
[Mon May 25 21:11:29 2026]
INFO:snakemake.logging:[Mon May 25 21:11:29 2026]
Finished job 4453.
INFO:snakemake.logging:Finished job 4453.
53 of 3642 steps (1%) done
INFO:snakemake.logging:53 of 3642 steps (1%) done
Select jobs to execute...
WARNING:snakemake.logging:Select jobs to execute...

INFO:snakemake.logging:
[Mon May 25 21:11:29 2026]
INFO:snakemake.logging:[Mon May 25 21:11:29 2026]
rule assemble_splicing_bed:
    input: /vscratch/grp-songyao/pnfioric/pantry/intermediate/splicing/leafcutter_perind_numers.counts.gz, /projects/rpci/songyao/pnfioric/tils_r01_RNAseq/reference/gencode.v44.fixed.withsource.gtf
    output: output/unnorm/splicing.bed
    jobid: 4452
    reason: Input files updated by another job: /vscratch/grp-songyao/pnfioric/pantry/intermediate/splicing/leafcutter_perind_numers.counts.gz
    resources: mem_mb=64000, disk_mb=3646, tmpdir=<TBD>, runtime=04:00:00, slurm_extra=--qos=general-compute
INFO:snakemake.logging:rule assemble_splicing_bed:
    input: /vscratch/grp-songyao/pnfioric/pantry/intermediate/splicing/leafcutter_perind_numers.counts.gz, /projects/rpci/songyao/pnfioric/tils_r01_RNAseq/reference/gencode.v44.fixed.withsource.gtf
    output: output/unnorm/splicing.bed
    jobid: 4452
    reason: Input files updated by another job: /vscratch/grp-songyao/pnfioric/pantry/intermediate/splicing/leafcutter_perind_numers.counts.gz
    resources: mem_mb=64000, disk_mb=3646, tmpdir=<TBD>, runtime=04:00:00, slurm_extra=--qos=general-compute

INFO:snakemake.logging:
Submitted job 4452 with external jobid 'Submitted batch job 24691543'.
WARNING:snakemake.logging:Submitted job 4452 with external jobid 'Submitted batch job 24691543'.
[Mon May 25 21:23:29 2026]
INFO:snakemake.logging:[Mon May 25 21:23:29 2026]
Finished job 4452.
INFO:snakemake.logging:Finished job 4452.
54 of 3642 steps (1%) done
INFO:snakemake.logging:54 of 3642 steps (1%) done
Select jobs to execute...
WARNING:snakemake.logging:Select jobs to execute...

INFO:snakemake.logging:
[Mon May 25 21:23:29 2026]
INFO:snakemake.logging:[Mon May 25 21:23:29 2026]
rule normalize_splicing:
    input: output/unnorm/splicing.bed, /projects/rpci/songyao/pnfioric/arc_project/pantry/sample_ids.txt
    output: output/splicing.bed.gz
    jobid: 4451
    reason: Input files updated by another job: output/unnorm/splicing.bed
    resources: mem_mb=16000, disk_mb=1000, tmpdir=<TBD>, runtime=04:00:00, slurm_extra=--qos=general-compute
INFO:snakemake.logging:rule normalize_splicing:
    input: output/unnorm/splicing.bed, /projects/rpci/songyao/pnfioric/arc_project/pantry/sample_ids.txt
    output: output/splicing.bed.gz
    jobid: 4451
    reason: Input files updated by another job: output/unnorm/splicing.bed
    resources: mem_mb=16000, disk_mb=1000, tmpdir=<TBD>, runtime=04:00:00, slurm_extra=--qos=general-compute

INFO:snakemake.logging:
Submitted job 4451 with external jobid 'Submitted batch job 24691549'.
WARNING:snakemake.logging:Submitted job 4451 with external jobid 'Submitted batch job 24691549'.
[Mon May 25 21:36:30 2026]
INFO:snakemake.logging:[Mon May 25 21:36:30 2026]
Finished job 4451.
INFO:snakemake.logging:Finished job 4451.
55 of 3642 steps (2%) done
INFO:snakemake.logging:55 of 3642 steps (2%) done
Select jobs to execute...
WARNING:snakemake.logging:Select jobs to execute...

INFO:snakemake.logging:
[Mon May 25 21:36:30 2026]
INFO:snakemake.logging:[Mon May 25 21:36:30 2026]
localrule index_bed:
    input: output/splicing.bed.gz
    output: output/splicing.bed.gz.tbi
    jobid: 7911
    reason: Input files updated by another job: output/splicing.bed.gz
    wildcards: pheno=splicing
    resources: mem_mb=1000, disk_mb=1000, tmpdir=/tmp
INFO:snakemake.logging:localrule index_bed:
    input: output/splicing.bed.gz
    output: output/splicing.bed.gz.tbi
    jobid: 7911
    reason: Input files updated by another job: output/splicing.bed.gz
    wildcards: pheno=splicing
    resources: mem_mb=1000, disk_mb=1000, tmpdir=/tmp

INFO:snakemake.logging:

INFO:snakemake.logging:
[Mon May 25 21:36:30 2026]
INFO:snakemake.logging:[Mon May 25 21:36:30 2026]
localrule splicing_pheno_groups:
    input: output/splicing.bed.gz
    output: output/splicing.phenotype_groups.txt
    jobid: 7912
    reason: Input files updated by another job: output/splicing.bed.gz
    resources: mem_mb=16000, disk_mb=1000, tmpdir=/tmp, runtime=04:00:00, slurm_extra=--qos=general-compute
INFO:snakemake.logging:localrule splicing_pheno_groups:
    input: output/splicing.bed.gz
    output: output/splicing.phenotype_groups.txt
    jobid: 7912
    reason: Input files updated by another job: output/splicing.bed.gz
    resources: mem_mb=16000, disk_mb=1000, tmpdir=/tmp, runtime=04:00:00, slurm_extra=--qos=general-compute

INFO:snakemake.logging:
[Mon May 25 21:36:35 2026]
INFO:snakemake.logging:[Mon May 25 21:36:35 2026]
Finished job 7911.
INFO:snakemake.logging:Finished job 7911.
56 of 3642 steps (2%) done
INFO:snakemake.logging:56 of 3642 steps (2%) done
[Mon May 25 21:36:35 2026]
INFO:snakemake.logging:[Mon May 25 21:36:35 2026]
Finished job 7912.
INFO:snakemake.logging:Finished job 7912.
57 of 3642 steps (2%) done
INFO:snakemake.logging:57 of 3642 steps (2%) done
Will exit after finishing currently running jobs (scheduler).
WARNING:snakemake.logging:Will exit after finishing currently running jobs (scheduler).
